:020000041202E6
:10000000002000203D860212BD86021269580020A1
:10001000AB5800208786021287860212878602125A
:1000200000000000000000000000000087860212AF
:1000300087860212000000008D570020E56303123E
:100040008786021287860212A9070312BB070312D2
:10005000CD070312DF070312F1070312030803128F
:100060001508031227080312878602123986021226
:1000700087860212878602128786021287860212FC
:1000800087860212878602128786021287860212EC
:100090008D14031287860212878602128786021247
:1000A00087860212878602128786021287860212CC
:1000B00087860212878602128786021287860212BC
:1000C00087860212878602128786021287860212AC
:1000D000878602128786021287860212878602129C
:1000E000878602128786021287860212878602128C
:1000F00087860212878602129920031287860212CF
:1001000087860212A9380312190703122B0703125C
:100110003D0703124F07031261070312730703120F
:10012000850703129707031287860212711B0312B9
:10013000992D031295320312C962031287860212A7
:10014000878602128786021287860212696303126B
:10015000878602128786021287860212878602121B
:100160008120031287860212878602128786021276
:100170009B320312AD3A0312A13203128786021298
:1001800087860212878602128786021287860212EB
:1001900019160312878602128786021287860212B8
:1001A00087860212E1620312878602128786021294
:1001B00087860212878602128786021287860212BB
:1001C00087860212878602128786021200000000CC
:1001D000000000000000000000000000000000001F
:1001E000000000000000000000000000000000000F
:1001F00000000000000000000000000000000000FF
:0402000000000000FA
:1002040003F0FCBD024A936E60F31D53936670477E
:1002140000A00C5038B560B1114C6368DBB2072BF9
:100224001AD06368DBB20F2B16D0082801D010282F
:1002340014D100294FF021040CBF20210121094DC4
:100244008440EB6D814023EA04030B43EB651AB150
:1002540041F2883004F000FB002038BD0120FCE7A7
:1002640000B0005000A00C5008B5EFF31083012536
:1002740085F31088022004F00DFA284603F0A2FA50
:100284002A4600210820FFF7C5FF4FF4FA5004F076
:1002940005FB002003F010F8044628B904F06AFABC
:1002A4002946204603F0E6F845F25002094C0A4B71
:1002B40063670A4B1A6323685B0706D523680848FB
:1002C40023F00403236004F0C7FA236843F0040313
:1002D4002360FEE700A00C5015C0500A00B00C507B
:1002E400A0860100044B1A7822B118B1DB780370A0
:1002F4000020704701207047F1820020044B1A78D7
:1003040022B118B15B7B0370002070470120704755
:10031400F182002003280ED8084A52F8203029B16F
:1003240043F0060342F820300020704723F0060310
:1003340043F00403F6E70120704700BF5CB00C50A3
:1003440003289DBF034B53F82000C0F340204FF017
:10035400FF3070475CB00C5003280CD8074B53F89F
:100364002020920707D553F8202061F3000243F8B8
:100374002020002070470120704700BF5CB00C5063
:1003840059B1032809D8064B53F82030002013F044
:10039400020318BF01230B7070470120704700BF90
:1003A4005CB00C50F8B50746002002F085FF002130
:1003B4000446084603F05EF802F0B0FF064602F079
:1003C400B0FF05463846FFF71DFF002004F044FA4D
:1003D400282004F041FA03F007F803F00DF8304642
:1003E40002F0FAFF284602F0FBFF2146002003F04A
:1003F40041F8BDE8F840002004F02EBA70B590F83A
:10040400263004460E4673B102F0A8FC0546204689
:1004140001F09AFD3146204601F04FFD2846BDE823
:10042400704002F09FBC70BD02F04ABB10B50C4690
:1004340002F046FB20B12146BDE81040FFF7DEBFC5
:1004440010BD000008B502F00DFB0A4B1B787BB110
:1004540000280DDB084B03EB401005F039FA38B1E6
:10046400BDE8084040F201220449054805F014BAE9
:1004740008BD00BF808C002020A60020722F002021
:100484006D66002008B502F01BFB18B1BDE80840FA
:1004940001F0FEBC08BD0000034B1B7843FA00F0DA
:1004A40000F00100704700BF1CA6002010B502F048
:1004B400D9FA0F4B04461B78C3B1002816DBC0B22F
:1004C400FFF7EAFF90B14FF0FF3005F0B9F90146AC
:1004D400084800EB441005F0FFF938B1BDE81040BE
:1004E4004FF4F7720449054805F0D6B910BD00BFB2
:1004F400808C002020A60020822F00206D66002022
:10050400F7B5154D2C781CBB144B6F469A881868A8
:100514009B79ADF804208DF80630009002F09EFB24
:1005240001220F4B0F4E28701A70E2B21046FFF7EB
:10053400B3FF40B131328DF8052000230122394642
:10054400304605F0D1F90134052C06F12006ECD132
:10055400287803B0F0BD00BF1CA6002079660020F7
:10056400808C002020A6002008B5FFF7C9FF0020DA
:1005740008BD72745F666C6173685F756E6C6F63DF
:100584006B0072745F666C6173685F6C6F636B00A1
:10059400F0B505460138C0B2FD2808D800240B4F39
:1005A40057F8040B067826B90134062CF8D100203C
:1005B4000BE0AE4205D14678964202D186788E424F
:1005C40001D00830EEE703B11C70F0BD20300020EC
:1005D40007B50DF10703FFF7DBFF064B40B14FF4FE
:1005E40005719DF8072001FB023003B05DF804FBA0
:1005F4001846FAE73832002008B50023FFF7C8FF91
:1006040008B1406808BD4FF40020FBE708B500239B
:10061400FFF7BEFF10B1C07800F0010008BD000074
:1006240080310020E8300020B030002090300020DD
:100634006030002038300020C2253900000000025C
:10064400C225370000008000C2201901000000020A
:1006540025701800000000010000000000000000E8
:10066400204119000000000220401900000000028F
:100674002043190000000002852019010000000237
:1006840085201A01000000040000000000000000A2
:10069400C8601900000000020B40190000000002AD
:1006A400C840190000000002000000000000000023
:1006B400EF60190000000002EF7019010000000251
:1006C400E542190000000002EF401900000000029A
:1006D40068491900000000025E4019000000000291
:1006E40000000000000000008560160100004000CA
:1006F400856017010000800085601801000000017A
:1007040085651801000000018563180100000001DF
:1007140085201701000080008520180100000001D9
:100724002570160000004000EF6018000000000172
:10073400EF401800000000010B60180000000001E9
:100744005E50180000000001A128180000000001FC
:10075400C843180100000001C8401800000000014F
:10076400C8401700000080002040170100008000EE
:10077400CD6018000000000100000000000000002F
:100784008560150100002000856014010000100040
:100794008560130000000800C86014000000100009
:1007A400C860150000002000C8601600000040006A
:1007B400C860170000008000C86018000000000135
:1007C4000B40170000008000F842180000000001F0
:1007D4005E701700000080005E40180000000001F9
:1007E400EF601600000040002040180100000001E6
:1007F40020411800000000012050180000000001F2
:10080400EB60130000001000EB6014000000100007
:100814001C40180000000001684017000000800020
:1008240068401800000000010B401800000000019F
:1008340000000000000000000085601500000300B7
:10084400000000010010000006000000000000008D
:100854000104000000000000000105000100000088
:10086400000001010101000000000001000000007F
:1008740000000000000300010000000201010B0061
:10088400010800000201013B00020800000201010E
:100894006B0003080000020101BB00020000020219
:1008A4000201EB00030400030203019F00010000A6
:1008B4000000000100000000000000000000000033
:1008C4000000000000000000000000000000000024
:1008D4000000000000000000000000000000000014
:1008E400000000000000000000009900000000006B
:1008F4000000016600000000000000013500010056
:10090400000000000150000000000000000102018E
:100914000100000002010132010300000002010194
:1009240000000000000000000000000000000000C3
:10093400000081000000000002010120000000000E
:1009440000020101520000000000020101D8000071
:10095400000000020101600000000000000001002E
:100964000000000000000000000000000000000083
:100974000000000000000000000000000000000073
:100984000000000000000000000000000000000063
:100994000000000000000000000000000000000053
:1009A4000000000000000000000000000000000043
:1009B4000000000000000000000000000000000033
:1009C4000000000000000000000000000000000023
:1009D4000000000000000000000000000000000013
:1009E4000000000000000000000000000000000003
:1009F40000000000000000000000000000000000F3
:100A0400004B000108000002010148000108000039
:100A14000201014201010000000201014400000042
:100A24000000020101B90000000000000001AB0059
:100A340000000000000001ED0007070007020701A5
:100A44005A00010800000201010000000085601640
:100A54000000030000000001001000000600000078
:100A64000000000001040000000000000001050077
:100A7400010000000000010101010000000000016C
:100A8400000000000000000000030001000000025C
:100A940001010B00010800000201013B00020800F3
:100AA400000201016B0003080000020101BB000207
:100AB400000002020201EB00030400030203019F91
:100AC4000001000000000001000000000000000020
:100AD4000000000000000000000000000000000012
:100AE4000000000000000000000000000000000002
:100AF4000000000000000000000000000000990059
:100B04000000000000000166000000000000000179
:100B1400350001000000000001500000000000004A
:100B24000001020101000000020101320103000082
:100B340000020101000000000000000000000000AD
:100B440000000000000081000000000002010120FC
:100B54000000000000020101520000000000020138
:100B640001D8000000000002010160000000000044
:100B74000000010000000000000000000000000070
:100B84000000000000000000000000000000000061
:100B94000000000000000000000000000000000051
:100BA4000000000000000000000000000000000041
:100BB4000000000000000000000000000000000031
:100BC4000000000000000000000000000000000021
:100BD40000000000000000000000000000000031E0
:100BE40001010000000000010000000000000000FE
:100BF40000000000000000000000000000000000F1
:100C040000000000000000000000000000000000E0
:100C140000000000004B0001080000020101480030
:100C2400010800000201014201010000000201016B
:100C3400440000000000020101B9000000000000AF
:100C44000001AB0000000000000001ED00070700F8
:100C5400070207015A000108000002010100000018
:100C640000EF601900000300000000010010000004
:100C74000600000000000000010400000000000065
:100C84000001050001000000000001010101000055
:100C9400000000010000000000000000000300014B
:100CA4000000000201010B00010800000201013BE9
:100CB40000020800000201016B00030800000201A9
:100CC40001BB0002000002020201EB000304000366
:100CD4000203019F00010000000000010000000069
:100CE4000000000000000000000000000000000000
:100CF40000000000000000000000000000000000F0
:100D040000000000000000000000000000000000DF
:100D140000009900000000000000016600000000CF
:100D24000000000135000100000000000150000037
:100D34000000000000010201010000000201013274
:100D44000103000000020101C800010000000000CE
:100D540001C5010100000000000181000000000045
:100D64000201012000000000000201015200000005
:100D74000000020101D8000000000002010160002F
:100D84000000000000000115000100000000000147
:100D9400110101000000000001B700000000000084
:100DA4000001E90000000000000001130001000040
:100DB400000301010C00010800000301016C0003A1
:100DC400080000030101EC00030400030303011203
:100DD40001010000000301013401030000000301CC
:100DE40001210000000000030101DC0000000000FC
:100DF40003010100000000000000000000000000EA
:100E040000000000000000000000000000000000DE
:100E140000000000000000000000000000000000CE
:100E24000000000000000000004B00010800000367
:100E34000101480001080000030101420101000012
:100E440000030101440000000000030101B9000097
:100E5400000000000001AB0000000000000001EDF4
:100E640000070700070307015A00010800000201F8
:100E74000100000000C86019000003000000000128
:100E84000010000006000000000000000104000043
:100E94000000000000010500010000000000010145
:100EA400010100000000000100000000000000003B
:100EB400000300010000000201010B000108000012
:100EC4000201013B00020800000201016B0003085B
:100ED4000000020101BB0002000002020201EB005B
:100EE400030400030203019F00010000000000014D
:100EF40000000000000000000000000000000000EE
:100F040000000000000000000000000000000000DD
:100F140000000000000000000000000000000000CD
:100F240000000000000099000000000000000166BD
:100F34000000000000000001350001000000000076
:100F44000150000000000000000102010100000047
:100F5400020101320103000000020101C800010086
:100F64000000000001C50101000000000001810033
:100F74000000000002010120000000000002010145
:100F8400520000000000020101D80000000000022D
:100F940001016000000000000000011500010000D4
:100FA40000000001110101000000000001B7000071
:100FB400000000000001E90000000000000001033F
:100FC40000010000000301010B00010800000301FF
:100FD400016B0003080000030101EB00030400039C
:100FE40003030102010100000003010132010300B7
:100FF4000000030101200000000000030101D800EB
:1010040000000000030101000000000000000000D7
:1010140000000000000000000000000000000000CC
:1010240000000000000000000000000000000000BC
:10103400000000000000000000000000004B000160
:1010440008000003010148000108000003010142F7
:10105400010100000003010144000000000003013D
:1010640001B90000000000000001AB000000000016
:101074000000010000000000000000005A00010808
:1010840000000201010000000020411900000300DB
:101094000000000100100000060000000000000035
:1010A4000104000000000000000105000100000030
:1010B4000000010101010000000000010000000027
:1010C40000000000000300010000000201010B0009
:1010D400010800000201013B0002080000020101B6
:1010E4006B0003080000020101BB000200000202C1
:1010F4000201EB00030400030203019F000100004E
:1011040000000001000000000000000000000000DA
:1011140000000000000000000000000000000000CB
:1011240000000000000000000000000000000000BB
:101134000000000000000000000099000000000012
:1011440000000166000000000000000135000100FD
:101154000000000001500000000000000001020136
:10116400010000000201013201030000000201013C
:10117400C80001000000000001C5010100000000DA
:1011840000018100000000000201012000000000B5
:1011940000020101520000000000020101D8000019
:1011A40000000002010160000000000000000115C1
:1011B4000001000000000001110101000000000016
:1011C40001B70000000000000001E9000000000079
:1011D4000000011300010000000301010C000108DC
:1011E40000000301016C0003080000030101EC008E
:1011F40003040003030301120101000000030101C1
:101204003401030000000301012100000000000379
:101214000101DC00000000000301013101010000B4
:1012240000000001000000000000000000000000B9
:1012340000000000000000000000000000000000AA
:10124400000000000000000000000000000000009A
:10125400004B0001080000030101480001080000E0
:1012640003010142010100000003010144000000E8
:101274000000030101B90000000000000001AB0000
:101284000000000000000100000000000000000059
:101294005A000108000002010100000000C22539C3
:1012A4000000003C60000000001000000600000088
:1012B400000000000104000000000000000105001F
:1012C4000100000000000101010100000000000114
:1012D4000000000000000000000300010000000204
:1012E40001010B00010800000201013B000208009B
:1012F400000201016B0003080000020101BB0002AF
:10130400000002020201EB00030400030203019F38
:1013140000010000000000010000000000000000C7
:1013240000000000000000000000000000000000B9
:1013340000000000000000000000000000000000A9
:101344000000000000000000000000000000990000
:101354000000000000000166000000000000000121
:101364000000000000000000000000000000000079
:10137400000002010100000002010132010300002B
:1013840000020101C80001000000000001C50101C4
:1013940000000000000181000000000002010120A3
:1013A40000000000000201015200000000000201E0
:1013B40001D80000000000020101600000000000EC
:1013C40000000115000100000000000111010100EE
:1013D4000000000001B70000000000000001E90067
:1013E40000000000000001030001000000030101EF
:1013F4000B00010800000301016B00030800000357
:101404000101EB00030400030303010201010000D6
:101414000003010132010300000003010120000068
:10142400000000030101D8000000000003010100D6
:1014340000000000000000000000000000000000A8
:101444000000000000000000000000000000000098
:101454000000000000000000000000000000000088
:1014640000000000004B0001080000020101000020
:101474000000000000000000000000000000000068
:10148400000000000000000000B90000000000009F
:101494000001AB000000000000000100000000009B
:1014A400000000005A0001080000020101000000D1
:1014B40010B5E0B1D9B100230122436080F82220A5
:1014C4000C6804604A6880F820208A680261CA684F
:1014D40012054261FF22C4F884204FF050240168B1
:1014E4008C6701680A62016818464A6410BD0120CD
:1014F400FCE738B102680020136C23F0FF031943A2
:10150400116470470120704770B5C8B105689DF932
:1015140018609DF91C00AC6C40EAC60040EAC32385
:101524009DF910006FF3140443EA00239DF914009D
:1015340043EA801343EA423242EA81412143A964E7
:1015440070BD40B102680020136C23F47F4343EA6A
:101554000121116470470120704770B5C8B1056856
:101564009DF918609DF91C002C6D40EAC60040EA04
:10157400C3239DF910006FF3140443EA00239DF97B
:10158400140043EA801343EA423242EA8141214390
:10159400296570BD18B103680020596070470120A7
:1015A400704730B103680139C1F313010020596257
:1015B40070470120704708B103681962704718B179
:1015C4000368186900F00100704720B1026853698C
:1015D40043F001035361704738B50D460446A8B182
:1015E4000368DA61C36A0BB10120984723689D61DF
:1015F4002046FFF7E4FF0028FAD02046FFF7E5FF76
:10160400E36A0BB100209847002038BD0120FCE7B5
:1016140028B103685868C04300F0010070470120F6
:10162400704708B103685868704720B10268536D69
:1016340061F38E235365704708B10368D96070471E
:1016440010B10368D868C0B2704770B5E8B10568D6
:101654009DF91C609DF92000AC6A40EAC6009DF922
:1016640010606FF3150440EAC6209DF9146040EA47
:1016740006209DF9186040EA861040EA433343EAA5
:10168400824242EA41512143A96270BD50B10368CC
:101694001A6821B142F0010200201A60704722F05A
:1016A4000102F9E70120704750B103681A6821B1BB
:1016B40042F4001200201A60704722F40012F9E785
:1016C4000120704750B103689A6821B142F01002BA
:1016D40000209A60704722F01002F9E70120704759
:1016E40030B580B10568BDF80C00AC68800640EAEE
:1016F4008353002043EA81416FF39E1441EA82122E
:101704002243AA6030BD0120FCE730B1026800200A
:10171400936861F30203936070470120704750B1EE
:1017240003689A6821B142F0200200209A60704751
:1017340022F02002F9E70120704750B103681A68CB
:1017440021B142F0807200201A60704722F080724A
:10175400F9E70120704750B103681A6821B142F4D7
:10176400000200201A60704722F40002F9E7012009
:10177400704750B103689A6821B142F000420020DA
:101784009A60704722F00042F9E70120704750B197
:1017940003689A6821B142F0080200209A607047F9
:1017A40022F00802F9E70120704740B102680020E6
:1017B400936D23F47F0343EA01419165704701204F
:1017C400704760B100685206836D42EA012123F03C
:1017D400007323F47F43194381650020704701207F
:1017E4007047000010B5F0B10468A06DB1B1022AD1
:1017F40084BF023AD2B213026FF30F0003F4FE4324
:101804000343120654BF43F0806343F0A06343F0E4
:101814000A0323F000730020A36510BD034B0340AB
:1018240043F00073F7E70120F7E700BF0000FFFA79
:1018340030B10268936C23F4783343EA4131916404
:10184400704730B10268136D23F4783343EA4131B1
:101854001165704748B10368D3F8882009B141F491
:1018640080310020C3F8881070470120704718B1F8
:101874000368D3F8880080B270477FB50546002816
:101884003DD0C46801B394F86A30002B37D094F982
:10189400726094F96E3094F96C1094F96D2003968B
:1018A40094F97160029694F97060019694F96F400E
:1018B4000094FFF729FEEB6893F86A102846FFF7B7
:1018C40018FE002004B070BD94F84630BBB194F902
:1018D4004E6094F94A3094F9481094F949200396DB
:1018E40094F94D60029694F94C60019694F94B403A
:1018F4000094FFF709FEEB6893F84610DEE7012039
:10190400E0E77FB50546002836D0C468E1B194F914
:101914006E6194F96A3194F9681194F96921039616
:1019240094F96D61029694F96C61019694F96B4196
:101934000094FFF7E9FDEB6893F866112846FFF77A
:10194400D8FD002004B070BD94F95C6194F958315D
:1019540094F9561194F95721039694F95B61029610
:1019640094F95A61019694F959410094FFF7CCFD1A
:10197400EB6893F85411E1E70120E3E7F0B5C4689C
:101984000646174687B054B3382928D801EBC10559
:101994002C44237C1BB394F918C094F9133094F9A4
:1019A400122094F91110CDF810C094F917C0CDF895
:1019B4000CC094F916C0CDF808C094F915C0CDF840
:1019C40004C094F914400094FFF73FFEF3683A46CC
:1019D4002B443046197CFFF7FFFD07B0F0BD012012
:1019E400FBE7000070B50446002841D0C368002B13
:1019F4003ED000293CD093F893510121CDB3FFF799
:101A0400D0FD002214212046FFF7B8FF2046FFF73F
:101A140008FEC30704D540F267413D4803F040FF88
:101A2400002215212046FFF7A9FF054620B1002218
:101A340020461146FFF7A2FF02212046FFF7AAFD28
:101A440001212046FFF7ADFD00222B212046FFF7A0
:101A540095FF6DB101212046FFF7A3FD002202216D
:101A64002046FFF78BFF2046FFF7D2FD0028F5D074
:101A740070BDFFF796FD2A4602212046FFF77EFF40
:101A84002046FFF7CEFD2A4614212046FFF776FFB5
:101A940010B92046FFF7C5FDE3681B7AABB30121FB
:101AA40003F00F051B0901FA03F3DBB20DB11D4668
:101AB400002300221521204643EA0525FFF75EFF97
:101AC400064620B1002220461146FFF757FF29465B
:101AD4002046FFF75FFD02212046FFF762FD00224A
:101AE40003212046FFF74AFF002EC1D001212046E2
:101AF400FFF757FD002202212046FFF73FFF204653
:101B0400FFF786FD0028F5D0B2E70225D1E700BF34
:101B14000566002038B504460D46FFF763FF2946E5
:101B24002046BDE83840FFF7A8BE38B504460D4648
:101B3400FFF758FF29462046BDE83840FFF7E1BECD
:101B440010B5044640B10268936A6FF3150343F479
:101B5400802343F00103936203212046FFF721FD14
:101B640000229F212046FFF737FD2046FFF759FD4D
:101B740020F07F4010BD70B5044600283ED0C368F5
:101B8400012193F89351002D3BD0FFF70AFD002269
:101B940002212046FFF7F2FE88BB2046FFF741FDF5
:101BA400C0B2E368DD790DB120EA050500221521F4
:101BB4002046FFF7E3FE064620B1002220461146E8
:101BC400FFF7DCFE29462046FFF7E4FC012120460E
:101BD400FFF7E7FC002203212046FFF7CFFE6EB19A
:101BE40001212046FFF7DDFC002202212046FFF7F9
:101BF400C5FE2046FFF70CFD0028F5D070BD00207F
:101C0400CFE7FFF7CEFC2A4602212046FFF7B6FEB7
:101C140000283ED12046FFF704FDC6B2002214215D
:101C24002046FFF7ABFE18B92046FFF7FAFCC5B211
:101C3400E368D97909B126EA01010022204641EA84
:101C440005251521FFF79AFE064620B100222046FD
:101C54001146FFF793FE29462046FFF79BFC02211D
:101C64002046FFF79EFC002203212046FFF786FE54
:101C7400002EC3D001212046FFF793FC002202214D
:101C84002046FFF77BFE2046FFF7C2FC0028F5D074
:101C9400B4E72E46C2E7F8B5044650B30023FF224A
:101CA40001214FF050260568436080F8221080F827
:101CB4002030C5F884200568AE6705682A62056887
:101CC4006A6480F823308360FFF7E0FC2046FFF766
:101CD40037FFC0F30727C0F30745C6B229463A4683
:101CE4003046FEF775FC0146E06020B92046FFF758
:101CF400CDFC01200AE03A4629463046FEF77CFC3A
:101D040000B1606194F823500DB10020F8BD204665
:101D1400FFF731FF6369B3F1807F0DD921212A4692
:101D24002046FFF72BFE94F8201019B92046FFF740
:101D3400FCFEEAE70121F9E794F8201019B92046DE
:101D4400FFF7E8FEE1E70121F9E760B1006850B16F
:101D5400836D090623F0807301F0807123F0FF0383
:101D640011431943816570472DE9F0470E469146AA
:101D74000546002843D0C468ACB1B1F5805F3ED3BA
:101D8400A279120302F580528A4238D3C1F30902C0
:101D9400E17A1A44B2EB012F31D81C469A46002747
:101DA400BAF1000F02DC2046BDE8F087BAF1400F1B
:101DB400D046A8BF4FF0400828464146FFF7F1FB44
:101DC400324632212846FFF7D9FD3B46002FB8BFE3
:101DD400FB1C4FEAA80123F0030201EBA3014A44D0
:101DE40009EB81018A4204D147444644AAEB080A1C
:101DF400D6E72846FFF715FC42F8040BF2E7002467
:101E0400D1E738B50446D0B10368AB211D6815F09D
:101E1400010502BF1A6842F001021A600268936A5F
:101E24006FF3150343F0010393620022FFF7D4FB21
:101E340025B92268136823F00103136038BD01201B
:101E4400FCE700207047000008B5E8B103680F4ABA
:101E540093420CD002F58052934215D1062001F032
:101E64002BFA022805D1BDE8084001F05ABA042033
:101E7400F5E7032803D1BDE8084001F055BA012075
:101E8400BDE8084001F0C0BA002008BD00100450AD
:101E940038B5054608B9002038BDFFF7D1FB044624
:101EA4000028F8D02846FFF7CFFFB0FBF4F0F3E7A3
:101EB40008B1FFF745BEFF2070477FB504460A46C8
:101EC40051B3C56895F8FF31002B3BD090F8203012
:101ED400C3B395F9076295F9022295F9033295F98E
:101EE4000112039695F90662029695F90562019628
:101EF40095F904520095FFF707FBE368204693F831
:101F0400FF11FFF7F6FA0121204694F82520FFF788
:101F140069FC002004B070BDFFF764FC636994F8A9
:101F24002010B3F1807F06D919B92046FFF7E9FCE8
:101F3400EFE70121F9E719B92046FFF79EFCE8E72E
:101F44000121F9E70120E5E730B50546012487B012
:101F540078B104940024224621462346CDE9024464
:101F6400CDE90044FFF771FB224621462846FFF7DE
:101F740033FB204607B030BD10B50446F0B102680B
:101F84001420D2F8943043F00043C2F8943002F0A5
:101F940063FC2368D3F89420D205FBD5D3F89400CE
:101FA400D3F89420C0B222F00042C3F8942094F8ED
:101FB400253023F07F03034384F8253010BD00004F
:101FC4002DE9F8430E4690461F460446002800F0CB
:101FD4009D80002900F09A80FFF76AFA2068FFF7D5
:101FE40030FF3369002184F83430B3680546A363B5
:101FF400F36884F824101B05E363022384F8363065
:102004003369C4F808805A1E5342534184F823307C
:10201400B8F1000F58D0002F56D03B68C8F80030F4
:10202400A368FA685A601022A3689A608022A368A1
:10203400D960A3681A614FF48052A3685961A368F8
:102044009961A368D961A3681A62A3685962C0B18F
:102054006FF07F43984214D0012694F82330002B6C
:102064003DD1002E3DD12046FFF7CBFE304602F095
:10207400F3FB322002F0F0FB2046FFF719FF054680
:102084002FE001212046FFF7D0FA5E4BA2692046DB
:102094009A424FF000028CBF01211146FFF755FE12
:1020A40020469DF82010FFF7C7FA94F835302BB17D
:1020B400012B10D100212046FFF73FFB01212046D0
:1020C400FFF7E4FA0026C8E7002DDED06FF07F4367
:1020D4009D42C1D1D9E7022BF0D10121EBE7002EBB
:1020E400CAD025635FFA85F8C5F30729C5F3074508
:1020F4004A4629464046FEF76BFA0746E06038B97F
:1021040001462046FFF7C2FAC4E90E7701200BE02E
:102114004A4629464046FEF76FFA08B1E06360611B
:1021240094F8233013B10020BDE8F883002E65D164
:102134002046FFF720FD6369B3F1807F30D9324632
:1021440021212046FFF71AFC94F8203053B9314678
:10215400204684F82660FFF7E8FC07212046FFF7B5
:10216400D4FAE0E701212046FFF7DFFC94F826705B
:10217400012FF2D14A4629464046FEF747FA38B1C4
:102184002046FFF7F9FE39462046FFF796FEE4E7BE
:10219400324631462046FFF725FB84F82660DCE70B
:1021A40094F8203033B93146204684F82660FFF78E
:1021B400B1FCB8E701212046FFF7ACFC94F8267087
:1021C400012F15D14A4629464046FEF71FFA38B179
:1021D4002046FFF7D1FE39462046FFF76EFEA2E700
:1021E400324631462046FFF7FDFA84F826609AE726
:1021F400324631462046FFF7F5FA94E784F8263054
:1022040091E700BF00E1F5051FB50190019B114C5A
:102214000BB1206840B9002001F006F90E4BB0FB69
:10222400F3F0019B20609BB1302882BF019B03F136
:10223400FF330193019B5BB10522019B013B4343A7
:10224400B3FBF2F30393039B5A1E0392002BFAD1C0
:1022540004B010BD249A002040420F0070B50E4611
:102264001546044658B302220368DA600268936D87
:1022740023F00073936502680020D2F8943043F091
:102284000043C2F89430FFF7BFFF1420FFF7BCFFF0
:102294002068D0F89430DB05FBD5D0F89430D0F822
:1022A4009420DBB222F00042C0F894205A1E32700F
:1022B40001220020043B2B702368DA6070BD0120EA
:1022C400FCE7000037B514460546002843D0002932
:1022D40041D0FFF7EDF82846E1B2FFF7ADF9284603
:1022E400FFF7D6FD1D4B984230D91D4B98422FD98C
:1022F4001C4B984222D940F2B63440F274431A4A35
:10230400904288BF1C46002201212846FFF71DFD8C
:1023140000212246022328460091FFF7E1F90446F2
:1023240048B906212846FFF7F0F9044618B90121F7
:102334002846FFF7ABF9204603B030BD0B4B4FF4F2
:102344003E749842DFD800221146DEE7B424FAE74F
:102354004FF4BE74F7E70124EDE700BF00366E01C9
:10236400006CDC0200D8B805000E27070087930331
:10237400F0B50E461746054687B0D8B107220024AB
:102384000323CDE903220121CDE90143009423462F
:10239400FFF75BF902212846FFF703F9394628467F
:1023A400FFF7F8F83246C0212846FFF715F9204612
:1023B40007B0F0BD0120FBE72DE9FF410C461646AE
:1023C4001F460546002840D06B46214A10685168D4
:1023D40003C39068D16803C32846E1B2FFF7C9F983
:1023E40007F110036B4413F8088C4FEA48185FFA9E
:1023F40088F80CB304AB03EB560313F8104CA40099
:1024040044F0210464B204F0FD0200212846FFF7E1
:10241400AFFF711E284649B2FFF70AFA424604216B
:102424002846FFF7A5FF791E284649B2FFF709FAA7
:10243400002004B0BDE8F08106F110036B4413F8EA
:10244400104CA40044F00104DCE70120F1E700BFD4
:1024540050540020F0B50E461746054687B0D8B153
:10246400072200240223CDE903220121CDE90143FF
:1024740000942346FFF7E9F804212846FFF791F872
:1024840039462846FFF786F83246C0212846FFF72A
:10249400A3F8204607B0F0BD0120FBE730B50546A0
:1024A40085B0A0B100240721022390F82520CDE9AE
:1024B40002115200CDE9004352B22346FFF724F83B
:1024C40021462846FFF715F8204605B030BD012007
:1024D400FBE730B5054685B090B1072100240223FF
:1024E400CDE90211CDE90043234690F92620FFF7F8
:1024F40034F880212846FFF724F8204605B030BD83
:102504000120FBE7F0B5044687B000283BD090F8E3
:102514002330052B34D0033B012B2ED8012603276F
:102524000023072576B27FB21A4601212046CDE961
:102534000355CDE901570096FFF787F80022FF21E4
:102544002046FFF749F894F82330052B0FD10023D8
:1025540001211A462046CDE90355CDE901570096DD
:10256400FFF773F80022FF212046FFF735F800201B
:1025740002F072F9032002F06FF9002007B0F0BDF9
:1025840003260227CCE70120F8E7000030B5044613
:1025940085B000286ED000296CD0FEF789FF23682F
:1025A4000DF10E020DF10F0120461D68FFF756FED6
:1025B40001212046FFF740F82046FFF769FC2E4B27
:1025C40005F00105984236D8142303218DF80E3006
:1025D4008DF80F3008460023B42284F8251084F8BF
:1025E4002610062100902046FFF77AF8072120469E
:1025F400FFF78BF801212046FFF7C9F89DF80E106C
:102604002046FFF7D2F800229DF80F102046FFF76E
:10261400D8F801212046FFF739F801212046FFF7B9
:1026240043F82DB9154B1B6803F00303032B1DD18D
:10263400002005B030BD124B98420BD903F137731B
:1026440003F5D84398420BD907211420082340F2FC
:102654003252C2E705210E20032340F2B632BCE712
:1026640006211120052340F27442B6E72046FFF705
:1026740049FFDDE70120DCE7016CDC0200000C50BF
:10268400011C4E0EF0B5044685B0002800F096807B
:10269400002900F09380FEF70BFF23680DF10E0272
:1026A4000DF10F0120461E68FFF7D8FD01212046D9
:1026B400FEF7C2FF2046FFF7EBFB414B054698426D
:1026C400404F06F0010650D8142303218DF80E3034
:1026D4008DF80F30B4220023009120460621FEF726
:1026E400FFFF07212046FFF710F801212046FFF7DE
:1026F4004EF89DF80E102046FFF757F800229DF87B
:102704000F102046FFF75DF801212046FFF707F878
:1027140001212046FEF7BAFF01212046FEF7C4FF3F
:102724002EB994F8273013B92046FFF7EBFEBD42CB
:102734003AD9254B9D423CD90622022388253B26C3
:1027440084F82630012184F825202046FFF711F86B
:10275400324600212046FFF77DFE2A46042120460A
:10276400FFF778FE002005B0F0BDB8420DD9164B36
:1027740098420FD903F1377303F5D84398420ED822
:102784001421082340F23252A6E70E21032340F21B
:10279400B632A1E71121052340F274429CE71721C8
:1027A40009234FF4BE6297E7042200230825332649
:1027B400C6E70522002308253726C1E70120D2E712
:1027C400016CDC02011C4E0E01882A1170B50E4604
:1027D4001546044686B0F8B107220323CDE9012348
:1027E4000023CDE9032200930121FEF72EFF314699
:1027F4002046FEF7E0FE02212046FEF7D2FE2946DF
:102804002046FEF7C7FE4FF480326021204606B012
:10281400BDE87040FEF7E0BE06B070BD38B50446B2
:102824000122FFF7B3FE2046FFF732FB154B984217
:102834001FD9154B98421FD903F1F47303F5904344
:1028440098421CD942F28F7541F28F730F4A90421D
:1028540098BF1D4601212046FEF734FF2A46204634
:102864000021FFF7B3FF01212046FEF782FF00207D
:1028740038BD4EF28F75EDE74FF28F75EAE740F2FF
:102884008F75E7E781FE210A01D4650C01882A11BE
:102894001FB560B10721032390F82520CDE900136B
:1028A400013A0023CDE9021152B2FEF72DFE05B024
:1028B4005DF804FB1FB560B10721032390F82620BF
:1028C400CDE90013013A0023CDE9021152B2FEF71B
:1028D40044FE05B05DF804FB2DE9FF470B6904468F
:1028E40080F823300B69033B032B00F28580DFE87B
:1028F40003F0026358792046FFF748FE0322064698
:1029040008212046FFF734FD2046FFF7C1FA4D4B5E
:1029140098425FD903F1A46303F5834398425BD9DA
:1029240003F1377303F5D843984257D9464B98427D
:1029340056D9464B984294BF072500254FF000080E
:1029440007274FF0030A4FEA4509434609F1FF32CE
:1029540039462046CDE90277CDE9008AFEF7D4FD59
:1029640041462046FEF7C5FD43466A1E39462046C9
:10297400CDE90277CDE9008AFEF7EFFD80212046FC
:10298400FEF7DFFD2B464A4601212046FFF714FDE2
:102994004FF6FF712046FEF75DFF304604B0BDE8F8
:1029A400F0872046FFF76EFE2046FFF777FD2046AE
:1029B400FFF78FFD0026EBE72046FFF7E7FD4322F4
:1029C400064608212046FFF7D3FC01212046FEF7E6
:1029D400C2FE99E70325B1E70425AFE70525ADE776
:1029E4000625ABE72046FFF719FF2046FFF750FF07
:1029F4002046FFF75FFFDDE7002603254FF00108BF
:102A040002272046FFF75EFC33460622294620466D
:102A1400CDE90067CDE90258FEF776FDEB212046AB
:102A2400FEF767FD3346324629462046CDE9006766
:102A3400CDE90258FEF791FD38212046FEF781FDCD
:102A44000646A5E70129DE0701EBC9130184D71760
:102A5400000000000102030400000000040206015B
:102A640070470000002310B5084A916B814205D8D5
:102A7400D46B2144814201D958B210BD0133052BD6
:102A840002F14402F1D14FF0FF30F6E7EC97002059
:102A9400064A936B834206D8D26B1344834294BF95
:102AA4000020012070470020704700BFA09500203F
:102AB40003460244934200D1704703F8011BF9E72F
:102AC40038B50546FFF7E4FF044648B92846FFF742
:102AD400C9FF431C06D04422034B02FB003038BD1F
:102AE4000248FCE72046FAE7EC970020A095002076
:102AF4000120704710B50C46C9B12AB9022000F074
:102B040083FCB0FBF4F010BD00F0D6FB02280246B3
:102B140002D100F006FCF4E7012802D100F0FEFB2C
:102B2400EFE7044B0448032A18BF1846E9E70846B0
:102B3400E9E700BF006CDC0200D8B8052DE9F74FC7
:102B4400442400252D4FDFF8C4A004FB00749946EB
:102B5400DAF80030064688469346E56213B1284CFD
:102B6400284BE362D8F80C30202B03D9002003B0A3
:102B7400BDE8F08F86B3012E38D0B9F1010F04BF40
:102B84008F2384F82530DAF8003084F8269043B196
:102B9400FFF7AEFF0122014605460620FFF7AAFF14
:102BA400A0616821184A5B4601FB06222046414683
:102BB4000095FFF705FA0028D8D1DAF80030EDB215
:102BC400A5623BB1442303FB0677A36BFA6B134462
:102BD400A36323610120CAE700F086FF01220546B2
:102BE40001460420FFF786FFA061C6E700F082FFDC
:102BF4003246054601460620F4E700BFEC97002064
:102C0400A095002061540020E49500209C950020AC
:102C14000020704770B50D4C8AB02646442200212E
:102C240005AD0B48FFF744FF0FCE0FC533682B608B
:102C340001AD04F114030FCB85E80F0000232A46ED
:102C440005A90120FFF77AFF0AB070BD34570020B0
:102C540030980020002070470020704700220C4B61
:102C640010B51A60FFF7D4FF041E18BF0124FFF744
:102C7400D1FF08B144F00204FFF7ECFF08B144F0BF
:102C84000404FFF7E9FF08B144F00804204610BD2E
:102C94009C95002010B586B000F026FF302200215C
:102CA40004461748FFF704FF142201A8FFF700FFAA
:102CB400144B0193A3F558335B68C3F30223023B1F
:102CC400042B1AD8104AD35C8B4208BF0623102267
:102CD40005934FF08053CDE9033200F003FF034620
:102CE400591E4B4206484B41224601A980F8273021
:102CF400FFF7F2FD002006B010BD0623E7E700BF92
:102D04006C950020001004502C570020B0F1805F17
:102D140008B502D0B0F1C04F04D10348FFF7B8F8AA
:102D2400400808BD0020FCE76C9500200303050261
:102D34000600000000200450020000000000001201
:102D440020000000000000001C10085000000000DB
:102D54003300000001000000FFF7D8BFEFF310803C
:102D640072B6704780F31088704740BF714A136889
:102D7400012B04D04FF0010313606F4A10606F4AB7
:102D840011606F484FF0805101607047EFF310827B
:102D940072B66848016889B34FF000010160664863
:102DA4000168B1B1EFF309811EF0100F08BF21EDE6
:102DB400108B21E9F00FEFF30B8441F8044D4FF031
:102DC40000041EF0100F08BF012441F8044D0068F0
:102DD40001605A490968096808C910C984F30B8855
:102DE400B1E8F00F002B18BFB1EC108B81F3098808
:102DF4004EF0100E002B18BF2EF0100E82F3108828
:102E04004EF0040E70474F484FF47F01D0F8002075
:102E140041EA02010160704748490860EFF31482F7
:102E240022F0040282F3148843494FF00000086042
:102E340040494FF00100086042484FF47F01D0F848
:102E4400002041EA020101603D484FF080510160D9
:102E54003D480068006800BF80F3088861B662B628
:102E6400704700BF20BF7047EFF308801EF0040FC7
:102E740001D0EFF3098020E9F00FEFF30B8440F861
:102E8400044D40F804ED40F804ED1EF0040F02D0A8
:102E940080F3098801E080F3088800B502F0D4FCCF
:102EA4005DF804EB4EF0040E7047EFF308801EF05B
:102EB400040F01D0EFF3098020E9F00FEFF30B8446
:102EC40040F8044D40F804ED40F804ED1EF0040F02
:102ED40002D080F3098801E080F3088800B502F08D
:102EE400BFFC5DF804EB4EF0040E704710B4EFF332
:102EF400038410B47C4600B500B54DF804CD0FB47E
:102F0400089C2DE9F00FEFF30B8410B400B568466C
:102F140002F082FC01BC10BC84F30B88BDE8F00F06
:102F24000FBC5DF804CB5DF804EB10BC10BC10BC06
:102F34007047000078BC002080BC00207CBC0020CE
:102F440004ED00E020ED00E008ED00E0104A137805
:102F5400FF2B05D10F4B9B68DB4303F00103137078
:102F64000D4A506B4BB10D4B1B681BB90A23B0FBC8
:102F7400F3F070470A4B1B88F9E74FF47A72C0F3F9
:102F84000E03C00B5343504300EBD330704700BFD4
:102F9400508E002000B00C5000000C50CCB5002026
:102FA400C8B5002008B5002A00F05581002900F0BA
:102FB4005281612800F24A81DFE810F062002C019E
:102FC4004801690028016D00240148017100F000E6
:102FD4001C01180148017500480179007D00480171
:102FE400810048014801860013018B009000950080
:102FF400A200A700AC00480148014801B100B60096
:103004000E010901BB00C00048014801C500480188
:103014004801CA004801CF00D400E900F900480182
:1030240048014801480148014801D9000401DE0073
:103034003F01E100E300480148014801E50048017F
:10304400E700480148014801EB00480148014801F4
:103054004801480148014801F200F200F700480124
:10306400480148014801FB004801480100012001D2
:10307400300135013A019A00480102014401F2008D
:1030840000230B6001234FF0A040136008BD002310
:103094000B600223F7E700230B600423F3E700230C
:1030A4000B601023EFE700230B602023EBE70023E2
:1030B4000B604023E7E700230B608023E3E7002352
:1030C4000B604FF48073DEE700230B604FF48063E2
:1030D400D9E700230B604FF40063D4E700230B60AF
:1030E4004FF48053CFE700230B604FF40053CAE73B
:1030F40001230B604FF400134FF080401360C5E7C9
:1031040000230B604FF48043BDE700230B604FF4B2
:103114000043B8E700230B604FF48033B3E7002388
:103124000B604FF40033AEE700230B604FF48023B1
:10313400A9E700230B604FF48013A4E700230B607E
:103144004FF400139FE700230B604FF480039AE7CA
:1031540000230B604FF0007395E700230B604FF0E2
:10316400006390E700230B604FF080538BE700234C
:103174000B604FF0004386E701230B6083E70123D4
:1031840086E7012388E701238AE7012390E70123E7
:1031940096E701230B604FF4007374E701239EE765
:1031A40001230B604FF400236DE70123C2E70123E1
:1031B400CFE701230B604FF4000364E70123C3E767
:1031C4000023F7E700230B604FF4807394E7002398
:1031D4000B604FF480638FE700230B604FF40073A0
:1031E4008AE700230B604FF4004385E700230B605C
:1031F400402381E700230B6020237DE700230B603D
:10320400102379E700230B60082375E700230B6084
:10321400042371E700230B6002236DE700230B6096
:103224004FF4801368E700230B604FF4002363E737
:1032340000230B604FF480235EE700230B604FF400
:10324400803359E700230B60802355E740F24B316C
:10325400024802F025FB002018E700BF3966002071
:1032640007B5134A134902EBC002D1F89C30927897
:10327400022862F30303C1F89C300DF1070011D159
:10328400FDF730F810B10B238DF80730094A9DF88B
:103294000710D2F8943061F30303C2F8943003B0FA
:1032A4005DF804FBFDF72AF80028EFD00D23EBE7C7
:1032B400C464002000A00C504FF0A0430D281A6AEB
:1032C4000DD842F6F173C34013F0010F0CBF012374
:1032D40003238340134023FA00F0C0B27047012354
:1032E400F7E70000012803D002280ED00020704721
:1032F4004FF0A043DB6A63B113F001000AD0064823
:10330400C3F3830303FB000070474FF0A0431B6B20
:10331400F1E71846704700BF00366E010120FFF741
:10332400E1BF0220FFF7DEBF0020704738B5244B11
:10333400A1F1B774A4F558549C423FD8012839D060
:10334400022839D040F2A4611E4802F0A9FA1E4BAB
:103354000020D3F8942091075EBFD3F8942042F064
:103364000202C3F89420D3F89420D2075EBFD3F8A6
:10337400942042F00102C3F89420144A2B68B4FB51
:10338400F2F423F001032B602B6823F4005323F0A1
:103394003C0343EA840343F4805343F001032B606A
:1033A40001F05AFA0A2001F057FA2B68002BFCDAD4
:1033B400002038BD064DCAE7064DC8E70120F8E7EE
:1033C400002A75153966002000B0005000366E01E1
:1033D4002C0000503000005001460120FFF7A6BF2A
:1033E40001460220FFF7A2BF4FF0A042D36A00209B
:1033F40023F00103D36270474FF0A042136B002007
:1034040023F0010313637047012808D14FF0A04350
:103414001B6A03F00303032B01D1FFF77FBF0148AD
:10342400704700BF006CDC02021E08BF012210B509
:103434001046FFF7E9FF012A04460AD0022A10D0F9
:1034440040F274710A4802F02BFA0123B4FBF3F042
:1034540010BD4FF0A0435B6ADBB2012BB8BF012360
:10346400F4E74FF080435B6903F03F03F5E700BFE7
:10347400396600204FF0A04310B50D281B6A18D8F8
:1034840042F6F172C24012F0010F0CBF0122032276
:1034940002FA00F411404FF0A04223EA04038140F1
:1034A4000B43136220B90120FFF7BEFF024B1860E3
:1034B40010BD0122ECE700BF088700200028D8BF18
:1034C400002008B5CCBFFF230346002912DB002AE5
:1034D40043F4E06340EA01200EDA4FF0A0414A6A67
:1034E40022EA030303434B620120FFF79DFF074BCE
:1034F400186008BD002A04DB43F4E04340EA0230CC
:10350400EBE7002BF0D0FF23E7E700BF088700209C
:1035140070B50C46194D0646FFF7A2FE2B69FA203A
:1035240023F004032B6101F097F9302C0DD800210E
:103534000846FFF79FFF302004220021B0FBF4F07F
:10354400FFF7BCFF0024204670BD01F013F90C48BE
:1035540000EBC60043680B48EB616043FFF73CFF98
:1035640004460028EFD1012106220846FFF7A6FFF2
:1035740003212046FFF77EFFE4E700BF00B00050C0
:10358400C464002040420F002DE9F3411F4C204F3A
:1035940004EBC0023B6B9278054662F317534FEA83
:1035A400C0083B630DF107000E46FCF79BFE10B10B
:1035B4000B238DF807309DF8071014F935203025BA
:1035C4000A440021FB6C084662F38503FB64FFF7A1
:1035D40051FF302EB5FBF6F504D940F62B210D48EA
:1035E40002F05EF9042200212846FFF767FFFFF787
:1035F400FBFE01F0CBF84444074B6268DA611A69B8
:1036040042F004021A6102B0BDE8F081C4640020F3
:1036140000A00C503966002000B0005070B5314E47
:10362400054633780C46012B43D9023B012B02D9C2
:103634000125284670BD2C4B53F82120FFF771FE5D
:103644009042F5D8012905D829462046FFF79CFF6A
:10365400002535E000210846FFF70CFF2046FFF760
:10366400FFFDFA2001F0F8F8FFF7BEFE302D0DD86B
:1036740001F08CF800210846FFF7FCFE042200212B
:103684003020B0FBF5F0FFF719FFE1E701F072F825
:1036940016486843FFF7A0FE05460028C8D101215B
:1036A40006220846FFF70AFF03212846FFF7E2FE39
:1036B400CEE7012909D901462046FFF729FF05462F
:1036C4000020347001F0C8F8B3E78B4203D14FF007
:1036D400FF321146D4E790210220FFF719FF00289A
:1036E400A6D1B1E75C870020B464002040420F00FB
:1036F400002808B511DD002926DB012800D139B1E5
:103704003F2343F4E06340EA0120002A0BDA0EE091
:103714000146F5E700200346F3E70029FADA002A18
:103724000CDB0020034643F4E04340EA02304FF050
:1037340080414A6922EA030303434B610220FFF7F5
:1037440073FE024B186008BD3F23DEE708870020A4
:1037540038B5041E08BF012420460D46FFF764FE59
:10376400012C08D0022C0ED00A4840F2957102F0C8
:1037740097F8002006E04FF0A0435B6A3DB1C3F325
:103784000223D84038BD4FF080435B69F6E7C3F3AA
:103794000233F6E7396600204FF080431A6842F49A
:1037A40080221A601A685203FCD51A6822F4802217
:1037B4001A607047024A136823F0040313607047C9
:1037C40000000440134A1368590721D411680028E3
:1037D4000CBF01234FF0FF3341F0040111604FF09F
:1037E400804243F48013136011680029FCD0094A15
:1037F400116CC80606D5116C41F002011164116CFC
:10380400C906FCD44FF080410A6822EA03030B6026
:10381400704700BF0000044007B56A4601A9FFF7DE
:10382400C1FBB0F1A04F0FD1019B13B1012B11D1FA
:103834000C480368009A13430360036823EA0203F5
:10384400036003B05DF804FBB0F1804F02D1019B2B
:10385400002BEED040F62C01034803B05DF804EBD6
:1038640002F01EB8040000503966002007B56A460D
:1038740001A9FFF797FBB0F1A04F05D1019B83B1DC
:10388400012B06D10F4B0DE0B0F1804F01D1019B0C
:10389400B3B140F64B010C4803B05DF804EB01F002
:1038A400FFBF0A4BEFF31081012282F310881A68DC
:1038B400009802431A6081F3108803B05DF804FB9A
:1038C400034BEFE70C00005039660020080000505D
:1038D4000400004007B56A4601A9FFF763FBB0F195
:1038E400A04F05D1019B83B1012B06D1104B0DE0F4
:1038F400B0F1804F01D1019BBBB140F668010D4886
:1039040003B05DF804EB01F0CBBF0B4BEFF3108178
:10391400012282F310881A68009822EA00021A60D1
:1039240081F3108803B05DF804FB044BEEE700BF9D
:103934000C000050396600200800005004000040CC
:103944002DE9F8432A4B1B69002B4EDA4FF0A045B2
:103954006B6B4FF00B096FF30F036FEA93336FEA4E
:1039640083334FF400744FF48078224E6B63736F8B
:10397400214F43F4C0037367736F43F0406373676D
:1039840047F6E073726F03EA44133A4013437367D4
:10399400032000F061FF6B6B43F080436B636B6B40
:1039A400002BFCDAA96BAA6B6B6B90B223F08043FB
:1039B400B0EB114F6B634FEA114335BF1B1AC01AAA
:1039C4004444A4EB080435BF98B280B2A4B2A4B2B4
:1039D4003F2804D9B9F101094FEA5808D0D1A028E9
:1039E40094BF00200120BDE8F8830120FBE700BF5D
:1039F40000000C5000A00C501F80FFFF0028D6BF11
:103A04000020FF230346002910DB090201F4E061D2
:103A1400002A43F4E06340EA010009DA4FF0A041D0
:103A24004A6C22EA030303434B647047002A09DB10
:103A3400002A08BF0122120302F4E04243F4E043E7
:103A44001043EBE7002BF0D0FF23E7E74FF0A04350
:103A54005A6C22F480225A645A6C61F311425A64FB
:103A6400704708B50F20FFF735FF0D20FFF732FF31
:103A740001200021FFF7EAFF02460C20FFF7BEFFFA
:103A840000210C20FFF7F6FC01F01AFF08BDF02816
:103A94000DD8902807D8302807D8182894BF0021BB
:103AA4000121FFF7BBBD0321FBE70221F9E7012058
:103AB40070470000000000000000000000882A1188
:103AC40000882A11FB06090030031000FD080A00D3
:103AD40031031100000B0D0013021300020D0F003F
:103AE4001302130000207047014B1888704700BF71
:103AF40002870020014B1888704700BF0087002010
:103B04000048704700E00012443A5C5369466C690F
:103B14005C5369466C692D53444B5C76322E342ECB
:103B2400365C637573746F6D65725C626F61726429
:103B3400735C736633326C6235322D6E616E6F5F07
:103B4400626173655C6273705F696E69742E630091
:103B5400443A5C5369466C695C5369466C692D53FD
:103B6400444B5C76322E342E365C637573746F6D01
:103B740065725C626F617264735C736633326C622B
:103B840035322D6E616E6F5F626173655C62737056
:103B94005F70696E6D75782E6300443A5C536946B4
:103BA4006C695C5369466C692D53444B5C76322EC8
:103BB400342E365C647269766572735C68616C5C21
:103BC4006266305F68616C5F6770696F2E63004482
:103BD4003A5C5369466C695C5369466C692D53447D
:103BE4004B5C76322E342E365C6472697665727361
:103BF4005C68616C5C6266305F68616C5F687061B0
:103C04006F6E2E6300443A5C5369466C695C536979
:103C1400466C692D53444B5C76322E342E365C64EC
:103C24007269766572735C68616C5C6266305F6849
:103C3400616C5F6D70692E6300443A5C5369466C35
:103C4400695C5369466C692D53444B5C76322E345F
:103C54002E365C647269766572735C68616C5C6252
:103C640066305F68616C5F7263632E630052545FF9
:103C7400454F4B203D3D207200666C6173683100F6
:103C840038B50020FFF718FB044628B900F072FD90
:103C940001212046FFF7EEFB01210C20FFF7EAFB90
:103CA400FFF720FF012863D0022000F0F3FC01207D
:103CB400FFF788FD01F0BCFD00F07EFD012001F05E
:103CC400CBFD022001F0B8FD424B434A0120C3F86A
:103CD400902001F0EDFD01F003FE01F0A1FD18B10B
:103CE40095213E4801F0DCFD3D4A3E48936843F08F
:103CF4000103936001F098FD4FF08042136943F093
:103D040010031361EFF31085012383F31088364CFD
:103D140023781BB9A221314801F0C2FD2378013B6D
:103D2400DBB2237023B9314AD36A23F00103D3628F
:103D340085F310882A4B9C6814F0010418D101F013
:103D440093FD64222146C82001F092FD01F098FD04
:103D54004FF41652B0FBF2F04FF47A72B2FBF0F269
:103D64001C4901320B6F23F47C7343EA02130B6783
:103D740002240425F020FFF78AFE1D48FFF730FBDC
:103D8400002000F069FD1B4B1C801B4B1D80FCF7C1
:103D940037FA21462846FFF76DFB01220020114621
:103DA400FCF738FAFEF776FF21460620FFF762FBA0
:103DB400FFF798FE012808D10C4A136B23F0010386
:103DC4001363BDE83840FEF725BFBDE83840FCF773
:103DD40097BB00BF00A00C5000E20400086500205F
:103DE40000B00C5000B00040F082002000000C50E5
:103DF40000882A11028700200087002008B500F0FF
:103E04006FF8BDE80840012000F0CFB9704710B545
:103E14000123044610220921022000F0A5FE0123FB
:103E240010220A21032000F09FFE012310220B21FF
:103E3400042000F099FE012310220C21052000F03B
:103E440093FE012310220D21092000F08DFE012391
:103E540010220E210A2000F087FE012310220F21D8
:103E64000B2000F081FE1022012311460C2000F0EB
:103E74007BFE012300221946082000F075FE012371
:103E840000220321062000F06FFE022C4FF00103F4
:103E940010D0042C21D0102206210D2000F064FE45
:103EA4000121084600F0A4FFBDE8104001210720CD
:103EB40000F09EBF10220421184600F055FE012395
:103EC400102205210D2000F04FFE2146BDE81040D0
:103ED40001230022072000F047BE0022DCE7000097
:103EE40010B59F4B5B6813F4E06FC3F3022459D100
:103EF400012322460321022000F036FE012322463C
:103F040019460A2000F030FE01231022092108205E
:103F140000F02AFE012310220A21032000F024FECF
:103F2400012322460C210B2000F01EFEFFF7DAFDD0
:103F3400012803D19F218B4801F0B2FC0123002208
:103F440019211E2000F010FE012300221B211A203B
:103F540000F00AFE0123102221211D2000F004FE9E
:103F64000123102222211B2000F0FEFD0123302218
:103F740023211C2000F0F8FD0123302224211F20DE
:103F840000F0F2FD0123302240F22111212000F043
:103F9400EBFDBDE81040012330224FF49071202046
:103FA40000F0E2BD012C40D123460022032105206C
:103FB40000F0DAFD2346002221460A2000F0D4FD59
:103FC4002346102209210C2000F0CEFD23461022A6
:103FD4000A21032000F0C8FD234630220B2120468D
:103FE40000F0C2FD234630220C21092000F0BCFD64
:103FF4002146022000F0FCFE2146042000F0F8FED9
:104004002146062000F0F4FE2146072000F0F0FED1
:104014002146082000F0ECFE21460B2000F0E8FECB
:1040240001210D2000F0E4FE88E7023C042C00F29C
:104034008D80DFE804F046443E0342000123002261
:1040440019460A2000F090FD0123002203210920D3
:1040540000F08AFD012310220921062000F084FDCE
:10406400012310220A21082000F07EFD01233022C2
:104074000B21072000F078FD012330220C210B20B6
:1040840000F072FD0121084600F0B2FE0121022079
:1040940000F0AEFE0121032000F0AAFE012104205D
:1040A40000F0A6FE0121052000F0A2FE01210C2053
:1040B400B4E70220FFF7ABFE40E70420FAE7012053
:1040C400F8E7012310220921022000F04DFD01230D
:1040D40010220A21032000F047FD012310220B21A6
:1040E400042000F041FD012310220C21052000F0E2
:1040F4003BFD012310220D21062000F035FD012394
:1041040010220E21072000F02FFD012310220F2181
:10411400082000F029FD102201231146092000F097
:1041240023FD0123102206210A2000F01DFD012396
:10413400002219460B2000F017FD03210123002261
:104144000C2000F011FD0121084667E7002401342A
:104154000121204600F04CFE0D2CF8D1EEE600BF04
:1041640000B00050506500207FB50B4B0B4C05464A
:10417400002A18BF1C4601230E46CDE90103002383
:10418400204601A9039300F02FF82046F2B2A9B209
:1041940000F02EF904B070BD00000A500000084081
:1041A40001220B201146FFF7DFBF08B5FFF7F8FF28
:1041B40008BD000008B50A4B984214BF4023602391
:1041C4008B4206D901F01F034909138000EBC1108B
:1041D40008BD044840F27E3101F062FB0020F7E79D
:1041E40000000A509A65002037B50C46054618B9F8
:1041F400DC21484801F054FB6368012B14D9112BCE
:1042040012D0454A23F4001191420DD002F58012D8
:10421400934209D023F4801302F50012934203D091
:10422400DD213C4801F03CFBA368022B03D9DE21CD
:10423400384801F035FB284621880DF10602FFF7C6
:10424400B9FF034690B101226168BDF80600012957
:1042540002FA00F20CD1596A11435962996D114363
:104264009965DA64DA65DA639A645A6103B030BD39
:1042740011290CD1596A11435962996D11439965F9
:10428400DA64DA65DA601A639A635A64EEE759B954
:10429400596A11435962996D11439965DA64DA6573
:1042A400DA639A649A61E1E79A6161681A4CA142FF
:1042B40011D1D96A1143D9629A639A6401221749C8
:1042C40082408D420BBF196A596D0A430A430CBFE1
:1042D4001A625A65CAE7124CA14204D1D96A114341
:1042E400D962DA6306E00F4CA14205D1D96A1143C1
:1042F400D9629A635A64E1E70B4CA14203D1196B6A
:1043040011431963D8E7094CA142D7D1196B114362
:104314001963E6E79A6500200000111000000A50B6
:104324000000211000003110000041100000511065
:1043340037B50D46044620B940F251110E4801F03C
:10434400AFFA20460DF10602A9B2FFF733FF80B1A0
:104354000123BDF8061082698B401A438261426AC8
:104364001A434262826D1A438265C364C365C363A0
:10437400836403B030BD00BF9A65002037B50D4695
:10438400044620B94FF4BE71184801F089FA294651
:1043940020460DF10602FFF70DFFE0B10123BDF841
:1043A400062041689340D140CC0716D4816AD1409D
:1043B400C90712D4416B01EA030433EA01010CD1A9
:1043C400016C8C4309D10369D340DB4303F001033F
:1043D400181E18BF012003B030BD016921FA02F292
:1043E400D2074CBF426802681340F1E79A65002087
:1043F40073B50E461446054620B94FF4D9711B48CF
:1044040001F04EFA012C04D940F2B311174801F01F
:1044140047FA314628460DF10602FFF7CBFED0B12C
:104424000123BDF8061042688B40CA40D50718D452
:10443400826ACA40D20714D4416B01EA030233EA08
:1044440001010ED1056C05EA0201AA4309D124B980
:1044540043690B43436102B070BD83690B438361BD
:10446400F9E70CB18360F6E7C360F4E79A650020CE
:10447400F7B50DF1060206460F46FFF79BFE04460C
:1044840028B31C4BBDF806509E4222D0C36DEB40AE
:10449400D8071CD5236DEB40D90704D440F22D2155
:1044A400154801F0FDF90123AB40E3653946304678
:1044B40001F0EEF93946304600F01CF9002806DB1D
:1044C400012308300D4A834043F00043936203B054
:1044D400F0BDC36CEB40DA07F9D5C369EB40DB07E9
:1044E40004D44FF40E71044801F0DAF90123AB400F
:1044F400E364DBE700000A509A65002000000C50DA
:104504000C4B70B59842044610D00B4B98420FD018
:104514004FF41B71094801F0C3F90025A9B22046E4
:104524000135FFF7A5FFAE42F8D270BD4E26F4E781
:104534002426F2E700000A50000008409A65002093
:1045440037B50D46044620B94FF426712F4801F0C3
:10455400A7F90DF1060229462046FFF72BFE024675
:1045640000284ED04368BDF80610CB40DD070CD4BC
:10457400836ACB40DC0708D40123406B8B4033EAC9
:10458400000002D1106C834335D01369CB4013F083
:1045940001001ED1D369CB4013F0010019D0936AF6
:1045A400CB4013F0010F536B23FA01F313D0D80758
:1045B40003D5136CCB40DB071FD4536BCB40DD0713
:1045C4001DD4136C1248CB4013F0010F08BF4FF0F9
:1045D400FF3003B030BDDC0703D5136CCB40D807E4
:1045E4000FD4536BCB40DB070ED4136C0948CB407C
:1045F40013F0010FEAE71120EBE70748E9E7074862
:10460400E7E74FF0FF30E4E70548E2E79A6500206A
:1046140000002110000051100000311000001110A2
:104624000000411073B50DF106020646FFF7C2FD06
:10463400044640B3154BBDF806509E4212D0C36DDC
:10464400EB40D8070BD5236DEB40D90704D440F2D7
:1046540051310F4801F024F90123AB40E3650020F8
:1046640002B070BDC36CEB40DA07F8D5C369EB4008
:10467400DB0704D440F25B31054801F011F9012352
:10468400AB40E364EBE70120EAE700BF00000A5017
:104694009A650020022838B524D1134CE620E36A39
:1046A40043F00103E36200F0D7F8E36A9A06FCD50D
:1046B4001E2000F0D1F8E36A9B06FCD5EFF31085C9
:1046C400012383F31088094C2378132B03D9D121B8
:1046D400074801F0E5F823780133237085F3108847
:1046E400002038BD0120FCE700000C50F0820020BF
:1046F400CF650020064B984206D1A1F1180083B281
:10470400142B01D840B270474FF0FF30704700BF00
:1047140000000A500346084631B1142B03D818335D
:1047240002480B8070470020704700BF00000A5009
:10473400B9B1142815D80F280CD910380A4BC0B2B7
:104744001A68072300EB400083401340C3400B70FA
:1047540000207047072885BF0838044B044BC0B2BB
:10476400EEE70120704700BF0C000C5008000C500D
:1047740004000C50044B1A6942F002021A611A69CF
:10478400002AFCDA704700BF00000C50024A13698B
:1047940023F002031361704700000C50054B5B6B60
:1047A400834238BF03F1FF33181A88422CBF032019
:1047B4000020704700000C50094BDA6A92060CD5B1
:1047C400084900204A6842F000424A605A6842F0B0
:1047D40000425A6001225A6370470120704700BFAB
:1047E40000000C500000044010B5FFF749FAFFF731
:1047F40079F9012828D0FFF7A3F8044618B1C2219B
:10480400134801F04DF801F057F8FFF72AF9FFF7C4
:1048140069F9012801D001F01BF8FFF763F90138A9
:1048240018BF012001F030F8032001F025F8002022
:1048340001F03AF850B9074AD36823F00103D36072
:1048440001F042F8204610BD0024DCE70124F9E71A
:10485400E935051200B00050034670B5B8B142F214
:1048640010754FF0E026AB4284BFA3F51C5442F20E
:104874001073326998BF0024184688BF103CD307D0
:1048840008D400F00BF82346002CECD101E000F032
:1048940005F870BD00F048F8F5E7000013B5019085
:1048A400019B1C4C4BB323683BB3019BB3F1807F4A
:1048B40004D94FF4CD71184800F0F2FF019B33B3D3
:1048C400164A136813F001030DD11548D0F8FC10F3
:1048D40041F08071C0F8FC105360136843F4003356
:1048E40043F001031360019B22680C495343486859
:1048F4004A68121A9A42FBD309E00020FEF794FD9D
:10490400084BB0FBF3F0019B2060002BCDD102B02B
:1049140010BD00BF60990020E9350512001000E0C9
:1049240000ED00E040420F0037B501904FF0E02069
:104934004FF47A724469019B6343B3FBF2F301932E
:104944000023816982698A42FCD025BFA51A5B19BC
:104954005B185B18019938BF9B1A994201D803B0C0
:1049640030BD1146EEE707B50190019B13B903B0C2
:104974005DF804FB4FF47A70FFF76EFF019B013B77
:104984000193F2E78B10A3F14802F0B5D6B2042EDE
:1049940049D8022E10D8254D0E2405EB820540F28D
:1049A400B222A1EB86039BB2A3F59073032B3AD8F2
:1049B400DFE803F0091A27201D4D9B003D2440F237
:1049C40021321D44EDE70E2C4FF0080620D14FF4A0
:1049D4007C512F68031BB3407B400B4010447B4049
:1049E400001B2B6080B2F0BD0E2C4FF0000612D1DC
:1049F4003F21EEE70E2C4FF010060ED14FF47C1140
:104A0400E7E70E2C4FF018060AD14FF07C51E0E78F
:104A14004FF4E061DDE70721DBE74FF4E021D8E75D
:104A24004FF0E061D5E70020DDE700BF58B000504B
:104A34000CEF0040002A31D02F2816DD3A282DDC57
:104A44000123174A2A388340106F11F0200F14BF36
:104A5400184398431067124A11F0100FD16E14BF17
:104A64000B4321EA0303D36670472638032815D87D
:104A74000C4B11F0200F53F8202014BF42F0100209
:104A840022F0100243F8202053F82020C9064CBF1E
:104A940042F0080222F0080243F82020704700BFC9
:104AA40000B00C505CB00C5038B14FF0A042936889
:104AB400064843F00403936070474FF08042536804
:104AC400034843F008035360704700BF00300050B0
:104AD400003000403A2870B5CDBF002601260546B7
:104AE400A0F13C0504463046FFF7DEFF4EB9402CEA
:104AF40007DD094A52F8243061F30E3342F82430BA
:104B040070BD05F18043013B50F8232022F00F02D1
:104B1400114340F82310F3E758AF0C503B28C8BFAB
:104B24003C38430152B1064A0020134433F81020A4
:104B34008A4202D001301028F8D17047014AF3E7C5
:104B4400B8790020187900203B28C8BF3C38000100
:104B540008441AB1024B33F810007047014BFAE7CE
:104B6400B8790020187900202DE9F8431546044649
:104B740018B94FF0FF30BDE8F8833A28CDBF0027BD
:104B840001270646A0F13C063846FFF78DFF804614
:104B9400002F00F0FE80A1F590739BB20B2B2ED852
:104BA4002046FFF7EFFE01463A462046FFF7B6FFE0
:104BB4000F288146DDDC3A4629462046FFF73AFFB6
:104BC400002F40F0EF80402C40F3EC807F4AE80651
:104BD40052F824304FEA093923F4E04323F0180350
:104BE40048BF43F00803A90648BF43F0100309F483
:104BF400E04949EA030342F824300020BBE7A1F569
:104C04009C739BB2072B26D84A109C3AA1EB420115
:104C140089B2B1F59C7F19D040F23913994240F022
:104C2400BF804FF0080E4FF47C5C6949A4F10E0379
:104C340051F8220003FA0EF3434003EA0C03434005
:104C440041F8223004F5297189B2ADE74FF0000E26
:104C54004FF03F0CE9E7A1F5EC739AB2092A36D874
:104C64000522B3FBF2F3C3EB8332C3EB82020A44A3
:104C740092B2A2F5EC7188B2032814D84FF03F0E1B
:104C84005448C90050F823C0A4F10E028A4082EAB5
:104C94000C020EFA01F10A4082EA0C0240F82320C9
:104CA40004F25521D0E7B2F5EE7F79D13F214A488D
:104CB400DA00D0F86CC0A4F10E03934083EA0C032D
:104CC40001FA02F2134083EA0C03C366E8E76FF4C7
:104CD400017901EB090293B2052B27D80323B2FB18
:104CE400F3F26FF4017EC2EB823302EB83030B44D5
:104CF4009BB203EB0E0C1FFA8CFCBCF1020F4FD8D5
:104D0400DB00A3F581533549A4F10E0E083B0EFADE
:104D140003F3DFF8D8E051F822005EF82CC04340DA
:104D240003EA0C03434041F82230B9E76FF4F87CFE
:104D340001EB0C039AB2092A3FF636AFB1F5FC7FBA
:104D440016D2590813F0010F254B4FF03F00254AA6
:104D540018BF1A46C9008840D2F800C0A4F10E0357
:104D64008B4083EA0C03034083EA0C03136097E748
:104D740007D040F2F913994207D100213F201A4A83
:104D8400EAE710214FF47C10F9E708214FF47C5036
:104D9400F5E7A1F596739BB2072B3FF605AFFFE647
:104DA400002101E706F18046013E58F8263005F05F
:104DB400300509F00F0945EA090523F03F031D43B7
:104DC40045F0400548F8265017E700BF58AF0C508F
:104DD40048B0005064B0005000B0005070B00050B3
:104DE4007CB0005078B0005080B000500C790020A6
:104DF4003A2838B5044625DD402816DC0025A0F104
:104E04003C012846FFF750FE01F18043013B50F876
:104E140023102A4621F05F0141F00F0140F82310CE
:104E240000212046FFF706FE0AE0084A52F8203027
:104E340023F4E04323F00E0343F4E04342F820302C
:104E4400002038BD01460125DBE700BF58AF0C50F8
:104E54003A2870B50D4611460ADC4FF0A04293681B
:104E640043F00403936080BB4FF0FF36304670BDBF
:104E74004FF08042536843F008035360B0F13C03A1
:104E8400F2D040282EDD1E4B53F82020C2F3C0037D
:104E9400D4064FEA0313C2F3023648BF43F020039B
:104EA40012F0040205D0002243F04003402B22D02C
:104EB4001BD823B1302B08BF052318BFFF230B7069
:104EC4003146FFF741FE2880D0E7034601220D4C0E
:104ED40003F18043013B54F8233003F00F0603F041
:104EE4007003E3E70022084CF2E7502B05D0702B47
:104EF40008BF0223E1E70123E1E70323DFE700BF63
:104F040058AF0C5000300050003000403F0000000B
:104F1400003F000000003F0000000000000000000F
:104F2400000000000000000000000000000000007D
:104F34000000000000000000B20021030103000093
:104F4400000000003B024B0237020000000000009A
:104F54000000000000000000B30022030203000070
:104F6400000000003C024B02380200000000000078
:104F74000000000000000000B4002303030300004D
:104F8400000000003D024B023A0200000000000055
:104F94000000000000000000B5002403040300002A
:104FA400000000003E024B02390200000000000035
:104FB40000000000000000000000000000000000ED
:104FC40000000000000000000000000000000000DD
:104FD4000000000000000000F200040000000000D7
:104FE40000000B00000000000000000000000000B2
:104FF4000000000000000000F300090000000000B1
:105004000000030000000000000000000000000099
:105014000000000000000000F4000A00000000008E
:1050240000000A0000000000000000000000000072
:105034000000000000000000F5000B00000000006C
:1050440000000B0000000000000000000000000051
:105054000000000000000000F6000C00000000004A
:105064000000030000000000000000000000000039
:105074000000000000000000F700030000000D0025
:105084000900000000000000000000000000000013
:105094000000000000000000F800020000000E0004
:1050A4000B000000000000000000000000000000F1
:1050B4000000000000000000F900010000000F00E3
:1050C4000A000900000000000000000000000000C9
:1050D4000000000000000000FA000D0000001000B5
:1050E40003000C00000000000000000000000000AD
:1050F4000000000000000000FB000E00000006009D
:105104000100010000000000000000000000000099
:105114000000000000000000FC000F00000001007F
:105124000C000C0000000000000000000000000063
:105134000000000000000000FD001000000003005B
:105144000000090000000000000000000000000052
:105154000000000000000000FE0005000600000042
:10516400000000000000000000000000000000003B
:105174000000000000000000520054010000000084
:10518400B202630200006A01000000000000000097
:1051940000000000000000005300000000000000B8
:1051A400B3026402000000000000000000000000E0
:1051B4000000000000000000540055010000C6017A
:1051C400B40265029A016B0100003B020000270251
:1051D400000000000000000055004E010000C8015E
:1051E400B502660299015F0100003C02000028023A
:1051F400000000000000000056004F010000C7013D
:10520400B602670297015E0100003D020000290218
:105214000000000000000000570050010000C4011D
:10522400B70268029501680100003E0200002A02EC
:105234000000000000000000580051010000C501FA
:10524400B80269029401690100003F0200002B02C8
:105254000000000000000000590052010000D401C9
:10526400B9026A02920160010000400200002C02AF
:1052740000000000000000005A0053010000D501A6
:10528400BA026B0291016101000041023A0200007E
:1052940000000000000000005B00000000000000AF
:1052A400BB026C0200000000000042023902000050
:1052B40000000000000000005C000000000000008E
:1052C400BC026D02000000000000000000000000AD
:1052D40000000000000000005D000000000000006D
:1052E400BD026E02000000000000D301370221025B
:1052F40000000000000000005E001B00B701000079
:10530400BE026F020000000000000000380222020A
:1053140000000000000000005F002200B80100004F
:10532400BF02700200000000000000000000230221
:10533400000000000000000060002300B201000033
:10534400C0027102000000000000000000002402FE
:10535400000000000000000061002100B401000012
:10536400C1027202000000000000000000002502DB
:10537400000000000000000062001900B5010000F8
:10538400C2027302000000000000000000002602B8
:10539400000000000000000063002400B6010000CB
:1053A400C3027402000000000000000000000000BE
:1053B4000000000000000000640000001A02000069
:1053C400C40275020000000000000000000000009C
:1053D4000000000000000000650000001902000049
:1053E400C50276020000000000000000000000007A
:1053F4000000000000000000660000000000000043
:10540400C60277020000000000004B02000000000A
:105414000000000000000000670000000000000021
:10542400C702780200000000000000000000000035
:105434000000000000000000680000000000D4012B
:10544400C802790200000000000000000000000013
:105454000000000000000000690000000000D50109
:10546400C9027A02000000000000000000000000F1
:1054740000000000000000006A0000004901C601AD
:10548400CA027B02000000000000000000000000CF
:1054940000000000000000006B0000004801C8018B
:1054A400CB027C02000000000000000000000000AD
:1054B40000000000000000006C000000000000007C
:1054C400CC027D020000000000000000000000008B
:1054D40000000000000000006D000000000000005B
:1054E400CD027E0200000000000000000000000069
:1054F40000000000000000006E0000004601C7012B
:10550400CE027F0200000000000000000000000046
:1055140000000000000000006F0000004701C4010B
:10552400CF02800200000000000000000000000024
:105534000000000000000000700000000000C50131
:10554400D002810200000000000000000000000002
:1055540000000000000000007100000000000000D6
:10556400D10282020000000000004302000000009B
:1055740000000000000000007200000000000000B5
:10558400D2028302000000000000000000000000BE
:105594000000000000000000730000000000000094
:1055A400D30284020000000000000000000000009C
:1055B4000000000000000000740000000000000073
:1055C400D40285020000000000000000000000007A
:1055D4000000000000000000750000000000000052
:1055E400D502860200000000000000000000000058
:1055F4000000000000000000760000000000000031
:10560400D602870200000000000000000000000035
:105614000000000000000000770000004D010000C1
:10562400D70288020000620100004402000000006A
:105634000000000000000000780000004C010000A1
:10564400D8028902000000000000000000000000F1
:105654000000000000000000790000004A01000082
:10566400D9028A02900163010000450200002F0262
:1056740000000000000000007A0000004B01000060
:10568400DA028B028F01640100004602000030023E
:1056940000000000000000007B000000000000008B
:1056A400DB028C0293016501000047020000310215
:1056B40000000000000000007C000000000000006A
:1056C400DC028D02960166010000480200003202ED
:1056D40000000000000000007D0000000000000049
:1056E400DD028E02980167010000490200003302C6
:1056F40000000000000000007E0000000000000028
:10570400DE028F020000000000004A0200003402A2
:105714000000000000000000032AF0B504D803468E
:105724001A44934227D1F0BD8307F8D14FF00133D7
:10573400CCB25C43154603460F2D03F1100311D878
:1057440002F00F031E4622F00F05054403EB050C7F
:10575400032EACEB06070BD803F00C032B4402F02A
:105764000302DDE743E9044443E90244103DE3E76F
:105774003C60043EECE703F8011BD2E7830730B535
:1057840046D08418844604E003F8011B9D0704D026
:105794009C46A4456346F7D130BD013A0244A2EBCE
:1057A4000C02032A29D9CCB20F2A04EB042404EBFB
:1057B40004442FD9A2F1100C03F110052CF00F0CA6
:1057C400AC44C3E90044C3E9024410336345F8D14F
:1057D40012F00C0F02F00F0E18D02EF0030CAEF1E5
:1057E40004051A469C4442F8044B6245FBD125F05B
:1057F400030404330EF003022344002ACCD0C9B2BC
:105804001A4403F8011B9342FBD130BD7246F4E7FE
:105814000346C6E79646E0E75FF800F085A003126A
:105824005FF800F015C602125FF800F0DDC6021240
:105834005FF800F06D0103125FF800F09DC60212DC
:105844005FF800F0C96A03125FF800F0E99E0312E2
:105854005FF800F00DC702125FF800F049C60212AB
:105864005FF800F079A003125FF800F089C5021216
:105874005FF800F00DC102125FF800F00D9A0212F9
:105884005FF800F0FDC002125FF800F0D986021242
:105894005FF800F0F11403125FF800F0C184031202
:1058A4005FF800F03D6503125FF800F0C564031271
:1058B4005FF800F0F9C502125FF800F0A586021245
:1058C4005FF800F09F6603125FF800F0C9A30212AC
:1058D4005FF800F0117303125FF800F0A171031276
:1058E4005FF800F0A9C502125FF800F0ED70031232
:1058F8000348044B834202D0034B03B11847704757
:10590800509500205095002000000000064B0749E4
:10591800C91A891048BF0131491003D0044B0BB193
:1059280001481847704700BF509500205095002047
:105938000000000010B5064C237843B9FFF7D8FFE4
:10594800044B13B10448AFF300800123237010BD4A
:105958005095002000000000CC52061208B5054BF7
:105968001BB105490548AFF30080BDE80840FFF7C3
:10597800CDBF00BF0000000054950020CC52061295
:1059880002280B4610B505D00D4812F0CDFC4FF09B
:10599800FF3010BD58680A22002121F0B7FC0446E8
:1059A8000146084812F0C0FC631E032B03D8064BBF
:1059B8001C600020EDE7054812F0B6FCF9E700BFCF
:1059C800C8340512DC34051204870020F9340512A6
:1059D80070477047B0F1C04F70B536D3B1F5804FFE
:1059E80021D900231A49C1F88430BFF34F8F43F6F9
:1059F800E074D1F88030C3F3C900C3F34E335B01C0
:105A0800024603EA040646EA8275013AC1F8605282
:105A1800F9D2203B13F1200FF2D1BFF34F8FBFF320
:105A28006F8F012070BD81B100F01F030B44BFF3DD
:105A38004F8F07490344C1F85C0220301A1A002A24
:105A4800F9DCBFF34F8FBFF36F8F0020EAE700BF89
:105A580000ED00E000236C4970B5C1F88430BFF355
:105A68004F8F43F6E074D1F88030C3F3C900C3F315
:105A78004E335B01024603EA040646EA8275013AA0
:105A8800C1F86052F9D2203B13F1200FF2D1BFF3D5
:105A98004F8FBFF36F8FBFF34F8FBFF36F8F00220E
:105AA800C1F85022BFF34F8FBFF36F8FBFF35F8FE3
:105AB8004B6A23F480334B62D1F8943023F001030E
:105AC800C1F89430BFF34F8FBFF36F8F1146104664
:105AD8004D4BC3F8982001320C2AC3F8A000F8D126
:105AE800D3F8C020494822F0FF0242F02202C3F84E
:105AF800C020D3F8C02022F47F4242F48842C3F881
:105B0800C020D3F8C02022F47F02C3F8C020D3F805
:105B1800C02022F07F4242F0EE42C3F8C020D3F802
:105B2800C42022F0FF0242F03302C3F8C420C3F8B5
:105B380098104FF6E1720721C3F89C10C3F8A02013
:105B48000122C3F8982002F10112C3F89C20304AC0
:105B5800C3F8A0200222C3F898202E4AC3F89C203C
:105B68002D4AC3F8A0200322C3F89820C3F89C004C
:105B78002A48C3F8A0000420C3F898002848C3F8AE
:105B88009C002848C3F8A0000520C3F898002648C0
:105B9800C3F89C002548C3F8A0000620C3F8980065
:105BA8002348C3F89C002348C3F8A000C3F8981002
:105BB8002149C3F89C1001F5432101F6E171C3F8AE
:105BC800A0100821C3F898101C49C3F89C1001F5CF
:105BD8007F2101F6DF71C3F8A0100921C3F89810DE
:105BE8001749C3F89C101749C3F8A010BFF35F8F7B
:105BF800C3F894205A6A42F480325A62BFF34F8F36
:105C0800BFF36F8F70BD00BF00ED00E00200002001
:105C1800E3FF020006000010E1FFFF1FE3FF27205B
:105C280003000040E5FFFF5F02000060E9FFFF613D
:105C380002C03F20E3FF4F2002C0BF2002008020A7
:105C480006000062E3FFFF6F70B5204B5A6912F43B
:105C5800003211D1BFF34F8FBFF36F8FC3F85022BB
:105C6800BFF34F8FBFF36F8F5A6942F400325A6106
:105C7800BFF34F8FBFF36F8F144A536913F4803308
:105C880023D1C2F88430BFF34F8F43F6E074D2F8C3
:105C98008030C3F3C900C3F34E335B01014603EA06
:105CA800040646EA81750139C2F86052F9D2203BF0
:105CB80013F1200FF2D1BFF34F8F536943F48033B0
:105CC8005361BFF34F8FBFF36F8F70BD00ED00E0DE
:105CD8007047000008B5104A104B9A60D3F8882026
:105CE80042F03F02C3F88820D3F8882042F47002BB
:105CF800C3F88820FFF76DFEFFF7ACFE084B1B6862
:105D0800DB0701D4FFF764FEFFF79EFFFFF7E0FF14
:105D1800044B054A1A6008BD0000021200ED00E0BD
:105D280000B000500887002040787D0130B5024659
:105D38000024104B1D781846954202D19D888D424B
:105D480017D00134092C03F10603F3D10A4B5B6821
:105D5800DBB2062B0CD90624084B1D781846954251
:105D680002D19D888D4204D0013C03F10603F4D191
:105D7800002030BDEE73051200B00050CA73051242
:105D880038B50446084619461546FFF7CFFF38B11F
:105D9800438882882946E01824F032FE002038BD66
:105DA8000120FCE738B50546084619881446FFF770
:105DB800BDFF38B1418882882944204624F020FE5E
:105DC800002038BD0120FCE7034B5B68DBB2062BE3
:105DD8008CBFCC204020704700B0005008B5F82296
:105DE80009490A4824F00CFE06F0B6FB4FF40052AD
:105DF800002107483FF004F84FF4FF5205490448D2
:105E080024F0FEFD08BD00BF04940512007F402069
:105E1800006040202474051210B50E4A86B00E4C5E
:105E280003AB07CA83E8070004F10C0384E8070002
:105E3800184642F6F472002101933EF0E1FF41F268
:105E480024020649019824F0DBFD06B0BDE81040A5
:105E580006F082BBF0A5051200504020FC94051204
:105E6800044B054A5B680548DBB2062B88BF104621
:105E7800704700BF00B0005020A50512007F4020E9
:105E88000023F0B500F18044490804F50224971C6A
:105E980037F8236032F82350013305EB064544F800
:105EA800045BDDB2A942F3D80139C9B2043000EB72
:105EB800810080B2F0BD2DE9F0414FF0000E9DF851
:105EC8001C809C46DDE908633244002513E031F864
:105ED80015400788A7428BBF3F1BE41BBCB2A4B286
:105EE8000DB1A64506D9A6461CF805703770069F61
:105EF8007F5D1F700135ECB2A045E8D801369642A7
:105F080003F1010300F10200DFD1BDE8F0810000D8
:105F180010B50E4C04203EF027FF63690A2023F0D9
:105F280004036361636923F002036361636943F0F7
:105F380002036361636943F0040363613EF014FF85
:105F48006369DB07FCD5A069000C10BD0028084078
:105F580010B5354B354C1A68002042F010021A6013
:105F68005A68462142F080625A60D3F8FC206FF3E9
:105F78000902C3F8FC20A26D22F48072A265226E89
:105F880042F480622266E26822F40042E260D3F8BA
:105F9800EC2022F02002C3F8EC20D3F8EC2042F0E9
:105FA8002002C3F8EC2043F6FC72636F1343636767
:105FB800A36F1343A367636F1D4A23F0804363678E
:105FC800C4F88C00FFF75CFFD4F88C30043003EB86
:105FD8000043C4F88C303621164AFFF751FF0430CD
:105FE8003021154AC4F89000FFF74AFFD4F89030E2
:105FF800043003EB0043C4F890304E210F4AFFF7FA
:106008003FFF043060210E4AC4F89400FFF738FFC0
:10601800D4F89430043003EB00435A21094AC4F8F9
:106028009430FFF72DFF10BD0040084000280840BD
:1060380024A90512B8A8051258A80512BCA705126C
:10604800FCA6051248A605122DE9F04F2DED028B8E
:10605800BFB00590782021F057F80490782021F0FF
:1060680053F883464FF4F07021F04EF808904FF43F
:106078009E7021F049F80690A02021F045F80B9079
:10608800A02021F041F80C904FF49E7021F03CF8CC
:1060980009904FF49E7021F037F80790A02021F066
:1060A80033F80D90A02021F02FF80E904FF49E7039
:1060B80021F02AF8AF4C0A90636F002623F00303FF
:1060C8006367A36F4FF0FF3A23F00303A367E36806
:1060D800B14643F0006343F00303E36023694FF0E4
:1060E800010843F4E02323616368802523F0FF035C
:1060F8006360636843F031036360236843F480534B
:1061080043F001032360636843F4002343F480737E
:106118006360236A43F480432362974BD3F81821C2
:1061280022F07C62C3F81821D3F8182142F0E072FB
:10613800C3F81821A26822F4FE42A260A26842F4C1
:106148008042A260626922F473626261626942F409
:10615800E15242F008026261626842F40022626021
:10616800A2696FF30F02A261A26942F4F052A26120
:10617800D3F81C216FF30A02C3F81C21D3F81C21A1
:1061880042F01002C3F81C21A26822F0FF02A260AC
:10619800A26842F08002A260D3F8182122F07E6241
:1061A800C3F81821D3F8182142F0E072C3F8182177
:1061B800236843F001032360636943F0800363614C
:1061C800636923F080036361636923F002036361F9
:1061D800636943F002036361E36843F04403E360E7
:1061E800E36943F40023E361A36823F4FE43A36057
:1061F800A36843F48043A360CDE9116A10960F9613
:10620800A368042023F4FE43A360A368402743F453
:106218008043A3603EF0A8FD0121636843F48073C6
:1062280063606068400118D56068820100F1908061
:10623800402343FA01F03B1ADFB21591A06820F41D
:10624800FE40A060A06840EA0720A06001203EF060
:106258008BFD159901310729E3D1616821F480711B
:106268006160FFF755FE802148F2484C41FA08F179
:106278006045C9B275D9A0F5044A2944CDE910751D
:10628800AAF1480ACDB20F90636908F1010823F01A
:1062980004036361A368B8F1090F23F0FF03A36047
:1062A800A36843EA0503A360AAD1129B5345049B44
:1062B80028BFDDE910691E704FF00006089B34BF47
:1062C800BDF85070BDF83C708BF800901F80A36833
:1062D80023F0FF03A360A3681D43A560636923F04F
:1062E80004036361049B9BF800801D784FF000094C
:1062F800CA464A46A368771C23F0FF03A360A36835
:10630800FEB258FA87F7FFB23B43A360636843F4D1
:1063180080736360236A43F4804323620F92A36807
:10632800042023F4FE43A360A36843EA0523A36083
:106338003EF01AFD6368580137D563680F9A13F069
:10634800007354D1D5B1013D4FF00009EDB219E009
:10635800606883017FF571AF402343FA01F03B1871
:106368006AE7ACEB0003691AA9463E461293CDB220
:10637800149089E7002808400040084009F1010905
:106388005FFA89F942B1139A93420EBF4FF0000A9F
:106398000AF1010A5FFA8AFABAF1040F4FF0010212
:1063A800139302D0B9F1020FB8D1636823F4807354
:1063B8006360A36823F4FE43A360A36843EA05234C
:1063C800A360FFF7A5FD47F21063984281461BD9E9
:1063D800772E04D940F669110A4810F0ABF8049BEF
:1063E8000BF806709D55089B23F816907EE73E2D06
:1063F80001D80135A8E709F101093F255FFA89F9B4
:10640800C0E700BF103505126368282223F4002373
:1064180063600E9B089903930C9BB348CDE9016315
:10642800CDF800B0049BFFF746FD0D9B282203938F
:106438000B9BAE48CDE90163CDF800B0049BFFF794
:106448003AFD0A9B4F220393099BA948CDE90163B2
:10645800CDF800B0049BFFF72EFD079B4F22039356
:10646800069BA448CDE90163CDF800B0049BFFF773
:1064780022FD6368A04D43F400236360A36916AF4F
:106488006FF30F03A361A369B7EE008A43F4874350
:10649800A361D5F81C316FF30A03C5F81C31D5F890
:1064A8001C3143F01003C5F81C31069BDA7C079BAE
:1064B800DB7C43EA0223A360D5F8183123F07E631E
:1064C800C5F81831D5F81831C5F81831FFF720FD8F
:1064D8006369064623F004036361D5F8183123F095
:1064E8007C63C5F81831D5F8183143F07C63C5F8DA
:1064F8001831FFF70DFD6369801B23F00403636106
:1065080063683A4623F4002363604FF4D823B3FB4F
:10651800F0F307EE903A0025F8EEE76A9FED776A08
:10652800744931F8023BB0EE487AA3F5F443493B8D
:1065380003EB430307EE903AF8EEE77AA7EEC67A44
:1065480066EE877AFCEEE77A17EE903A0135EDB2FF
:10655800282D22F8023BE4D16368674E43F40023F8
:106568006360A3696FF30F03A361A36943F48743CF
:10657800A361D6F81C316FF30A03C6F81C31D6F8AC
:106588001C3143F01003C6F81C31069B93F83B20DE
:10659800079B93F83B3043EA0223A360D6F81831EF
:1065A80023F07E63C6F81831D6F81831C6F81831CA
:1065B800FFF7AEFC6369804623F004036361D6F8F5
:1065C800183123F07C63C6F81831D6F8183143F037
:1065D8007C63C6F81831FFF79BFC6369A0EB0800E1
:1065E80023F0040363614FF4D823B3FBF0F307EE01
:1065F800903A9FED436AF8EEE76A3E4916AA31F8E9
:106608001530B0EE487AA3F50043893B03EB43030A
:1066180007EE903AF8EEE77AA7EEC67A66EE877A42
:10662800FCEEE77A17EE903A22F8153001354F2D37
:10663800E5D1E36923F40023E3610023C4F898302B
:10664800059AC4F89820059A02F1804101F50221C3
:106658000B9A0D98D25CC05C00EB02200E9AD25CBB
:1066680002EB00420C98C05C013302EB0022282B9D
:1066780041F8042BECD1059AD4F89830A03203EBFA
:106688000243C4F89830059B1E49099A194400230F
:10669800551C0A9A501C15F8132010F8136006EBC5
:1066A80002260A9A12F8132002EB0642099E16F8EF
:1066B8001360013302EB0622282B41F8042BEAD1A0
:1066C8000022059BC4F89C2003F5A073C4F89C30F5
:1066D800069B0D4A591E079B581E059B1A44069B8C
:1066E80003F14E0512E000BFDAAB05128AAB0512C2
:1066F8004EAA0512B0A90512004008407F512D3757
:106708000B802A37A02008404021084037F8023B78
:1067180011F8016F1B0403EB062310F8016F8D427B
:10672800334442F8043BF1D1059B142003F51F754F
:10673800636B23F4F0136363636B43F4E0136363E5
:10674800236943F480732361A36B43F47E33A3630B
:10675800636B43F483036363D4F8883043F4407372
:10676800C4F888303EF000FB636B022023F400730A
:1067780063633EF0F9FA636B022043F400736363CA
:106788003EF0F2FAD4F8883023F00103C4F88830D8
:10679800D4F8883043F00103C4F88830D4F888303E
:1067A8009907FBD5636B23F4F8436363D4F8882017
:1067B800D4F88830C2F3C302C3F38003616B9B0330
:1067C80043EA82230B436363D4F8883023F0010340
:1067D800C4F88830636B23F481036363D4F888308A
:1067E80023F40073C4F88830236923F48073236189
:1067F800E36823F0006323F04303E360636F43F02F
:1068080003036367A36F43F00303A367236A23F4B7
:1068180080432362636823F4002363608B4BD3F8BF
:106828001C2142F00102C3F81C21D3F8182142F4BC
:106838000012C3F81821236823F001032360636B57
:1068480043F001036363A36B43F48063A363636949
:1068580043F002036361236E43F480632366236875
:1068680023F480532360636923F480536361A36C2A
:1068780043F40053A364A36D43F02003A365E368C6
:1068880043F08803E360236E43F4401343F4047336
:106898002366E36C43F0006343F0C003E364E36CF6
:1068A80023F48053E364A36D43F0C003A365E36F4F
:1068B80043F00C03E367E36F23F00203E367E36F3E
:1068C80043F00103E367D4F88030DA07FBD5636D42
:1068D800D4F880201B0A22F4FE42C4F88020D4F8A1
:1068E800802003F4FE431343C4F88030636DD4F86A
:1068F80080209B0D22F0FE02C4F88020D4F880206E
:1069080003F0FE031343C4F88030E36C142623F02D
:10691800006323F0C003E364E36C43F48053E3644F
:10692800A36D23F0C003A365236E23F4401323F45F
:1069380004732366E36F43F00203E367E36F23F016
:106948000103E367E36823F08003E360A36C43F487
:106958000053A364A36D43F4004343F02003A365ED
:10696800A36D23F48043A365D4F8843023F07073B7
:10697800C4F88430A36D43F48033A365A36D23F476
:106988008073A365A36D43F48073A365D4F8843042
:1069980043F40013C4F88430D4F88430DB0201D403
:1069A800002E4CD1D4F88430A26D5B0C22F47852BE
:1069B800A265A26D03F47853134343F48043A3659F
:1069C800D4F8843023F40013C4F88430A36D23F47E
:1069D800803323F02003A365A36C23F40053A3643E
:1069E800236923F4C0232361636943F0800363614F
:1069F800049820F091FB584620F08EFB089820F070
:106A08008BFB069820F088FB0B9820F085FB0C98F0
:106A180020F082FB099820F07FFB079820F07CFB90
:106A28000D9820F079FB0E9820F076FB0A9820F05C
:106A380073FB28463FB0BDEC028BBDE8F08F012008
:106A4800013E3EF091F9F6B2A6E700BF00400840CB
:106A58002DE9F04FBDB00D90962020F055FB059024
:106A6800962020F051FB06904FF4167020F04CFB56
:106A780007904FF49E7020F047FB08904FF49E70EB
:106A880020F042FBAF4D0990D5F8EC30AE4A23F424
:106A98000063C5F8EC30D5F8EC30AC4C43F00C038F
:106AA800C5F8EC30536F642043F4C00353673EF0DD
:106AB8005BF9636F002623F00303636723694FF0D4
:106AC800FF3943F4E02323616368B34623F4FD43AD
:106AD80023F07F03636063684FF0010A43F4A8431F
:106AE80043F0750363602368B04623F47063236042
:106AF8002368324643F4206323602368402143F42B
:106B080000532360636843F4002343F48073636095
:106B1800236A43F480432362636923F03803636183
:106B2800636943F4805343F010036361636843F47B
:106B380000236360A3696FF30F03A361A36943F4A0
:106B48003453A361D5F81C316FF34A03C5F81C31DF
:106B5800D5F81C3143F01003C5F81C31D5F81C31A9
:106B680023F00103C5F81C31636A802523F0FF0375
:106B78006362636A43F080036362636943F080037E
:106B88006361636923F080036361636923F002032F
:106B98006361636943F002036361E36843F4C0031C
:106BA800E360E36943F40023E361636A23F4FE438B
:106BB8006362636A43F4804363623346CDF8289086
:106BC800606A402720F4FE406062606A40F48040BA
:106BD8006062606840F4807060600120D4F804C08E
:106BE8001CF4800F19D0D4F804C01CF4001F40F026
:106BF800958041FA00FCA7EB0C07FFB2D4F824C03B
:106C080001302CF4FE4CC4F824C0D4F824C0072862
:106C18004CEA072CC4F824C0E0D1CDE90E23606803
:106C280020F480706060FFF773F9802348F2863E95
:106C380043FA0AFC70454FF04001DDE90E235FFA84
:106C48008CFC75D980462B463A46A0F50349A9F134
:106C58008609AC4460695FFA8CF520F00400606135
:106C6800606A0AF1010A20F0FF006062606ABAF106
:106C7800090F40EA05006062A2D10A99494524BF7C
:106C880016469B46059B38BFBDF830801E70069B94
:106C980028BF1FFA88F883F800B0079BA3F8008084
:106CA8004FF00008636A23F0FF036362636A1D43C1
:106CB8006562636923F004036361069B1F78059B83
:106CC8001D78636A08F1010623F0FF036362636AB3
:106CD8005FFA86F857FA86F6F6B23343636263685A
:106CE80043F480736360236A43F480432362002380
:106CF80019461846626A22F4FE426262626A42EAF1
:106D0800052262626268520232D5626812F4001289
:106D180053D1EDB1013D0023EDB21BE0D4F804C01E
:106D28001CF4001F3FF46AAF41FA00FC674464E7B3
:106D3800AEEB00060A96AB463E46A5EB0C0C0C9053
:106D480088E700BF004008400000094000280840CC
:106D58000133DBB228B10B9882420EBF002101310A
:106D6800C9B204294FF001000B9201D0022BC1D106
:106D7800636823F480736360636A23F4FE43636289
:106D8800636A43EA05236362FFF7C2F847F2427376
:106D9800984281461CD9B8F1950F04D940F6F941BB
:106DA8000A480FF0C7FB059B03F80850069B03F839
:106DB8000860079B23F8189083E73E2D01D801351A
:106DC800A9E701333F25DBB2C4E700BF1035051240
:106DD80063684F2223F4002363606369BD4823F08E
:106DE80004036361099B07990393089BCDE9018319
:106DF800069B0093059BFFF75EF8236823F4005376
:106E08002360236923F480332361236923F4003347
:106E18002361236923F480232361D4F89C309BB237
:106E2800C4F89C30D4F89C300D9A03EB0243C4F8A4
:106E38009C30089B03F1FF38099B4246013B0C93A9
:106E48000D9B0C9803F1804707F502273946089BEC
:106E58004E330E9312F8015F10F8013F03EB052340
:106E680003F1817303F5803343F0C04341F8043BD9
:106E78000E9B9342EED1984D32206B6FDFF868B2CB
:106E880023F400136B673DF06FFF6B6F934A23F495
:106E980080036B67236A022023F480432362D2F8BD
:106EA8001C314FF0000943F00103C2F81C3123697B
:106EB80043F4C02323613DF057FF2368884943F416
:106EC80000532360236923F480332361E36943F487
:106ED8000023E361636943F480536361A36A43F465
:106EE8000063A362236943F001032361A36A43F0AB
:106EF8000203A362A36A43F00803A362636A23F050
:106F0800F8736362636A43F080736362DBF800308E
:106F18000F93DBF838301093DBF83C301193D1F83D
:106F2800882014AB42F00102C1F88820DBF8002069
:106F380042F4002242F08402CBF80020DBF838202B
:106F480022F4F012CBF83820DBF8382042F4602223
:106F5800CBF83820634ACBF83C20DBF8042042F019
:106F68000102CBF80420DBF8082022F00102CBF85C
:106F780008200B9328AB1E46DDF82CA00A936A6FF5
:106F8800282022F07E526A676A6F42EA090242F0BC
:106F9800804242F4C0026A673DF0E6FE00221146D4
:106FA8000AF8012B1391606A20F4E0206062606A9D
:106FB800129240EA0240606228203DF0D5FEDBF8DC
:106FC800380040F00200CBF83800DDE91221DBF888
:106FD80044004007FBD5DBF82400DBF84430C0F35D
:106FE8000B00884243F00103CBF8443088BF0AF80D
:106FF800012C02F1010288BF0146082AD2D11021D2
:1070080012923170616A21F4E0216162616A1AF8B2
:10701800010C41EA00416162616A21F0F871616224
:10702800616A307841EA005161626169282041F063
:1070380080016161616921F0800161613DF094FE28
:107048000521129AA36A3078DB074CBF801A801892
:10705800C0B25208139130701292606A20F0F87032
:107068006062606A96F800C040EA0C5060620420D2
:107078003DF07AFE1399129A013911F0FF01E1D11E
:107088006A6F322022F400126A6709F500093DF0A0
:107098006BFEB9F11E5F06F101067FF470AFE3687D
:1070A8000E4E23F4800323F00303E360636F142080
:1070B80043F001036367636F43F002036367236967
:1070C80023F4C02323F001032361236823F400532E
:1070D80023600BE0ECAA05120000094000400840BC
:1070E80000B00050EF0000FC00700850236923F442
:1070F80080332361636823F480736360636823F4D7
:1071080000236360236A23F480432362A36A23F481
:107118000063A362D6F81C3143F00103C6F81C31A2
:10712800636923F4815323F010036361636943F0B7
:10713800A8036361E36923F40023E3616B6F23F41D
:1071480000136B673DF010FE6B6F23F0804323F450
:1071580080036B67D6F8EC3023F00C03C6F8EC30EC
:10716800A36A23F00803A3620F9A234B1A60109AAC
:107178009A63119ADA63214A0B9B0A9913F8010B57
:107188000C9D0B9311F8013B18F8014F0A9115F863
:10719800011F01EB042112F8014B01EB00416008CB
:1071A80001EB035100F00203C4F340049B0400F018
:1071B8001C0043EAC43341F0C04143EAC0530B43C7
:1071C80047F8043B0E9B0C954345D5D105981FF015
:1071D800A3FF06981FF0A0FF07981FF09DFF0898CF
:1071E8001FF09AFF09981FF097FF0D9B03F59E70FB
:1071F8003DB0BDE8F08F00BF007008500D8700203B
:107208002DE9F04190B084466C46364B03F12005D9
:10721800224618685968083303C2AB421446F7D1AE
:10722800314B08AC03F12005224618685968083329
:1072380003C2AB421446F7D14FF400722B4BC3F88C
:1072480098201A689200FCD5002400255A68264622
:1072580042F000525A602F4600232549DFF894E097
:1072680010A800EB4300634451F8042BDBB230F95B
:10727800408C102B30F9200CC2F3090208BF002300
:107288007145C2FB8867C2FB8045E9D1002F3046B3
:107298003B4604DA40F2FF13F01847F10003400AB6
:1072A800002D40EAC3504FEA63212A46234604DAF8
:1072B80040F2FF12A31845F1000200FB01F4A0FB05
:1072C80000015B0A43EAC25352125A4301EB4401DC
:1072D800A3FB0334C01804EB420241EB020110B0D7
:1072E800BDE8F0812AAC05124AAC05120010004036
:1072F800008040200088402000207047F0B587B00B
:1073080007460E46154603F05BF80446A0B914225A
:107318004FF4807001A903F0ADF820469DF81330B2
:10732800C3F340129B093A7033709DF8143003F090
:1073380003032B7007B0F0BD0120FBE7F0B587B061
:1073480007460D46164603F03BF80446C0B901A9A6
:1073580014224FF4807003F08DF820469DF8141025
:10736800C1F380033B70C1F3C30333609DF815304C
:107378005B0003F00E0343EAD1132B6007B0F0BDA6
:107388000120FBE7002070472DE9F04FADF5017DA6
:107398004FF49E720190039131A800213DF030FD19
:1073A8000022714905AB086849680DF1110403C34F
:1073B8006E490DF11205086849680DF1130603C3FB
:1073C8008DF8102020468DF8112031462A46FFF707
:1073D80095FF9DF81130664C8BB1636E9DF81220B5
:1073E80023F4404343EA823363669DF81330012B4C
:1073F80040F0A9805F4B07931F238DF820304FF092
:1074080080464FF0FF3273695B4D114603F03F032E
:10741800022002933DF088FCD5F8EC30574A43F03F
:107428001C03C5F8EC30564B2820596F28AF0A408A
:1074380042F0534242F400425A67D3F8B02051490F
:1074480042F48072C3F8B020D3F8B02022F0FC02D6
:10745800C3F8B020D5F82C2142F48012C5F82C21AD
:107468002A6822F010022A60E26922F4F04242F40B
:107478000052E261226A22F4675222F03F0222623D
:10748800226A42F4855242F00C022262226C22F4F3
:1074980078722264226C42F4CF7242F001022264B4
:1074A800E26C22F03E0242F01802E264D4F8A42012
:1074B80042F00402C4F8A420226D22F470722265FE
:1074C800E26842F08802E260D5F82C2142F480128A
:1074D800C5F82C212A6842F088022A602A4AC2F894
:1074E8009C102A49C2F8A0104FF42861C2F89410E1
:1074F800D2F8941041F4804141F00301C2F894108D
:107508005A6F42F4C0025A673DF02EFC336943F0CB
:1075180001033361736923F03F0343F0020373618E
:1075280000261FAB0093039B3341DA0740F1978194
:10753800B3B29A1E042A12D8DFE812F045032A00D3
:107548002B0335033B03032B7FF459AF04238DF83A
:107558001D3040F60C03ADF81E3018234DE76022AD
:107568004FF6FF731AE000BF513505125A35051260
:10757800002808400607100C00400840FF3F7F0025
:107588000000094000000C4000100040008040202E
:107598007022236C23F060032364102305A9705C18
:1075A8000DF11C0CD4F8AC1016F80CC021F478417D
:1075B80041EACC21C4F8AC10C5F83421D4F8A8208D
:1075C8004FF4FC6822F0704242EA0072C4F8A82026
:1075D8004FF6FF724FF0FF396FF0004A93421FBF1A
:1075E800E26C22F03E0242EA4303E364AB6CC54A14
:1075F8006FF3090343F04003AB64D36A43F4606359
:10760800D362D4F8A83003F07043C4F8A830D4F893
:10761800A83043F08063C4F8A830D4F8AC3003F045
:10762800F823C4F8AC30B84BD4F8AC20C8F30A0B34
:107638001A4042EA0B42C4F8AC200120FFF7E0FDF3
:10764800484571EB0A02B8BF009A08F101081FFA11
:1076580088F8BEBF81468A46C2F800B0B8F5026F06
:10766800A94BE1D14FF4FC684FF0FF396FF0004AA5
:10767800009AD4F8AC3012686FF31A4343EA024315
:10768800C4F8AC30A14BD4F8AC20C8F30A0B1A40AC
:1076980042EA0B02C4F8AC200120FFF7B1FD08F163
:1076A8000108484571EB0A021FFA88F8BEBF8146F7
:1076B8008A46C7F800B0B8F5026F944BE3D14FF48F
:1076C800FC684FF0FF396FF0004AD4F8AC303A68E4
:1076D8006FF30A031343C4F8AC308B4BD4F8AC20D7
:1076E800C8F30A0B1A4042EA0B42C4F8AC20012046
:1076F800FFF786FD484571EB0A02B8BF009A08F10A
:1077080001081FFA88F8BEBF81468A46C2F800B051
:10771800B8F5026F7C4BE1D14FF4FC684FF0FF39AC
:107728006FF0004A009AD4F8AC3012686FF31A432D
:1077380043EA0243C4F8AC30744BD4F8AC20C8F325
:107748000A0B1A4042EA0B02C4F8AC200120FFF7EA
:1077580057FD08F10108484571EB0A021FFA88F83D
:10776800BEBF81468A46C7F800B0B8F5026F674BBE
:10777800E3D14FF440584FF0FF396FF0004AD4F886
:10778800AC303A686FF30A0313435E4AC4F8AC306E
:10779800D36A23F4606343F40063D362AB6C6FF382
:1077A800090343F08003AB64D4F8A8306FF39B332C
:1077B80043F08063C4F8A830554BD4F8A810C8F338
:1077C8000D0B194041EA0B010220C4F8A810FFF77D
:1077D80017FD484571EB0A0C0DAA08F11008BEBF49
:1077E80081468A4642F826B0B8F5A04F484BE4D106
:1077F8004FF47C684FF0FF396FF0004AD4F8A83096
:107808000DAA52F826206FF30D031343C4F8A830CD
:10781800404B0DF1580BD4F8A82002201A4042EA38
:107828008832C4F8A820FFF7EBFC484571EB0A0240
:10783800B8BF4BF8268008F10108BCBF81468A46CC
:10784800B8F5825F334BE6D1D4F8A83016AA52F8BF
:1078580026206FF39B3343EA8233C4F8A830009B99
:1078680001360433072E07F1040700937FF45BAE5B
:1078780030226368284923F4FD4323F07F036360C3
:107888006368264843F4A84343F07503636023689C
:1078980004AD23F4706343F420632360D4F8AC3060
:1078A80023F47843C4F8AC30D4F8AC3043F46053D4
:1078B800C4F8AC301A4BC3F83421D4F8A8304C22A1
:1078C80023F0704343F0E043C4F8A830E36C23F09E
:1078D8003E03E364236C23F060032364E36B23F427
:1078E800F023E36323F08CF8FFF74CFD20B1284622
:1078F8007FAA31A9FFF722FD2D78002D00F07E81A7
:1079080010E000BF00A00C50FFFF00F800F8FFFFD8
:1079180000C0FFFFFF3F00F0FCA5051268410840CA
:1079280000400840272731AE35462621319B589A1A
:10793800A2EB030C07FB03C3B3FBF7F007FB103EF6
:107948000139BEF1130F88BF013089B26860634402
:1079580004350029F0D1272026257F9F59A9A7EBB8
:10796800020C00FB02C2B2FBF0F300FB132EBEF1C7
:10797800130F88BF01330B606B1E9DB26244043144
:10798800002DF0D1636A0A2023F0704343EA07739D
:1079980063623DF0E9F90E272B466FF04D0C8B49D9
:1079A8000878002B00F0C18107FB03F292FBFCF280
:1079B8000244CA5401334F2BF3D105B108705E2736
:1079C800D4F89C3082481B0C03F180417F4D814ADA
:1079D80001F50221184415F8018B56F8049BB8F1FB
:1079E8005E0F84BF4FF05E0805F8017C0B684FEA14
:1079F800580C1340C8F3400843EA09730CF0020E10
:107A080043EAC8330CF01C0C43EA8E4343EACC53D8
:107A180041F8043B8842DED163686F4A23F0FF03D4
:107A2800636063686D4D43F031036360D2F894304E
:107A38006B4E23F00103C2F89430D5F82C31142092
:107A480023F48013C5F82C31736F0DF1580823F017
:107A5800C0237367736F1FAF23F4001373673DF080
:107A680083F9736F142023F4800373673DF07CF966
:107A78004FF04432D5F8EC305A4943F40063C5F866
:107A8800EC30D5F8EC3007A823F00C03C5F8EC303F
:107A9800D6F8B0300DF1340E23F48073C6F8B03048
:107AA800514B0DF1A00CC5F8043103F16843C5F83A
:107AB8000C314E4BC5F81021C5F81431C5F82421F6
:107AC800C5F828310022AB6C6FF3090343F040037B
:107AD800AB64236D43F420732365D4F8A43023F0FA
:107AE8000403C4F8A430E36823F08803E360D5F8FE
:107AF8002C3123F48013C5F82C312B6823F00803AC
:107B08002B60019B05ADC4F8A030019B19445FFAB6
:107B180082F9042A84BF09F1FF395FFA89F915F857
:107B280001AB5EF8293058F8296043EA0A7343EA42
:107B3800863341F8043C10F8013B5CF82960DB020D
:107B480043EA0A73334357F82960013243EA06438C
:107B5800082A41F8083BDAD164203DF005F9D4F849
:107B680094202349234B94B213FA82F311FA82F238
:107B7800214943F8041B9A42FBD14FF0FF32029887
:107B880011463DF0D1F804F128000DF5017DBDE85E
:107B9800F08FE36B502223F4F023E363236C23F08C
:107BA80060032364F9E4E36C302223F03E03E364CA
:107BB800D6E4226C22F478722264226C42F08002AD
:107BC80022641822EAE460220423E7E40D870020F7
:107BD8003C210840FF7FF7010010004000400840AA
:107BE8000000094004200840555555804450505025
:107BF800A8200840802008400150015031AE3022B2
:107C08004C4BC3F8342103F540435A6F22F07E529F
:107C18005A675A6F002D7BD15A67D4F89C301B0CD9
:107C2800002D7CD103F1804303F502231B684FF03C
:107C38001E084FF4806B63626369282043F0800359
:107C48006361636909AF23F0800363613DF08CF8D9
:107C5800D4F8A830102203F07043C4F8A830D4F840
:107C6800A830002143F08063C4F8A830D4F8AC30C1
:107C7800384603F0F823C4F8AC303DF0C1F82E487C
:107C88004FF0000E0F21F246636A23F0704343EA77
:107C980001736362C0F898B003689B00FCD50022AA
:107CA80094464368DFF8A09043F00053436059F8C6
:107CB800043BC3F309039B181A46204B4CF1000CF4
:107CC8009945F4D196457AEB0C03B8BF316001F1C0
:107CD800FF31BCBF9646E2460229D5D13268B8F1D9
:107CE8000108BB5C03F10103BB54C9D10F23336006
:107CF8003268F95CBA5C914288BF3360013B022B61
:107D0800F6D10135032D06F19C067FF478AF09E61C
:107D1800012D0CBF42F09C5242F01C527CE7012D11
:107D28000CBF074A074A9B5881E701235E201D467E
:107D38003AE600BF00400840001000400090402094
:107D48009C200840382108400080402073B5214B12
:107D58006C46B3F84420186C93F84630ADF804200C
:107D68008DF8063000900EF0AEFB05460EF0A9FB2C
:107D780006460EF0AAFB86421BDB0EF0A2FB06238A
:107D8800E256AA4218DD013BFAD20023002214F978
:107D9800011B814212DA0132072AF8D100220020A1
:107DA8000124014693420BDD0B4B88B9187002B0D1
:107DB80070BD0EF08AFBE2E75BB2E7E7D2B2EEE70E
:107DC80004FA03F0014301330120C9B25BB2E9E7C9
:107DD8001970ECE72AAC05120C87002010B5D24ABE
:107DE800D24C536B23F006035363536B23F0010308
:107DF8005363936B23F478439363936B23F4806307
:107E08009363536B43F002035363536B43F00103D3
:107E18005363936B43F400639363936B9363936C23
:107E28006FF39D339364936C43F0085343F4081342
:107E38009364D36C23F4C043D364D36C43F4C0433A
:107E4800D364536D6FF30F035365536D43F42A43A3
:107E580043F0AA035365D36D23F09863D365D36DBC
:107E680043F09863D365B24B196841F0100119606B
:107E7800596841F080615960D3F8FC00AD49084069
:107E8800C3F8FC00106E40F480601066D06820F4DF
:107E98000040D0604FF04430D3F8EC2022F02002AC
:107EA800C3F8EC20D3F8EC2042F02002C3F8EC2011
:107EB800A14AC3F8042102F16842C3F80C219F4A81
:107EC800C3F81001C3F81421C3F82401C3F828210A
:107ED8009A6C9B480A409A649A6CA1F5FE316FF33C
:107EE80093229A649A6C42F4003242F0A6029A6491
:107EF800D3F838210A40C3F83821D3F83C210A4086
:107F0800C3F83C21D3F8382142F4D53242F0E102DB
:107F1800C3F83821D3F83C2142F4C032C3F83C21DD
:107F28005A6D02F000425A65596D864A0A435A65ED
:107F38001A6F02F000421A67196F834A0A431A67D8
:107F4800D3F8902042F00102C3F8902043F2245263
:107F58005A641A6D6FF30D021A651A6D42F4A06225
:107F68001A65D3F8F42002F07842C3F8F420D3F865
:107F7800F42042F4F732C3F8F420D3F8F42042F0A6
:107F8800FD02C3F8F420D3F8F42042F02172C3F8BC
:107F9800F420D3F8F82002F07842C3F8F820D3F898
:107FA800F8106A4A0A430021C3F8F8209A686FF368
:107FB8009B329A609A6842F040629A601A6A196223
:107FC8001A6A42F480421A62DA6AD962DA6AA1F558
:107FD800801142F48042DA621A6C22F080021A643C
:107FE8001A6C42F080021A64D3F8D82022F080621A
:107FF800C3F8D820D3F8D82042F08062C3F8D8203C
:10800800D3F8E0200A40C3F8E020D3F8E02042F497
:10801800803242F48072C3F8E020D3F8E4200A40AA
:10802800C3F8E420D3F8E420494942F4803242F40A
:10803800A072C3F8E420D3F890206FF34A02C3F883
:108048009020D3F8902042F05002C3F89020D3F843
:10805800E82022F0F002C3F8E820D3F8E82042F044
:108068008002C3F8E820D3F8E82022F00F02C3F812
:10807800E820D3F8E82042F00402C3F8E820D3F857
:10808800E82022F47042C3F8E820D3F8E82042F44C
:108098000042C3F8E820D3F8E82022F47062C3F85D
:1080A800E820D3F8E82042F48062C3F8E8201A6890
:1080B80042F080621A60D3F8B4210A40C3F8B421B0
:1080C800D3F8B42142F00802C3F8B421D3F8B4219C
:1080D8002240C3F8B421D3F8B42142F48062C3F833
:1080E800B421D3F8B4210240C3F8B421D3F8B421A1
:1080F80042F0F86242F48022C3F8B421D3F8B821E0
:108108000A40C3F8B821D3F8B82142F4EF7242F01C
:108118000102C3F8B821D3F8B8212240C3F8B82126
:10812800D3F8B82116E000BF00280840FF01FCFF83
:108138000040084000FCFFFF555555804450505002
:10814800FFFF03F86889000B20410005FFFEB90214
:1081580000FEFFFF42F46E3242F40072C3F8B82109
:10816800D3F8B8210240C3F8B821D3F8B82142F0B7
:10817800FF62C3F8B821D3F8BC210A40C3F8BC2178
:10818800D3F8BC2142F04302C3F8BC21D3F8BC2188
:108198002240C3F8BC21D3F8BC2142F49B32C3F877
:1081A800BC21D3F8BC2102404FF48000C3F8BC21A5
:1081B800D3F8BC2142F06572C3F8BC21D3F8C021C2
:1081C8000A40C3F8C021D3F8C021A1F5FC4142F010
:1081D800FF02C3F8C021D8615A6A0A405A625A6A33
:1081E80042F040025A6298621A6B0A401A631A6B8C
:1081F80042F040021A6310BD37B5FFF77DF808B9A1
:10820800FFF7A4FD1C4C3CF023FEE36B23F4006352
:10821800E363FDF79DFEFDF717FFFEF719FC4FF02E
:1082280080431A6922F001021A611A6942F00102B8
:108238001A61124B1978FFF7A7F8FFF7CFFD104B1B
:108248002367FFF759F805460EF03FF904040EF0CE
:108258003AF944EA056405460EF033F9042240EA87
:10826800040343EA05230DEB02010620019303F002
:108278006DFC03B030BD00BF002808400C8700200B
:108288000000022670B5044602200D463CF01CFE94
:10829800654AD2F8EC3023F40063C2F8EC30002CC5
:1082A80040F0998002F54042D2F8B030002D43F4F6
:1082B8008073C2F8B03009DD042D61DD0A2D61DD5F
:1082C8000D2D61DD102DCCBF05240424574B5649D4
:1082D8001A570A2A5ADCD1F8EC30EDB223F00C0315
:1082E800C1F8EC30524B0A2D5A6B22F006025A6341
:1082F8005A6B22F001025A639A6B22F478429A630D
:108308009A6B22F480629A635A6B42F004025A63B1
:108318005A6B5A639A6B42F478429A639A6B42F4A6
:1083280080629A6379D8434B595DFF2975D0424BD7
:10833800D3F8B02022F0FC02C3F8B020D3F8B02064
:1083480042EA8102C3F8B0200024EFF3108601232B
:1083580083F31088394D2B7823B940F24D113848F2
:108368000EF0E8F82B78013BDBB22B7023B9354AC5
:10837800D36A23F00103D36286F31088204670BDC8
:108388000124A3E70224A1E703249FE72A4B0C2A30
:10839800D3F8B00040F48050C3F8B000D1F8EC0036
:1083A80040F00C00C1F8EC0039DD102A0FD0132A78
:1083B8000FD00D2A35D10421D3F8B02022F4606201
:1083C800C3F8B020D3F8B02042EA4122BAE7062128
:1083D800F2E70721F0E7012CB6D1174B002DD3F8AF
:1083E800B02042F48052C3F8B02012DD032D05DD21
:1083F800062D10DD0B2DB4BF03240424D3F8B020C0
:1084080022F46062C3F8B020D3F8B02042EA4422D4
:1084180098E70024F2E70224F0E70C2495E7032408
:1084280093E7022491E700BF004008407CAC0512A6
:108438000028084071AC051200000940F0820020B5
:108448006335051200000C507047704770B5254B16
:10845800FF225D680A238AB001260024CDE90123A2
:108468004FF40043324669462046ADF802308DF895
:1084780000608DF8014003F069FB04220DEB020156
:10848800104603F063FB042202A9032003F05EFBFD
:10849800022205200DEB020103F058FBEDB2324633
:1084A80007200DEB060103F051FB062D18D9142205
:1084B8000D4B21460DEB020003933CF0A1FC4FF459
:1084C800886304939DF80030042203A90E208DF8D8
:1084D8001D3003F03BFB18220B2004A903F036FBE8
:1084E8000AB070BD00B0005000FE0720FFF7AEBF15
:1084F80038B502203CF0E8FC00203CF055FCFFF7C2
:10850800F5FF02203CF058FC2A4CA0420DD9052268
:10851800012102203CF008FC02203CF04DFCA04266
:1085280003D9AF2124480EF005F8244C6368DBB268
:10853800062B01D8FFF789FF4FF0015003F09AFB93
:108548006368DBB2062B2AD8FDF748FC1C4B1B7866
:108558000BB9FFF751FEFFF777FF4FF4A042002158
:1085680018483CF04DFC3CF05BFCEFF31085012310
:1085780083F31088144C23781BB9BB210E480DF0E7
:10858800D9FF2378013BDBB2237023B90F4AD36AA2
:1085980023F00103D36285F31088002038BD4FF41F
:1085A800A06200214FF001503CF02AFCFDF734FC9A
:1085B800CCE700BF00366E01A735051200B00050A9
:1085C8004099002000804020F082002000000C50DC
:1085D80008B500203CF0E8FB002008BD704700000B
:1085E80010B5104B1C691A6EDA695A6A003C18BF3C
:1085F8000124900709D548F2FF11596119624FF417
:108608000061094BC3F8801101E0D106F3D4074B90
:108618005B7E23B112F0120F01D0FFF7DFFF204677
:1086280010BD00BF0000094000E100E044990020AF
:10863800FFF7D6BFDFF848D0124880F30A88FDF765
:1086480049FB114C114DAC4209DA21686268A368F4
:10865800043BA2BFC858D050FAE70C34F3E70C4BE0
:108668000C4CA34208DA19685A680020043AA4BFDF
:108678008850FBE70833F4E70EF08BFAFEE7FEE7D5
:108688000020002000000020E052061204530612C9
:108698000453061214530612002070477047000056
:1086A800024A136801331360704700BF64990020C1
:1086B8007047000008B5054B1B6A5B0002D507F040
:1086C800D9FE08BDFFF7F4FFFBE700BF00B000507C
:1086D800024B9A6B22F400729A637047007008503C
:1086E800064B9A684AB19A6842F003029A60044AB3
:1086F800136813B1002111601847704700D000506B
:1087080068990020064B9A684AB19A6842F0380284
:108718009A60044A136813B1002111601847704722
:1087280000D0005068990020054A936843F003037D
:108738009360044A136813B1002111601847704709
:1087480000D000506C990020054A936843F0380324
:108758009360044A136813B10021116018477047E9
:1087680000D000506C990020014B1870704700BF72
:108778007B990020014B1870704700BF7A99002040
:1087880038B505464A4C4B4801F068FFD4F8943098
:10879800642023F48053C4F89430D4F8943023F43C
:1087A800C043C4F894302B7CA97AD4F894201B03D6
:1087B80043EA4133134343F4000343F40263C4F828
:1087C8009430D4F8983043F4004343F08003C4F85D
:1087D8009830D4F88C3023F48073C4F88C303CF093
:1087E800C3FAD4F88C30052043F48073C4F88C3075
:1087F800D4F8C03023F48043C4F8C030D4F8C03073
:1088080023F00103C4F8C030D4F8C43023F00103C6
:10881800C4F8C430D4F8C03043F48003C4F8C0307E
:10882800D4F8C43023F48003C4F8C4303CF09CFA74
:10883800D4F8C030012043F40013C4F8C030D4F891
:10884800C43023F40013C4F8C4303CF08DFAD4F8D3
:10885800C0300A2043F00103C4F8C030D4F8C43053
:1088680043F00103C4F8C4303CF07EFAD4F8C030B9
:108878000A2043F40003C4F8C030D4F8C43023F409
:108888000003C4F8C4303CF06FFAD4F8C0300A4A88
:1088980023F48053C4F8C030D4F8C430002023F443
:1088A8008053C4F8C430138843F00103138038BDE3
:1088B80000800850193605127899002000221D4BB7
:1088C8001D481A801D4BD3F8841021F08051C3F83D
:1088D8008410D3F8841021F00061C3F88410D3F811
:1088E800841021F40041C3F88410D3F88C1021F4CB
:1088F8000051C3F88C10D3F8901021F08041C3F8D0
:108908009010D3F8941021F40001C3F89410D3F810
:10891800801021F00101C3F880109A67DA675A6F56
:1089280022F001025A675A6F22F080025A6701F05A
:1089380095BE00BF78990020303605120080085097
:1089480010B5254C0A20D4F8C03043F48053C4F83D
:10895800C030D4F8C43043F48053C4F8C4303CF079
:1089680003FAD4F8C0300A2023F40003C4F8C03056
:10897800D4F8C43023F40003C4F8C4303CF0F4F94C
:10898800D4F8C0300A2023F48003C4F8C030D4F8E7
:10899800C43023F48003C4F8C4303CF0E5F9D4F8BB
:1089A800C0300E4823F40013C4F8C030D4F8C430E3
:1089B80023F40013C4F8C430D4F8C03023F0010302
:1089C800C4F8C030D4F8C43023F00103C4F8C4306C
:1089D800BDE8104001F042BE008008503E36051246
:1089E80010B5174C174801F039FE636F022023F0C9
:1089F80080036367D4F8803023F00203C4F8803022
:108A0800D4F8803043F00103C4F88030D4F88030C3
:108A180023F02003C4F88030D4F8983043F0800362
:108A2800C4F89830D4F8983043F40043C4F8983028
:108A38003CF012FA636F23F08003636710BD00BF38
:108A4800008008505436051210B5244801F006FE7F
:108A580041F63113224C642063670023A367E36760
:108A68003CF082F9D4F88430322043F08053C4F8C3
:108A78008430D4F8843043F00063C4F88430D4F8E8
:108A8800843043F40043C4F88430D4F8843023F4A9
:108A9800F863C4F88430D4F8843043F40073C4F81D
:108AA8008430D4F88C3043F40053C4F88C30D4F8B4
:108AB800903043F08043C4F89030D4F8943043F4B5
:108AC8000003C4F8943043F21333C4F888303CF000
:108AD8004BF9BDE81040FFF783BF00BF64360512AD
:108AE8000080085038B50546774C784801F0B6FD47
:108AF800636F022023F080036367D4F8AC3043F03F
:108B08000203C4F8AC30D4F8AC3023F00103C4F845
:108B1800AC303CF0A1F9636F23F080036367297AD6
:108B2800E8796A7A4B0243EA006343EA822343EA1C
:108B3800813343EAC23343F45C0343F40753C4F874
:108B48009C30D4F88C30012023F48073C4F88C3026
:108B58003CF082F9D4F88C30142043F48073C4F8C4
:108B68008C30D4F8B03023F48003C4F8B030D4F893
:108B7800B03023F40013C4F8B030D4F8B03023F088
:108B8800C073C4F8B030D4F8B030AA7A43EAC253FC
:108B9800C4F8B030D4F8B03043F00803C4F8B030AB
:108BA800D4F8B43043F00103C4F8B430D4F8B0308A
:108BB80023F4E013C4F8B030D4F8B03043F4801391
:108BC800C4F8B030D4F8B43043F00803C4F8B43073
:108BD800D4F8B43023F00403C4F8B430D4F8B03077
:108BE80023F4E073C4F8B030D4F8B03043F0800315
:108BF800C4F8B030D4F8B83023F0C073C4F8B83033
:108C0800AA7AD4F8B83043EAC253C4F8B830D4F8D2
:108C1800B83043F00803C4F8B830D4F8BC3043F097
:108C28000103C4F8BC30D4F8B83023F4F803C4F80E
:108C3800B830D4F8B83043F4F003C4F8B830D4F8F6
:108C4800BC3043F00803C4F8BC30D4F8BC3023F07F
:108C58000403C4F8BC30D4F8BC3023F4E073C4F87F
:108C6800BC30D4F8BC3043F08003C4F8BC303CF0CE
:108C7800F3F8D4F8B430164A43F00403C4F8B43017
:108C8800D4F8B03023F00803C4F8B030D4F8B430C6
:108C980023F00103C4F8B430D4F8BC3043F0040323
:108CA800C4F8BC30D4F8B83023F00803C4F8B8309E
:108CB800D4F8BC3023F00103C4F8BC30138843F067
:108CC8000403138038BD00BF0080085071360512B8
:108CD800789900200A4B0B48D3F8B42022F00802F8
:108CE800C3F8B420D3F8BC2022F00802C3F8BC2093
:108CF800D3F8AC2022F00202C3F8AC2001F0AEBCDD
:108D0800008008508836051210B50446002800F087
:108D1800828090F8893003F0FF020BB980F8882030
:108D2800022304F1600184F8893084F88A3084F8D9
:108D38008B3084F88C3004F1500353F8042F02B1BF
:108D480014638B42F9D1606DA8B14FF400724FF0F3
:108D5800800E4FF40061C0E904E2202200234FF0A6
:108D6800100CC0E906124FF40052C0E902C3C0E972
:108D7800082301F06DF8A06DA8B14FF400724FF010
:108D8800800E4FF40061C0E904E2202200234FF076
:108D9800100CC0E906124FF40052C0E902C3C0E942
:108DA800082301F055F8E06D98B14FF400724FF0C8
:108DB800800E4FF40061C0E904E220220023C0E9DC
:108DC80006124FF40052C0E90233C0E9082301F04B
:108DD8003FF8206E90B14FF4007280214FF4006C80
:108DE800C0E9041220220023C0E906C24FF4005251
:108DF800C0E90233C0E9082301F02AF80123002062
:108E0800C4F8900084F8893084F88A3084F88B306C
:108E180084F88C3010BD0120FCE770B50446A8B377
:108E2800002500F15006621992F8893043F00203D8
:108E380082F8893056F8040F08B101F091F801352D
:108E4800042DF0D100202268536823F002035360F8
:108E58002268536823F001035360C4F8900094F823
:108E68008930DBB284F8893094F88A30DBB284F830
:108E78008A3094F88B30DBB284F88B3094F88C30DD
:108E8800DBB284F88C3084F8880070BD0120FCE7E0
:108E980030B5A0B1056854686B6843F018036B607F
:108EA8001278A379056843EA0213227943EAC213C8
:108EB800627943EA02232B6119B101290FD00120FD
:108EC8000CE021890C4B026843EA414313631722E3
:108ED80003685A63FF2203689A65002030BD218920
:108EE800054B026843EA4143936317220368DA6338
:108EF800FF220368DA65F0E70906010030B578B1AA
:108F080055681278AB79046843EAC2032A7943EAC0
:108F180082136A7943EA0223636119B1012906D0F1
:108F2800012003E00368044A1A62002030BD036888
:108F3800024A5A62F9E700BF1D0C01003D0C01000E
:108F4800CA0718D50268136B23F00103136302687C
:108F5800936B23F0010393630268136943F04003A2
:108F680013610268136923F040031361104A1388E0
:108F780023F0010313808B0718D50268136A23F0C6
:108F8800010313620268536A23F001035362026803
:108F9800536943F0200353610268536923F02003A7
:108FA8005361034A138823F0040313800020704799
:108FB80078990020F8B50D46A8B3012933D882EA7C
:108FC800E273A3EBE273002A03F001064FEA63039E
:108FD80001DAFEB95B4203F124045A2C23D8362B5C
:108FE80000D106BB0623B4FBF3F103FB114406EBE7
:108FF8004402160304680F0275B9236B23F47F43F8
:109008003B4333432363036808481B6B01F026FB8B
:109018000020F8BDDB43DEE7A36B23F47F433B432B
:109028003343A363EFE70120F3E700BF9E36051241
:10903800E0B103681A6B71B142F002021A63036867
:109048000B4A9A6501688B6B43F002038B630368D4
:109058000020DA65704722F002021A63FF220368D3
:109068009A6501688B6B23F00203EFE701207047D4
:10907800FF00010030B500B30368114D114C1A6BA5
:1090880089B1C2F303322A609A6BC2F303322260B9
:109098001A6B42F470421A630268936B43F470438C
:1090A8000020936330BD296861F30F321A630268A8
:1090B8002168936B61F30F33F2E70120F2E700BFF9
:1090C80074990020709900202DE9F0410E4605465C
:1090D800002854D000EB8300D0F854C0BCF1000F36
:1090E8004DD000294BD0002A49D0991E022946D8D4
:1090F80005EB030E9EF8894014F0080441D195F859
:10910800881001293DD0022B4FF001014FF00803D0
:109118004FF0000885F888102F688EF889301A4BB0
:109128004FEA9202C5F8908046664267CCF838301C
:10913800436D08BF07F140011A6808BF203713685C
:1091480018BF07F1440143F020031360436D0F4A31
:1091580018BF24375A63436D0D4ADA63436DC3F869
:109168004080436F426E406D01F030F83B6843F039
:1091780080033B6085F888802046BDE8F0810124A3
:10918800FAE70224F8E700BFED9102120F920212EB
:109198003392021238B500EB81030446586D0D4630
:1091A80008B100F03DFF032D08D8DFE805F00209FB
:1091B8000F152268136B23F080031363002038BD5A
:1091C8002268936B23F080039363F7E72268136A9E
:1091D80023F080031362F1E72268536A23F08003C7
:1091E8005362EBE7002110B50346006B00F1500213
:1091F80052F8044F9C4203D001310429F8D110BD24
:109208000CF0E4FFFBE7002110B50346006B00F10A
:10921800500252F8044F9C4203D001310429F8D17E
:1092280010BD0CF0A7FFFBE77047002110B50346FF
:10923800006B00F1500252F8044F9C4203D00131F8
:109248000429F8D110BD0122431883F88920FFF7BB
:10925800EBFFF7E770B5044630B3002500F13C0694
:10926800621992F8A53043F0020382F8A53056F847
:10927800040F08B100F074FE0135082DF0D1226802
:10928800536823F0010353600023C4F8B030E11899
:1092980091F8A5200133D2B2082B81F8A520F6D188
:1092A800002084F8A40070BD0120FCE710B5002858
:1092B80044D0032942D8DFE801F002182237947815
:1092C8001378012C4FEAC303D1781DBF43EA440346
:1092D80052780B430B4318BF43EA8203026808BF66
:1092E80043F002031361002010BD937811785B00EE
:1092F800D27843EAC103134302689361F3E7947891
:109308001378012C4FEAC303D1781DBF43EA440305
:1093180052780B430B4318BF43EA8203026808BF25
:1093280043F002031362DEE7937811785B00D2788A
:1093380043EAC103134302689362D4E70120D3E7E9
:1093480010B510B119B1012917D0012014E0947893
:109358001378012C4FEAC303D1781DBF43EA4403B5
:1093680052780B430B4318BF43EA8203026808BFD5
:1093780043F002031363002010BD937811785B005B
:10938800D27843EAC103134302689363F3E70268A0
:109398000346002010611A6890611A6810621A6802
:1093A80090621A6810631A6890631A6810641B68E0
:1093B8009864704702680346002010611A6890613B
:1093C8001A6810621A6890621A6810641B689864B8
:1093D800704702680346002010631B689863704753
:1093E80010B500B301291ED82432602A1BD80624E0
:1093F800B2FBF4F3006804FB132251B9016D03F0CA
:109408000F0343EA421321F0FF02134303650020D0
:1094180010BD016D1B0203F4706321F47F410B43FF
:1094280043EA4233F2E70120F2E770B50C460546FD
:1094380000286CD02379E2781B04D20402F460126D
:1094480003F4E0231343A2780168920502F0E07266
:10945800134362780E6D520602F0606213436FF395
:109468001B4633430B6594F906200021FFF7B8FF2C
:10947800012194F905202846FFF7B2FFE37CA27C7E
:10948800DB00920102F4E07203F038031343227DFB
:1094980002F007021343627C520202F46062134333
:1094A800627B120502F440121343227B920502F4F8
:1094B80080021343E27AD20502F400021343A27A2F
:1094C800120602F080721343627A520602F00072AA
:1094D8001343227A920602F080621343E279D2069D
:1094E80002F0006213432A6843F0404151652A683C
:1094F800516D11F0405FFBD000205365A369627D78
:1095080023F0004343EAC2732A68936570BD0120C3
:10951800FCE710B500B301291ED82432602A1BD8F5
:109528000624B2FBF4F3006804FB132251B9016E60
:1095380003F00F0343EA421321F0FF0213430366CB
:10954800002010BD016E1B0203F4706321F47F41FB
:109558000B4343EA4233F2E70120F2E770B50C46C9
:109568000546D8B10668237AE279316E5B04920425
:1095780002F4802203F4003301F4E02113430B4387
:109588003366002194F90B20FFF7C3FF0121284619
:1095980094F90A20FFF7BDFF002070BD0120FCE709
:1095A8002DE9F8430446002800F0CD8090F8A53056
:1095B80003F0FF020BB980F8A42002232546226895
:1095C80084F8A53084F8A63084F8A73084F8A83049
:1095D80084F8A93084F8AA3084F8AB3084F8AC3029
:1095E8005368616861F313435360226804F15C01B6
:1095F800536843F4807353602289638943EA0243C2
:109608002268936055F83C2B536823F0010353609C
:109618002B4653F8042F02B114638B42F9D14FF053
:10962800100800264FF0800904F14C0755F8040F84
:1096380088B14FF400634FF400722021C0E905237C
:109648004FF40053C0E90286C0E90713C0F8109030
:10965800466200F0FDFBAF42E8D1206D98B14FF4AF
:1096680000724FF080084FF40069C0E9048220229C
:109678000023C0E906924FF40052C0E90233C0E962
:10968800082300F0E5FB606D98B14FF400724FF0CD
:10969800800C4FF4006EC0E904C220220023C0E908
:1096A80006E24FF40052C0E90233C0E9082300F093
:1096B800CFFBA06D90B14FF4007280264FF4006785
:1096C800C0E9046220220023C0E906724FF4005268
:1096D800C0E90233C0E9082300F0BAFBE06D90B19D
:1096E8004FF4007280214FF40065C0E90412202273
:1096F8000023C0E906524FF40052C0E90233C0E922
:10970800082300F0A5FB04F110012046FFF78DFEA9
:10971800204604F12C01FFF721FF01230020C4F8A3
:10972800B00084F8A53084F8A63084F8A73084F80F
:10973800A83084F8A93084F8AA3084F8AB3084F8CB
:10974800AC30BDE8F8830120FBE70000F8B51E4601
:109758000546002861D000EB8300036C002B5CD029
:1097680000295AD0002A58D0032E56D895F8A4308C
:10977800012B02D102242046F8BD0123AF1985F838
:10978800A43097F8A54014F0040442D12B68016670
:1097980097F8A510920841F0040187F8A510C5F8BC
:1097A800B040596841F040015960C0F88020B5F8D0
:1097B800B410026C022924D19463026C11680A68FF
:1097C80022F020020A60026C154903F11007516368
:1097D800026C1449D16303F11402016ED0F8803091
:1097E80002EBC602006C00F0F1FC57F8363023F0AB
:1097F800080343F0010347F83630002385F8A43006
:10980800B9E709499163026C11680A6842F02002BD
:10981800D8E7002385F8A430ACE70124ABE700BF04
:1098280057990212E1990212799902122DE9F84327
:109838000646002865D000EB8305286C002860D018
:1098480000295ED0002A5CD01F1F042F59D833444A
:1098580093F8A54014F0080455D196F8A4000128FF
:1098680051D001204FF0080E86F8A4003068012F6F
:1098780083F8A5E0C6F8B04098BF43684FEA920263
:109888009CBF43F0800343602966C5F88020B6F882
:10989800B42000F1340C022A2B6C0CEBC70C00F13D
:1098A800300926D100229A632B6C1A68136823F0BA
:1098B80020034FF0000813602B6C144A61465A636A
:1098C8002B6C134ADA632B6CC3F84080D5F88030D0
:1098D8002A6E286C00F07AFC59F8373023F0080318
:1098E80043F0010349F8373086F8A4802046BDE8E4
:1098F800F883084A9A632B6C1A68136843F02003AC
:10990800D7E70124F2E70224F0E700BFBD9902126D
:10991800E19902129B99021238B501F1100305462C
:1099280050F823000C4608B100F07AFB032C06D847
:109938002A68536823F040035360002038BD043C74
:10994800012CFAD82A68536823F08003F4E7002131
:1099580010B50346006B00F13C0252F8044F9C42DC
:1099680003D001310429F8D110BD0BF0C9F9FBE788
:10997800002110B50346006B00F13C0252F8044F79
:109988009C4203D001310429F8D110BD0BF0EAF94B
:10999800FBE7042110B50346006B00F14C0252F8B6
:1099A800044F9C4203D001310829F8D110BD0BF0B7
:1099B80045FAFBE7042110B50346006B00F14C02A1
:1099C80052F8044F9C4203D001310829F8D110BD48
:1099D8000BF0EEF9FBE77047002110B50346006B6A
:1099E80000F13C0252F8044F9C4203D0013108298F
:1099F800F8D110BD0122431883F8A520FFF7EBFF2B
:109A0800F7E70000C31E042B10B5044603D96E21E6
:109A180009480CF08FFD09492302CA6803F4E06382
:109A280022F4E0621204120C134343F0BF6343F4C0
:109A38000033CB6010BD00BFC636051200ED00E054
:109A48000F2A70B505460C46164603D985211A48D3
:109A58000CF070FD0F2C03D9862117480CF06AFD15
:109A6800164BD968C1F30221C1F10703CA1C032BA5
:109A780028BF0323062A4FF0FF3294BF0021043980
:109A880002FA03F324EA03038A4026EA02068B401B
:109A9800002D43EA0603ACBF05F16045084A4FEACA
:109AA8004313DBB2ABBF05F5614505F00F0585F83B
:109AB8000033535570BD00BFC636051200ED00E0F7
:109AC80014ED00E0002808DB01234109054A00F0F5
:109AD8001F00834042F821307047982102480CF05B
:109AE80029BD00BF00E100E0C636051200280DDBE5
:109AF80001220849430900F01F008240203341F841
:109B08002320BFF34F8FBFF36F8F7047A721024801
:109B18000CF010BD00E100E0C63605120138B0F1C6
:109B2800807F0BD24FF0E023E021054A586182F88C
:109B380023100020072298611A617047012070479E
:109B480000ED00E0002809DB01224309064900F086
:109B58001F008240403341F82320704740F205112E
:109B680002480CF0E7BC00BF00E100E0C636051271
:109B7800042808B506D14FF0E022136943F0040326
:109B8800136108BD20B14FF4AB7104480CF0D2FC4E
:109B98004FF0E022136923F00403F1E7C6360512FB
:109BA80038B50223044680F82D30426A03681A61EA
:109BB8000168D0E90230034320690A6803436069F9
:109BC8006FF30E120343A0690343E0690343206A5D
:109BD800034313430B60A368B3F5804F18D0E16CBF
:109BE800A26CCD06C1F3870355D43F2003F00703C9
:109BF800D2F8A810DB00984021EA0001C2F8A810AA
:109C0800A16C6268D1F8A8009A400243C1F8A82064
:109C1800A369B3F5806F52D0B3F5006F51D01BB173
:109C2800A3212B480CF086FC00256369B3F5807FDF
:109C380049D0B3F5007F48D01BB1BA2124480CF0B5
:109C480079FC00232269A2F180014A424A41E16875
:109C5800A1F1400041424141A06810281DBF84F88D
:109C680065201A462B4684F8642018BF154684F8E8
:109C780067304FF001024FF0000308BF84F8651009
:109C8800636418BF84F8641084F8665084F82D2043
:109C980084F82C3038BD3F2003F00303D2F8AC1011
:109CA800DB00984021EA0001C2F8AC10A16C6268A0
:109CB800D1F8AC009A400243C1F8AC20A8E70125CE
:109CC800B3E70225B1E70123BCE70223BAE700BFE7
:109CD800FD3605122DE9F84F354B0268044613444A
:109CE800A02B884627D9334B1344A02B29D940F2FF
:109CF8002B1131480CF01EFC4FF0FF3BEFF3108A9C
:109D0800012383F31088E36C1F2B4FEA930504D9D2
:109D180040F2311128480CF00DFC06EBC5073B79E1
:109D2800002B3FD056F83530A34210D18AF3108863
:109D38000220BDE8F88F4FF0320BDFF888901F4EF5
:109D4800DCE74FF0020BDFF880901D4ED6E70023CA
:109D58003279374602BB01223271142202FB039288
:109D68009B449B004FFA8BF52260E3648AF31088CA
:109D7800B8F1000F05D03B68A34202D02046FFF798
:109D88000FFF0022284611463C60FFF759FE28467F
:109D9800FFF798FE0020CCE70133082B06F10806F0
:109DA800D6D1C3E701235D443B716DB2DEE700BF46
:109DB800F8EFF7AFF8EFFFBFFD360512BC990020AA
:109DC8007C99002008100850081000402DE9F8433D
:109DD8001A4A836C054693424FF0000627D0184A6A
:109DE800934227D04FF4C77116480CF0A3FBEB6CD5
:109DF8001F2B4FEA930404D94FF4C97111480CF092
:109E080099FBEFF31088012383F3108857F8343057
:109E180007EBC4099D4206D1A01940B2FFF766FEC0
:109E2800002389F8043088F31088BDE8F8833226C7
:109E3800054FDCE70226054FD9E700BF00100850A0
:109E480000100040FD360512BC9900207C990020C6
:109E580038B50446002874D0836833F0100207D060
:109E6800B3F5804F04D040F24F2138480CF062FB24
:109E7800E36833F0400304D04FF4147133480CF016
:109E880059FB236933F0800304D040F251212F4855
:109E98000CF050FB636933F4807207D0B3F5007F90
:109EA80004D040F2522129480CF044FBA36933F452
:109EB800806207D0B3F5006F04D040F253212348E5
:109EC8000CF038FBE36933F0200304D04FF415712C
:109ED8001E480CF02FFB236A33F4405304D040F2A1
:109EE80055211A480CF026FB63683F2B04D940F231
:109EF800572116480CF01EFB2268154B13448C2B77
:109F080014D81422B3FBF2F39B00E364114BA3644F
:109F180000212046FFF7DEFE0546A0B92046FFF7E0
:109F28003FFE2046FFF752FF284638BD0A4B134430
:109F38008C2BEDD81422B3FBF2F39B00E364074BA0
:109F4800E5E70125F0E70225EEE700BFFD3605123B
:109F5800F8EFF7AF00100850F8EFFFBF001000400F
:109F680010B50446002851D00268136823F0010395
:109F780013600268264B13448C2B2FD81421B3FB93
:109F8800F1F39B00C364234BA36400231360D4E95B
:109F9800121303F01C02012393404B60E36CA16C85
:109FA8000F2B4FEA930224D83F205B00D1F8A8205A
:109FB80003F0380300FA03F322EA0303C1F8A830D8
:109FC8002046FFF703FF0020C4E90D00C4E90F0095
:109FD800606484F82C0084F82D0010BD0E4B1344E7
:109FE8008C2BD2D81421B3FBF1F39B00C3640B4B29
:109FF800CAE702F003033F22D1F8AC00DB0002FA03
:10A0080003F320EA0303C1F8AC30D9E70120E4E701
:10A01800F8EFF7AF00100850F8EFFFBF001000404E
:10A0280038B50446C8B101250268136823F00E0349
:10A0380013600268136823F001031360D0E9122348
:10A0480003F01C0305FA03F35360FFF7BFFE00207B
:10A0580084F82D5084F82C0038BD0120FCE738B571
:10A0680090F82D300446022B03D0042343640120CA
:10A0780038BD01250268136823F00E0313600268D7
:10A08800136823F001031360D0E9122303F01C03C3
:10A0980005FA03F35360FFF799FE002384F82C3088
:10A0A800236C84F82D500BB1204698470020DFE739
:10A0B80030B5154B846C9C421BD18368102B02D0A1
:10A0C800B3F5804F08D10B68104C03F16045A542E9
:10A0D80098BF03F120630B60836833F4804308D191
:10A0E80013680A4803F16044844298BF03F120636F
:10A0F80013600B6803F17042B2F1805F3CBF03F15B
:10A10800A0430B6030BD00BF00100040FEFF0700F9
:10A118002DE9F3414FF6FF75036D02689D4228BF94
:10A128001D465B1B03658565136890F8667023F010
:10A13800010390F867801360D0E917230E46CDE934
:10A148000023D0E9122303F01C01012304468B40AD
:10A158005360036869465D6001AAFFF7A9FFDDE95E
:10A168000003A168226810290BBF936090602368E0
:10A1780022680CBFD860D36094F8643023B1E36DD3
:10A1880005FA07F73B44E36594F8653023B1236E7D
:10A1980005FA08F52B44236636B1A26B23685AB139
:10A1A8001A6842F00E021A602268136843F001032D
:10A1B800136002B0BDE8F0811A6822F004021A6048
:10A1C8002268136843F00A031360EDE72DE9F843AA
:10A1D8001E4690F82C300446012B8846174610D0AE
:10A1E800012380F82C3090F82D30012B5FFA83F989
:10A1F80004D14946FFF76EFD054630B1002384F8C7
:10A208002C3002252846BDE8F8830223494684F805
:10A218002D30C4E914666064C4E917872046FFF747
:10A2280077FFEFE770B504460421866CE26C356869
:10A2380002F01C02036891402942186812D04107B5
:10A2480010D51A6892065EBF1A6822F004021A60D6
:10A25800D4E9121303F01C02042393404B60A36B50
:10A2680023BB70BD0221914029422AD010F0020F71
:10A2780027D0716023681A68900609D41A6822F0FA
:10A288000A021A60236DABB101212046FFF740FF97
:10A29800002384F82C30636B002BE2D0226812680C
:10A2A800910603D494F82D20012ADAD12046BDE87E
:10A2B800704018472046FFF789FD012384F82D30A8
:10A2C800E6E7082101FA02F22A42CAD00207C8D5F5
:10A2D80001251A68204622F00E021A60D4E91223DA
:10A2E80003F01C0305FA03F353606564FFF76EFD82
:10A2F800002384F82D5084F82C30E36BB0E700007D
:10A30800014B1868FFF78EBFBC990020014B986875
:10A31800FFF788BFBC990020014B1869FFF782BF7F
:10A32800BC990020014B9869FFF77CBFBC990020BD
:10A33800014B186AFFF776BFBC990020014B986A59
:10A34800FFF770BFBC990020014B186BFFF76ABF7D
:10A35800BC990020014B986BFFF764BFBC990020A3
:10A36800014B1868FFF75EBF7C990020014B986885
:10A37800FFF758BF7C990020014B1869FFF752BFBF
:10A388007C990020014B9869FFF74CBF7C9900200D
:10A39800014B186AFFF746BF7C990020014B986A69
:10A3A800FFF740BF7C990020014B186BFFF73ABFBD
:10A3B8007C990020014B986BFFF734BF7C990020F3
:10A3C8000121F8B508463AF08FFC254B044698421F
:10A3D80040D821A3D3E900231420A4FB000128F0CE
:10A3E800AFFE0A250021461C1E480023E4FB050198
:10A3F8001D4A28F0A5FE074605461C4800232246AC
:10A40800A7FB000128F09CFE42F6F82398424FEA89
:10A41800C61619D97D1E4FF4FA700FA3D3E900238D
:10A42800A4FB000128F08CFEAD0225F07F4525F441
:10A438006005013025F47F750D4B304325F0030589
:10A44800284358600020F8BD42F22733984298BF4D
:10A458007D1CE0E70120F6E700CA9A3B00000000F7
:10A46800000E270720A1070040420F0000CA9A3BB0
:10A4780000C00050202A2DE9F84306460C46154630
:10A4880030DCC0F3C40808EB0203202B2ADC970752
:10A4980028D110F01F0925D1254A1420D2F894702C
:10A4A800360AFB1C0E2B38BF0E230F2B28BF0F2399
:10A4B800C2F894303AF058FC1E4AB300136013688F
:10A4C8001D4943F0010313604B4669439068C00778
:10A4D8000CD590688B4240F0010090600AD3144B71
:10A4E800C3F8947000252846BDE8F8838B42F0D263
:10A4F8000133EBE7114A08F01C0000EB461025F089
:10A508000301024421448C4203D1094BC3F89470DF
:10A51800E9E752F8043B0434180A04F8043C04F848
:10A52800030C180C1B0E04F8020C04F8013CEAE7B3
:10A5380000A00C5000C0005000DC050030C00050E6
:10A548000268916891600168CA6822F00102CA60D5
:10A55800C36903B11847704710B40268034614680A
:10A56800916814F0040F0FD011F0040F0CD091680B
:10A5780021F004019160042102685160036A002BF4
:10A5880033D05DF8044B1847A00712D5880710D5BB
:10A59800916821F01A019160012202215A761A6805
:10A5A800516000221A76DA69FAB118465DF8044B50
:10A5B800104720070FD508070DD5916821F01E0117
:10A5C800916008211A6851600122DA625A760022E5
:10A5D8001A765A6AE8E7E00607D5C90605D51021B4
:10A5E80051604FF48062DA62F3E75DF8044B70471C
:10A5F8000368054A934206D15B6F1B0E052B02D0F8
:10A608000D203AF0F1BB70470060005038B5036880
:10A6180004465D6A5D6215F0010313D00368DA68C9
:10A62800D20642BFDA6822F01002DA60002203681C
:10A638001A62FFF7DDFF0123237263680BB120461E
:10A648009847012315F01C0007D013B92046FFF7DF
:10A65800CFFF042301202372E56038BD0FB404B096
:10A6680070470000B1288BBFB238523880B280B230
:10A678008CBF1C4B1C4B3F2810B529D903F58073A0
:10A68800403880B20122824018481C1D02601848D8
:10A69800B129046018698CBFB239523942EA000204
:10A6A8008CBF89B289B21A618CBF0E4B0E4B3F2901
:10A6B80013D903F58073403989B201228A400D49C4
:10A6C800181D0A600C49086019690A431A6110BD0F
:10A6D8001F28D7D980332038D3E71F29EDD98033F5
:10A6E8002039E9E70000084000000A50049A0020D9
:10A6F800089A0020FC990020009A0020F0B51C4B15
:10A708001B68002B32D01B491B4C09682468CE43B8
:10A718004FF0070CE7431A680A431A60174A126891
:10A728001568254315601D6825EA01051D60156833
:10A738003D40156040FA0CF515F0010F1D6814BF77
:10A748000D4335401D601568BCF1010C45EA040550
:10A758001560ECD2106807401760186806401E6044
:10A768001068044314601A6811431960F0BD00BFF3
:10A77800009A0020FC990020049A0020089A0020E2
:10A7880070B504460D460646331B9D4200DC70BD7D
:10A7980016F8010BFFF7B2FFF6E7421E0020531C24
:10A7A80002D012F8013F03B97047A3F13001C9B2D2
:10A7B800092903D84BB203EB0010F0E7A3F16101BC
:10A7C800052902D8573B5BB2F5E7A3F141010529FA
:10A7D800EAD8373BF7E72DE9F341002504460F4651
:10A7E8001646A84623780BB1AE4203DC284602B0D1
:10A7F800BDE8F0818DF8043063788DF8053033B901
:10A80800013401A8FFF7C9FF78550135EAE78DF84B
:10A8180006800234F5E70000014B43F8201070472A
:10A8280030B00C50014B53F82000704730B00C503A
:10A8380070472DE9F04204460E4615461F46DDF8DE
:10A8480018902368DB6836EA03030CBF0123002352
:10A85800AB4201D0002019E0B9F1FF3F18D03AF01F
:10A868005FFA079BC01A484502D8B9F1000F0FD10B
:10A878002368DB6836EA03030CBF01230023AB42DD
:10A8880006D1E36B43F020030120E363BDE8F082C7
:10A89800002FD6D02368DA68120503D5E36B43F09E
:10A8A8000103F1E7DB685B05CBD5E36B43F00403F9
:10A8B800EAE72DE9F0435F1E85B0012F0446DDE984
:10A8C8000C56C8B248D803274000012B8DF8080061
:10A8D8008DF80970D0B234D1012302278DF80A000F
:10A8E8008DF80B300022904623680DF108099A6014
:10A8F80021680B6823F070030B6022684021D3683D
:10A90800204643F48863D360236899F800201A61CD
:10A91800236899F801205A604CF620430022CDE9BB
:10A928000056FFF786FF60B30320E36B43F0200374
:10A93800E3632268D36843F48863D36005B0BDE855
:10A94800F0830123120A8DF80A208DF80B308DF858
:10A958000C008DF80D30C5E72769012F06D10323B8
:10A9680040008DF808008DF80930BBE70323C911B2
:10A9780001F0060161F00F018DF808108DF809301B
:10A98800AAE708F101085FFA88F39F4209F1020972
:10A99800B3D8CEE72DE9F0430746581E85B0012805
:10A9A800DDE90C5653D803244900012B8DF8081013
:10A9B8008DF80940D0B23FD102248DF80A008DF8F5
:10A9C8000B30032204AB03EB440341F0010103F80D
:10A9D800081C03F8072C0134002290463B680DF14F
:10A9E80008099A6039680B6823F070030B603A68AD
:10A9F8004021D368384643F48863D3603B6899F8AC
:10AA080000201A613B6899F801205A604CF62043EF
:10AA18000022CDE90056FFF70CFF002839D00320AB
:10AA2800FB6B43F02003FB633A68D36843F4886305
:10AA3800D36005B0BDE8F0830123120A8DF80A201F
:10AA48008DF80B308DF80C008DF80D30B9E73C69A6
:10AA5800012C08D10323490041F001018DF80810A9
:10AA68008DF80930B8E7CB1103F0060363F00F0245
:10AA780003248DF80820012263F00E038DF80940A5
:10AA88008DF80A108DF80B208DF80C308DF80D40DC
:10AA9800A2E708F101085FFA88F39C4209F102096C
:10AAA800A5D8C1E72DE9F347DDF8289004460E46FE
:10AAB80017461D46BDF82C80B9F1000F02D0B8F139
:10AAC800000F06D14FF40073E363012002B0BDE824
:10AAD800F0870368DB6813F0040A60D190F834301B
:10AAE800012B5CD0012380F834303AF019F94FF487
:10AAF8007A73019000933A462B4631462046FFF779
:10AB0800D8FE10B184F834A0DFE7013D012D8CBFD9
:10AB18004023102384F83830224BE063A4F81E80C9
:10AB28002362214B2268A362E38BC4F818909BB27E
:10AB3800B3F5007F2EBF40F2FF13E38B9BB2A383D4
:10AB4800936823F0400393602123226884F8373008
:10AB5800D36843F04003D3602268136843F48073DA
:10AB68001360A269236812781A61A28B2368012AEC
:10AB78000CBF052201225A60A3690133A361E38B4C
:10AB8800013B9BB2E383A38B013BA383002384F89F
:10AB980034302268936843F4A253936096E7022006
:10ABA80094E700BF0000FFFF79B802122DE9F74FC4
:10ABB8001E4690F837300446202B89469246BDF849
:10ABC80034B0DDF838803CD10C9B13B1BBF1000FD9
:10ABD80006D14FF40073E363012003B0BDE8F08FA2
:10ABE80090F83430012B2CD0012380F834303AF01F
:10ABF80097F805462368DF6817F004070BD133463A
:10AC0800524649462046CDE90085FFF7C3FED0B13C
:10AC180084F83470E0E73AF083F8401BB0F57A7FA7
:10AC2800E8D92368DB685B07E4D5E36B43F02003CE
:10AC3800E363202384F83730002384F8383084F81D
:10AC480034300220C9E72223013E012E84F8373030
:10AC58008CBF4023102384F838300C9BE063A4F8A1
:10AC68001EB0A361E38BA062A383E38B9BB2D3B92D
:10AC7800012204212046CDE90085FFF7DAFD0028EE
:10AC880039D0E36B43F02003E3632368D968DA68BB
:10AC98000A43DA60202384F83730002384F83830F8
:10ACA80084F8343098E722688021D368204643F03E
:10ACB8008003D360E38B9BB2012B14BF01220D22CA
:10ACC80023685A60E38B00224CF62043CDE90085C7
:10ACD800FFF7AFFD23680028D7D11A69A3691A7056
:10ACE800A3690133A361A38B013BA383E38B013BDE
:10ACF8009BB2E383B9E7202384F8340084F8373023
:10AD080084F8380069E770472DE9F74F1E4690F838
:10AD180037300446202B89469246BDF834B0DDF81A
:10AD280038803CD10C9B13B1BBF1000F06D14FF416
:10AD38000073E363012003B0BDE8F08F90F834306E
:10AD4800012B2CD0012380F8343039F0E9FF054677
:10AD58002368DF6817F004070BD13346524649468B
:10AD68002046CDE90085FFF7A4FDD0B184F8347002
:10AD7800E0E739F0D5FF401BB0F57A7FE8D92368C2
:10AD8800DB685B07E4D5E36B43F02003E363202330
:10AD980084F83730002384F8383084F834300220BF
:10ADA800C9E72123013E012E84F837308CBF4023A8
:10ADB800102384F838300C9BE063A4F81EB0A3611C
:10ADC800E38BA0629BB2A383E38B9BB2D3B901222E
:10ADD80004212046CDE90085FFF72BFD002838D057
:10ADE800E36B43F02003E3632368D968DA680A4316
:10ADF800DA60202384F83730002384F8383084F868
:10AE0800343097E722684021D368204643F0400356
:10AE1800D360A269236812781A61E38B9BB2012B75
:10AE280014BF0122052223685A60E38B00224CF6E6
:10AE38002043CDE90085FFF7FCFC0028D4D1A369A5
:10AE48000133A361E38B013B9BB2E383A38B013BFB
:10AE5800B8E7202384F8340084F8373084F83800C1
:10AE680069E7000010B5838B044623B941F23861C5
:10AE780027480BF05FFB2268D36843F40053D36084
:10AE880094F83730212B1CD1E28B236892B27AB91F
:10AE98009A6842F450529A602268136843F4A8737F
:10AEA80013602368A28B9A62202223685A6010BD1F
:10AEB8009A6842F410529A602268136843F01003AB
:10AEC800EEE794F83730222B1BD1E28B236892B23D
:10AED80072B99A6842F450529A602268136843F42F
:10AEE800B87313602368A28B9A6223684022DDE757
:10AEF8009A6842F410529A602268136843F010036B
:10AF0800EFE74FF4B351BDE8104001480BF012BB16
:10AF1800313705122DE9F74F0C9E044688469146B5
:10AF28001F46BDF834B016B1BBF1000F07D14FF47E
:10AF38000073E3630125284603B0BDE8F08F03687A
:10AF4800DD6815F004057AD190F83430012B76D0FD
:10AF5800012380F8343039F0E3FE222384F83730B7
:10AF68007B1E012B8CBF4023102384F83830354BCF
:10AF7800E563A4F81EB02362334B8246A362E38BD9
:10AF8800A6619BB2B3F5007F2EBF40F2FF13E38B9F
:10AF98009BB2A383236B002B2ED000252B4A5A6328
:10AFA800236B2B4ADA63236B32469D63236B1D6444
:10AFB800E38B2168206B9BB23031FFF707F9064617
:10AFC80088BB4FF47A734A46009341463B46204675
:10AFD800CDF804A0FFF7DEFC0546C8B12023206B9E
:10AFE80084F8373084F83860FFF739F810B1206BEF
:10AFF800036C9847002308E0202284F8372084F85F
:10B008003830E26B42F08002E26384F8343091E732
:10B01800E38BA28B84F834009B1A9BB22046E3830F
:10B02800FFF720FF87E7202384F8373084F838506B
:10B03800E36B84F8345043F01003E3637AE70225A6
:10B0480079E700BF0000FFFF6DB902120FAD0212D1
:10B0580063B902122DE9F74F0C9E044688469146C3
:10B068001F46BDF834B016B1BBF1000F07D14FF43D
:10B078000073E3630125284603B0BDE8F08F036839
:10B08800DD6815F004057AD190F83430012B76D0BC
:10B09800012380F8343039F043FE212384F8373017
:10B0A8007B1E012B8CBF4023102384F83830354B8E
:10B0B800E563A4F81EB02362334B8246A362E38B98
:10B0C800A6619BB2B3F5007F2EBF40F2FF13E38B5E
:10B0D8009BB2A383E36A002B2ED000252B4A31466E
:10B0E8005A63E36A2A4ADA63E36A9D63E36A1D6482
:10B0F800E38B2268E06A9BB23032FFF767F80646B6
:10B1080088BB4FF47A734A46009341463B46204633
:10B11800CDF804A0FFF7CDFB0546C8B12023E06AAF
:10B1280084F8373084F83860FEF799FF10B1E06A88
:10B13800036C9847002308E0202284F8372084F81D
:10B148003830E26B42F08002E26384F8343091E7F1
:10B15800E38BA28B84F834009B1A9BB22046E383CE
:10B16800FFF780FE87E7202384F8373084F83850CB
:10B17800E36B84F8345043F01003E3637AE7022565
:10B1880079E700BF0000FFFF6DB9021239A802126B
:10B1980063B902122DE9F347DDF8289004460E46FC
:10B1A80017461D46BDF82C80B9F1000F02D0B8F142
:10B1B800000F06D14FF40073E363012002B0BDE82D
:10B1C800F0870368DB6813F0040A4ED190F8343036
:10B1D800012B4AD0012380F8343039F0A1FD4FF417
:10B1E8007A73019000933A462B4631462046FFF782
:10B1F800D1FB10B184F834A0DFE7013D012D8CBFED
:10B208004023102384F83830194BE063A4F81E80DB
:10B218002362184B2268A362E38BC4F818909BB290
:10B22800B3F5007F2EBF40F2FF13E38B9BB2A383DD
:10B23800936823F0C00393602223226884F8373090
:10B24800136843F480731360E38B9BB2012B14BF24
:10B2580001220D2223685A600023226884F83430C2
:10B26800936843F4A6539360A8E70220A6E700BFBB
:10B278000000FFFF79B8021238B5036B0C684FF471
:10B2880000551C600024036BC9685960036B9C60FF
:10B29800036BDC608023016B0B61016B4C61016BFC
:10B2A8008C61016BCC61016B0D62C16A15680D6020
:10B2B800C16AD2684A601021C26A9160C26AD460C9
:10B2C800C26A1361C36A5C61C36A9C61C36ADC6158
:10B2D800C36A1C62006BFEF7BBFD204638BD704791
:10B2E800F8B50446002800F0A6800368534A934244
:10B2F8000FD002F5805293420BD002F58052934250
:10B3080007D002F58052934203D0F2214C480BF04B
:10B3180011F9E368B3F5806F03D3F32148480BF0C4
:10B3280009F92369013B012B03D9F42144480BF0A7
:10B3380001F92368414A934261D12D2039F0E4FC98
:10B3480094F8373003F0FF0223B9204684F83420FC
:10B35800FFF7C5FF2423226884F83730136823F0E9
:10B368000403136094F8367094F838303E03102BB9
:10B3780006F4E04652D146F00906636823B94FF453
:10B38800A5712F480BF0D6F863685D0805F137758D
:10B3980005F5D845B5FBF3F5ED1B063DB5F5806F12
:10B3A8004FEA550704D34FF4A77125480BF0C2F8AC
:10B3B800226800209369AD086FF3512343EA4723BD
:10B3C80093612268032D936938BF03256FEA5323DD
:10B3D8006FEA432393612368033D1E6023689860E6
:10B3E8002368E2685A612268D36923F0FF032B437C
:10B3F800D3612023E06384F837306062F8BD114AD6
:10B40800934201D12E2099E70F4A934201D12F2070
:10B4180094E70E4A934293D130208FE794F838305E
:10B42800202B02D146F00506A7E74FF4A471044883
:10B438000BF080F8A1E70120E0E700BF00C0095049
:10B448003137051200D0095000E0095000F00950CA
:10B458007047000010B5044648B30368154A934284
:10B4680010D002F5805293420CD002F580529342DC
:10B4780008D002F58052934204D04FF4D3710E489D
:10B488000BF058F82423226884F8373013682046D4
:10B4980023F004031360FFF7DBFF0020E06384F868
:10B4A800340084F83700606284F8380010BD012049
:10B4B800FCE700BF00C00950313705121FB5069CD4
:10B4C8000092CDE9013400231A46FFF71DFC04B0B1
:10B4D80010BD1FB5069C0092CDE9013400231A4621
:10B4E800FFF764FB04B010BD13B590F83740202C6B
:10B4F80007D1CDE9002300231A46FFF7D3FA02B09B
:10B5080010BD0220FBE713B590F83740202C07D177
:10B51800CDE9002300231A46FFF73CFE02B010BD18
:10B528000220FBE713B590F83740202C07D1CDE96E
:10B53800002300231A46FFF78DFD02B010BD02203C
:10B54800FBE713B590F83740202C07D1CDE900234D
:10B5580000231A46FFF7DEFC02B010BD0220FBE70D
:10B568002DE9F0471C46013B012B05460E461746C0
:10B57800DDF82080BDF82490DDF828A004D940F635
:10B58800342107480AF0D6FF23463A463146284672
:10B59800CDE9099ACDF82080BDE8F047FFF7B4BBA4
:10B5A800313705122DE9F0471C46013B012B0546B2
:10B5B8000E461746DDF82080BDF82490DDF828A057
:10B5C80004D940F6472107480AF0B4FF23463A4613
:10B5D80031462846CDE9099ACDF82080BDE8F047E4
:10B5E800FFF7E4BA313705122DE9F0471D46013B54
:10B5F800012B04460E461746DDF82080BDF824903E
:10B6080004D940F65A210A480AF094FF94F83730D2
:10B61800202B09D12B463A4631462046CDE90889E8
:10B62800BDE8F047FFF73EBA0220BDE8F08700BF4B
:10B63800313705122DE9F0471D46013B012B044621
:10B648000E461746DDF82080BDF8249004D940F650
:10B658006D210A480AF06EFF94F83730202B09D183
:10B668002B463A4631462046CDE90889BDE8F047E1
:10B67800FFF790BD0220BDE8F08700BF3137051203
:10B688002DE9F0471D46013B012B04460E4617469F
:10B69800DDF82080BDF8249004D940F67F210A48BF
:10B6A8000AF048FF94F83730202B09D12B463A4648
:10B6B80031462046CDE90889BDE8F047FFF7CABC06
:10B6C8000220BDE8F08700BF313705122DE9F047A9
:10B6D8001D46013B012B04460E461746DDF8208027
:10B6E800BDF8249004D940F691210A480AF022FFB7
:10B6F80094F83730202B09D12B463A46314620465C
:10B70800CDE90889BDE8F047FFF704BC0220BDE891
:10B71800F08700BF31370512704770477047704790
:10B7280070477047002310B502680446936083622F
:10B738000368DA68DA60C36B02680B43C36390F886
:10B748003730602B1CBF202380F83730136813F084
:10B7580010032CD090F83730212B13D1536823F0E5
:10B7680020035360C36A6BB3194A1A64002380F834
:10B778003430C06AFEF773FC20B3E06A036CBDE89E
:10B788001040184790F83730222B1BD1536823F00C
:10B7980040035360036BABB10D4A1A64002380F871
:10B7A8003430006BFEF75BFC60B1206BE6E790F885
:10B7B8003720602A07D1202280F8343080F83720DB
:10B7C800FFF7AFFF10BD80F83430FFF7A9FFF9E7A6
:10B7D8002DBA021210B50268D36843F48053D360BF
:10B7E8000023026893600268D468D460436283626D
:10B7F800A3F5803303624B0542BFC36B43F00403D8
:10B80800C36390F83730602B04D1BDE81040C16B9A
:10B81800FFF788BF90F83730212B12D1202380F80A
:10B82800373090F83830402B4FF0000380F838302C
:10B8380080F8343002D1FFF771FF10BDFFF76CFFBD
:10B84800FBE790F83730222BF7D1202380F83730E8
:10B8580090F83830402B4FF0000380F8383080F8EB
:10B86800343002D1FFF75BFFE7E7FFF756FFE4E765
:10B8780038B590F834300446012B6CD00120236889
:10B8880084F83400D968D96023689A6894F83750E6
:10B89800212D07D094F83750222D03D0002384F8A7
:10B8A800343038BD11F0C00F1ED094F8370022286C
:10B8B8002CD1E08B80B2B8B11869A3691870A3695C
:10B8C8000133A361A38B013BA383E38B013B9BB2B1
:10B8D800E383E38B9BB23BB1E38B20689BB2012BE4
:10B8E8000CBF0D2301234360C8042DD5D2042BD5EA
:10B8F800E38B9BB21BB1E36B43F00103E363204688
:10B90800FFF768FF002084F83400CAE794F837008E
:10B918002128E9D1E08B80B20028E5D0A069007821
:10B928001861E38B20689BB2012B0CBF0523012310
:10B938004360A3690133A361A38B013BA383E38B1A
:10B94800013B9BB2E383CFE74B05DBD504212046BF
:10B95800FFF7E8FED6E70220A3E71021006BFFF708
:10B96800E1BE000038B590F834300446012B54D0BD
:10B978000120236884F83400D968D96023689A685C
:10B9880094F83750212D07D094F83750222D03D042
:10B99800002384F8343038BDC80412D5D50410D536
:10B9A80094F837202046212A5A680CBF22F020023A
:10B9B80022F040025A60FFF70DFF002084F834009F
:10B9C800E9E7480504D504212046FFF7ABFEF4E774
:10B9D80089041CD593041AD5E38B9BB2002BECD0B9
:10B9E800A28BA36920461344A361E38B9BB2B3F5F2
:10B9F800007F2CBF40F2FF12E28BE38B38BF92B27C
:10BA08009B1A9BB2A283E383FFF72CFAD5E741F296
:10BA1800D92103480AF08EFDCFE70220BBE700BF1B
:10BA28003137051208B50023006BC26A1364026B34
:10BA3800136490F83730602B05D1202380F8373015
:10BA4800FFF76FFE08BDFFF76BFEFBE790F8373096
:10BA5800202B03D10368DB685B0703D490F8370019
:10BA6800C0B270472420704738B50268044693690D
:10BA78006FEA53236FEA4323936102680120136836
:10BA880043F00043136039F06FF92268136823F01C
:10BA9800004313602268136843F0804313602368EF
:10BAA8001D6815F0804511D11A68012042F0004246
:10BAB8001A6039F059F922682846136823F00043C0
:10BAC80013602023E56384F8373038BD012039F04E
:10BAD8004BF9E4E710B50A4B0A495A680A4BD2B247
:10BAE800062A88BF0B46094C2360FAF76DF92368CC
:10BAF80002460021184639F083F9054A026010BD54
:10BB080000B00050002A4020C0FD40200C9A0020C0
:10BB18007878454508B513460A4601460348006843
:10BB2800FAF72EF9003818BF012008BD0C9A00203A
:10BB380008B513460A46014603480068FAF732F981
:10BB4800003818BF012008BD0C9A002070B50446C3
:10BB580016460D4649B3FD2827D8022039F0B4F916
:10BB6800134B1B680BB9FFF7B5FF32462946204631
:10BB7800FFF7D0FF0446EFF31086012383F3108804
:10BB88000C4D2B781BB9E4210B480AF0D3FC2B7819
:10BB9800013BDBB22B7023B9084AD36A23F00103B7
:10BBA800D36286F31088204670BD0124FBE700BFEE
:10BBB8000C9A0020F08200206537051200000C5016
:10BBC800F8B5054617460E4641B33AB3FD2825D8C1
:10BBD800234C022039F078F923680BB9FFF77AFF74
:10BBE8002368204C1A68204B9A421AD0EFF310852C
:10BBF800012383F31088237823B94FF480711B48FD
:10BC08000AF098FC2378013BDBB2237023B9184A69
:10BC1800D36A23F00103D36285F3108801252846EF
:10BC2800F8BD3A4631462846FFF782FF0546EFF34E
:10BC38001086012383F31088237823B94FF4847185
:10BC48000A480AF077FC2378013BDBB2237023B95A
:10BC5800074AD36A23F00103D36286F31088DEE72C
:10BC68000C9A0020F0820020787845456537051247
:10BC780000000C500268034BC3F800214268C3F867
:10BC8800042170470000044080B100234FF40032C3
:10BC9800C0E9052302624FF6FF72C2614FF4001239
:10BCA800C0E90A23436003618360436270477047B9
:10BCB80070B50446002800F09F8003684F4A9342FD
:10BCC8000AD002F58052934206D04D4A934203D0DF
:10BCD800B8214C480AF02EFC6368012B03D9BA211D
:10BCE80048480AF027FCA36833F4C06306D0B3F5CC
:10BCF800006F03D0BB2143480AF01CFC6368012B8A
:10BD080015D1636933F0020205D0042B03D0BE219C
:10BD18003C480AF00FFCA2694AB1182A03D83A4BEA
:10BD2800D340DB0703D4BF2136480AF003FC4FF6A3
:10BD3800FF72E36993420BD033F4C04208D023F476
:10BD48000053B3F5004F03D0C1212E480AF0F2FB8F
:10BD5800A36A33F4001303D0C7212A480AF0EAFB88
:10BD6800E36A33F4000303D0C92126480AF0E2FB52
:10BD780094F8333003F0FF0223B9204684F83120C9
:10BD8800FFF795FF02234FF6FF752068616884F876
:10BD98003330C368E269012908BF23F48F73AA42CC
:10BDA80018BF23F46043194D18BF23F0C0031D408A
:10BDB800A368A66A0B433343E66A012943EA0603EC
:10BDC80043EA050314D1D4E905152943E568294355
:10BDD8000B434FF6FF718A4204D0216A0A43616A15
:10BDE8000A431343C3600123002084F8333070BD35
:10BDF8000029EED12169EBE70120F8E700100C508B
:10BE080000200440A137051200010101FEF159FF8D
:10BE180038B52E4A0368044693420D460BD002F506
:10BE28008052934207D02A4A934204D04FF48E613D
:10BE380028480AF07FFBB5F1807F04D340F27141B6
:10BE480024480AF077FB022384F833306368012B17
:10BE58000FD0E36AB3F5000F34D1A36823B140F2E1
:10BE68007B411C480AF066FB2268D36823F46063B0
:10BE7800D3602268136943F00803136123681A69C1
:10BE88001207FCD49A68002042F002029A602268E5
:10BE9800936843F4007393602268136943F00103C5
:10BEA800136123689D61236894F83220012A1A6976
:10BEB8000CBF42F0040242F002021A61012384F826
:10BEC800333038BD2368DB68D3E700BF00100C505F
:10BED80000200440A137051210B5144A036804462F
:10BEE80093420BD002F58052934207D0104A9342F6
:10BEF80004D040F2B5410F480AF01CFB0223226827
:10BF080084F833301369002023F001031361226899
:10BF1800936823F0020393602268936823F4007304
:10BF28009360012384F8333010BD00BF00100C501B
:10BF380000200440A137051210B50A4A03680446D8
:10BF480093420BD002F58052934207D0064A93429F
:10BF580004D040F2E44105480AF0ECFA2368D869B5
:10BF680010BD00BF00100C5000200440A13705127E
:10BF7800704770477047704710B5036804461A68E1
:10BF8800D10706D59A68D20703D501225A60FFF770
:10BF9800F1FF23681A68910704D5022220465A60E7
:10BFA80006F08EF823681A68520707D59A68500772
:10BFB80004D5042220465A60FFF7DBFF23681A687D
:10BFC800110707D59A68120704D5082220465A6037
:10BFD800FFF7CEFF23681A68D0050AD59A6820466D
:10BFE80022F480729A604FF4807223685A60FFF7D7
:10BFF800C2FF23681A6891050AD59A68204622F478
:10C0080000729A604FF4807223685A60FFF7B3FF9A
:10C0180023681A6852050AD59A68204622F4806275
:10C028009A604FF4807223685A60FFF7A4FF10BD2E
:10C0380073B5022038F048FF0021022000F014FAFE
:10C048000021019001A800F02BFA0446EFF31086B6
:10C05800012383F310880D4D2B7823B94FF42171F8
:10C068000B480AF067FA2B78013BDBB22B7023B937
:10C07800084AD36A23F00103D36286F31088201E8E
:10C0880018BF0120404202B070BD00BFF0820020FE
:10C09800D737051200000C5037B5022038F014FFCE
:10C0A8000021022000F0E0F90021019001A800F031
:10C0B8000CFAEFF31085012383F310880A4C2378D8
:10C0C80023B940F29D2109480AF034FA2378013B4C
:10C0D800DBB2237023B9064AD36A23F00103D36283
:10C0E80085F3108803B030BDF0820020D7370512E1
:10C0F80000000C500320FEF795BB01460420FEF714
:10C108008BBB000000232DE9F04F89B00693C24B8A
:10C1180002929E680D4616F0010640F07A81FFF7FC
:10C1280087FF002840F09C81022038F0CDFEEFF315
:10C138001080012181F31088B84B1A6942F002027D
:10C148001A61B74A117080F310881A69002AFCDA5C
:10C158004FF08042136923F0030343F00103136196
:10C16800D2F814A0CAF3023BBBF1070F05D04FF079
:10C17800FF310722084638F0D7FD00229146A94F23
:10C188000392D7F8141101206FF3DC4141F4002128
:10C19800C7F81411D7F8141141F00051C7F8141159
:10C1A800D7F8141121F48031C7F81411D7F81411F5
:10C1B800C7F81411D7F814116FF30F01C7F8141149
:10C1C800D7F8141141F0C801C7F81411D7F81411A1
:10C1D80041F40031C7F8141138F03EFE039AD7F83D
:10C1E80018110029FBDADFF86C82D7F81841D8F863
:10C1F800001024F0004481B10420FEF713FB41F243
:10C208008731A04234BF221A021B8A42069004D901
:10C2180009F10109B9F10A0FB2D100232146824878
:10C22800FEF71CFAB9F10A0F3DD1804A13780133A1
:10C23800DBB2042B137032D00023BBF1070F08D0F8
:10C248005A46CAF302210AF03F00039338F06CFD06
:10C25800039B4FF00009724A754F82F80090012243
:10C268003BBBEFF3108482F310883B7823B94FF47B
:10C278006F7170480AF05EF93B78013BDBB23B70A6
:10C2880023B96D4AD36A23F00103D36284F310887B
:10C29800FFF702FF6FF0010009B0BDE8F08F00233F
:10C2A800C8F80030C8E721460320FEF7B5FA012395
:10C2B800C3E7C82300921946FA226048FEF7CEF970
:10C2C80015B10225C8F80090D8F80010029BDFF8D5
:10C2D80088A199423CBF0131C8F800100129DAF859
:10C2E8000030DFF8789140F292800229D9F80020D6
:10C2F8006AD101260132224452084FF0000BC9F8D6
:10C30800002021464E48CDE9006BFEF7A7F9D9F881
:10C318000000CAF800400690FFF7EFFE99ED007A9A
:10C32800DFED486AB8EE477AC6EE877A9FED467A1F
:10C33800012367EE877A07200DF116020DF115012A
:10C34800ADF81630CDED077A8DF815B0FFF738FC4B
:10C358009DF815303BB93D48FEF780F904220220CC
:10C3680006A9FFF7F3FB07A904220120FFF7EEFB5C
:10C378000320FEF757FA04460420FEF753FA002379
:10C38800009302462146D8F800303148FEF766F996
:10C39800EFF31084012383F310883B7823B940F22C
:10C3A8002A4124480AF0C6F83B78013BDBB23B70CF
:10C3B80023B9214AD36A23F00103D36284F3108896
:10C3C800FFF76AFE284667E7A24210D2A11AFA29A7
:10C3D80016D9934214D9991AFA2911D90D2102EBC9
:10C3E8004202083201FB04220326120985E707D915
:10C3F800111BC82904D9934202D2D11AC829ECE7E3
:10C40800C2EBC202043222440226D20875E7224651
:10C4180073E74FF0FF303FE700B00C5000000440D6
:10C42800209A0020000009400F380512189A0020B1
:10C43800F0820020D737051200000C503138051261
:10C448005A380512001B374C000048439E38051225
:10C45800A63805121C9A0020109A0020149A002071
:10C468006FF0020018E700BF012808B508D10329BA
:10C478000ED8084800E00848182303FB010008E02C
:10C48800012905D80228F6D0D82104480AF052F824
:10C49800002008BD0020085000200040CE380512BA
:10C4A80018B1016849B9042070470329FBD818233B
:10C4B800594301F1A04101F502214869002802DB36
:10C4C80000F00F0070470020704710B1016841B9B3
:10C4D8007047032909D81823594301F1A04101F5F0
:10C4E80002214B6943F000434B61704700232DE95B
:10C4F800F0414FF0402C07464FF001081846154E02
:10C50800CCF8803007F1040E99420BDC00214FF083
:10C5180040238A4208BF0246C3F88410C3F880202B
:10C52800BDE8F0811AB122FA03F4E4070FD557F8F1
:10C5380033509C0004F14024354025605EF83350A8
:10C5480008FA03F4CCF884402043CCF8885001332F
:10C55800DAE700BFFCFF070008B5F9F781FC074BD5
:10C5680002689A4207D1BDE8084041680022C9081C
:10C578000830FFF7BBBF002008BD00BF4843545038
:10C5880008B5064A0120936923F4E77343F4A773B7
:10C59800936138F061FC002008BD00BF00A00C507A
:10C5A80008200A4A136A116A23F4804321F0030120
:10C5B800116223F03C03064943F0CB03C1F88C0019
:10C5C800C1F8900000201362704700BF00A00C5013
:10C5D80000300050054B9A6E20B142F48072002062
:10C5E8009A66704722F48072F9E700BF00A00C50E9
:10C5F800054B9A6E20B142F0200200209A667047DF
:10C6080022F02002F9E700BF00A00C5038B50B4C0F
:10C618000020236A002B0FDB38F03EFC4FF47A75BC
:10C62800236A002B05DB4FF47A7038F035FC013DA6
:10C63800F6D1206AC043C00F38BD00BF00A00C501F
:10C64800054BDA6920B142F001020020DA61704737
:10C6580022F00102F9E700BF00A00C5038B50B4CDE
:10C66800E369002B0FDB0A4B5D6BE369002B06DBEC
:10C6780042F21071284638F067FB0028F5D0E069CF
:10C68800C043C00F38BD0020FCE700BF00A00C501D
:10C6980000000C5010B538B90C4A136823F0010398
:10C6A80000241360204610BD02280AD1FFF7D6FFE8
:10C6B8000128044605D140F21A21054809F03AFF3D
:10C6C800F0E7024A136843F00103E9E700A00C50C1
:10C6D80006390512084B984205D1084A536843F0B9
:10C6E800020353607047064B9842FBD1034A5368D4
:10C6F80043F00403F5E700BF0040095000A00C50C8
:10C7080000B00040214B5A6922F03C0242F004027A
:10C718005A611A6B42F00F021A631A6B6FF30F1209
:10C7280042F4EE4242F070021A631A6B22F0706211
:10C7380042F0C0621A639A6A22F07F0242F006024F
:10C748009A625A6842F080025A60DA6C22F47C429B
:10C7580042F48062DA641A6D22F47C4242F4806208
:10C768001A655A6D22F0700242F030025A659A6DCD
:10C7780022F0700242F030029A651A6F42F47C721D
:10C788001A674FF00112C3F88C20704700A00C50B4
:10C7980038B5304C0E222146062003F0B3FB0028A2
:10C7A80053DD01232C4A04F8013C20786378D56ACC
:10C7B8009B07400600F0606003F08043034325F0C8
:10C7C8009C400343D362D2F89830E078234D60F35D
:10C7D8000303C2F8983053692079611E60F38D23F2
:10C7E80053616B686079DBB24000072B00F01E00D4
:10C7F8002CD06B68DBB20F2B28D0CB79D46D5B02C1
:10C8080003F4F053034324F01E1020F4F0500343C4
:10C81800087A400400F4F0100343D3650F4A5368C4
:10C82800DBB2072B11D05368DBB20F2B0DD00A48AF
:10C838004B7A426A03F0070322F0270213438A7AED
:10C84800520102F020021343436238BDD36D23F036
:10C858001E03E1E7F282002000A00C5000B0005057
:10C86800704741B10368DA6852060AD4002904DD2A
:10C878004FF000421A62002070471A69C2F3090299
:10C88800F8E702207047704738B502680446D36855
:10C8980023F0A003D36038F043FA05462368DB6829
:10C8A8001B0601D5002038BD38F03AFA401BB0F518
:10C8B8007A7FF3D90320F6E738B502680446D368CF
:10C8C80043F48063D36038F02BFA05462368DB68AD
:10C8D8009B0501D5002038BD38F022FA401BB0F581
:10C8E8007A7FF3D90320F6E738B50D46044610B32E
:10C8F80001290FD1417538F087FA48B92268936841
:10C9080023F4D85393602268D36823F00A03D360D2
:10C91800002011E0437D03F0FF0213B90275FFF711
:10C928009FFF0223637500232046A361FFF7C4FF1E
:10C9380018B104236375012038BD2268936823F475
:10C94800E01323F0400393604DB92268936823F401
:10C95800D85393602268D36823F00A03D36022680F
:10C96800616893680B4393602268D36823F48063FB
:10C97800D3602369A268C3F3090343EA0262E1684A
:10C98800084B03EA812313432268136123689B68D9
:10C998009B0604D42046FFF777FF0028C9D101235E
:10C9A8006375B5E700FCFF000023092803D840EAB7
:10C9B8000310C0B270470A380133C0B2F5E7F8B5C2
:10C9C8000346DA7800785E789D785F68D20789B97F
:10C9D800FFF7EAFF04463046FFF7E6FF0146284620
:10C9E800FFF7E2FF3A4342EA446242EA814242EAFE
:10C9F800C020F8BD42EA4060384340EA864040EA39
:10CA0800C520F6E7F8B5037D0E46012B044611460E
:10CA18004FF0020516D001230375036845759B681E
:10CA2800304613F0400308BFF370FFF7C8FF07460E
:10CA38002046FFF741FF054630B104230125637501
:10CA4800002323752846F8BD23681F602268D6E9AD
:10CA58000430916803430B4393602268D36823F43E
:10CA68008063D36023689B689B0604D42046FFF745
:10CA78000BFF0028E1D101236375E1E7F8B5034610
:10CA880031B94278D00642BF22F010020A325A70F9
:10CA9800D8781A78632883BF6438C0B200244FF06E
:10CAA80080745F789E7888BFD870520381B9FFF789
:10CAB8007BFF05463846FFF777FF01463046FFF70C
:10CAC80073FF2243024342EA054242EA0120F8BDCD
:10CAD80042EA07223243224342EA0040F7E770B5B0
:10CAE8000446237D0846012B11464FF002050FD05E
:10CAF800012365752375FFF7C1FF06462046FFF73A
:10CB0800DBFE054630B10423012563750023237538
:10CB1800284670BD236826F07E4626F0C0065E6073
:10CB28002268D36823F48063D36023689B689B06DC
:10CB380004D42046FFF7A8FE0028E4D1012363753A
:10CB4800E4E7030903EB830300F00F0000EB430065
:10CB5800C0B2704738B50346C0F34560C3F3864595
:10CB6800C3F3C624DB0F08704D708C70CB7052B9BC
:10CB7800FFF7E7FF08702846FFF7E3FF48702046F5
:10CB8800FFF7DFFF887038BD70B50546094B5E6951
:10CB98003046C6F30906FFF7DDFF4E602B6800201C
:10CBA8001B691B0E8B602B681B69C3F38D23CB603D
:10CBB80070BD00BF00B0005038B50346C0F3074051
:10CBC800C3F3042503F03F04C3F34233C8704D7028
:10CBD8008C700B7052B9FFF7B4FFC8702846FFF786
:10CBE800B0FF48702046FFF7ACFF887038BD0000E2
:10CBF80070B50F4B05469E699B69002B16DB26F026
:10CC08007E4020F0C000FFF7D7FFF30101D40020D9
:10CC180070BDCB78452B95BF2A6863F07F035368B6
:10CC2800CB709CBF23F080735360F0E70120EFE7DF
:10CC380000B00050704710B50446B8B18269036867
:10CC480012B3DA6812F0020FDA6810D0002002F48A
:10CC5800806242F07F4242F47F0242F47B4242F01B
:10CC6800FD02DA60A36998470123637510BD1107B7
:10CC780041BFDA68012002F4806262F4816254BF25
:10CC88004FF0FF30DA60EDE7DA6892070FD5FFF76B
:10CC9800FAFD2268D36803F4806343F07F4343F4CA
:10CCA8007F0343F47B4343F0FD03D360DCE7DB6899
:10CCB8001B07D9D5FFF7BEFF2268D36803F480634A
:10CCC80063F48163F1E700B1816170472DE9F341B5
:10CCD8000446884616461D46089F2268536903EA9B
:10CCE8000803B34201D1002024E0B8F5F82F08D199
:10CCF800B6F5F02F01BF137CDBB28DF803309DF839
:10CD080003306B1CEAD0C5B9226893680193019B74
:10CD180023F04F030193019B43F030030193019BE0
:10CD2800936063687BB1012384F84A3000230320B1
:10CD380084F8493002B0BDE8F08137F0F1FFC01B3C
:10CD4800A842CAD3E0E7A368013B012B9FBF226832
:10CD5800136823F001031360E5E773B504460D4635
:10CD680016462368586910F0010018D06A1CF9D0DB
:10CD7800BDB9226893680193019B23F04F03019387
:10CD8800019B43F030030193019B9360636873B187
:10CD9800012384F84A300023032084F8493002B084
:10CDA80070BD37F0BDFF801B8542DAD8E1E7A36884
:10CDB800013B012B9FBF2268136823F00103136016
:10CDC800E6E70000F7B504460E4601461F48174639
:10CDD800FDF744FC636843B9A368013B012B13D8F2
:10CDE8002268136823F001031360A368012B0BD199
:10CDF80063684BB92268536A23F0020353622268BE
:10CE0800536A23F0010353623A4631462046FFF73E
:10CE1800A4FF054628B1E36C032543F02003E3642F
:10CE280010E0636873B9A368013B012B0AD8334645
:10CE38004FF4F0224FF4F82120460097FFF746FF01
:10CE48000028E8D1284603B0F0BD00BF3A390512E2
:10CE580073B5164604460D4601461348FDF7FEFB1A
:10CE68002B4640224FF4F86120460096FFF72EFF2C
:10CE780030B10320E36C43F02003E36402B070BDDB
:10CE8800324629462046FFF768FF0028F1D12B4695
:10CE98004FF4F0224FF4F82120460096FFF716FFD2
:10CEA8000028EBD0E5E700BF5539051270470000B0
:10CEB80013B50446002800F0D68003686B4A9342F5
:10CEC80007D002F58052934203D0B421684809F094
:10CED80031FB6368182B04D01BB1B521644809F0F5
:10CEE80029FBA368013B022B03D9B621604809F04E
:10CEF80021FBE368B3F5F07F14D023F48072C02AD5
:10CF080010D023F49072802A0CD023F06002B2F57E
:10CF1800807F07D023F08003602B03D0B7215448CB
:10CF280009F008FBA369013B7E2B03D9B8215048BF
:10CF380009F000FBE36933F0020205D0042B03D0AB
:10CF4800B9214B4809F0F6FA236A33F4004303D0B9
:10CF5800BA21474809F0EEFAE369022B0FD023699A
:10CF680033F4806303D0BE21414809F0E3FA6369D2
:10CF780033F4006303D0BF213D4809F0DBFA94F88D
:10CF88004A3003F0FF0223B9204684F84920FFF70E
:10CF98008DFF0223226884F84A30136823F00103C6
:10CFA8001360226893680193019B23F04F03019358
:10CFB800019B43F030030193019B93602268D36B7C
:10CFC80043F48073D3632368A169DA6B012914BF22
:10CFD80061F3060242F08002DA636268E169002ABE
:10CFE80018BF1822E3680B4321690B4361690B439F
:10CFF800134322681360A2682368012A5A6D25D159
:10D0080042F001025A652268136843F40033136042
:10D018002268D36B43F40073D3632268002013683B
:10D0280043F0010313602268136823F001031360BF
:10D038006368182B01BF2268536843F005035360E7
:10D048000123E06484F84A3002B010BD22F00102E6
:10D058005A652268136823F4003313602268D36B7F
:10D0680023F40073D8E70120EEE700BF0050095011
:10D07800723905122DE9F04104460D4617461E4641
:10D0880013460A4601465448FDF7E8FAE368E02BE0
:10D0980006D9EB0704D540F2B311504809F04AFA13
:10D0A800A36823F00203012B04D04FF4DD714B4831
:10D0B80009F040FA94F84930012B00F08B800123E5
:10D0C80084F8493037F02CFE94F84A308046012B1A
:10D0D800D8B27DD1002D46D0002F44D003230021A3
:10D0E80084F84A30A368C4E90E11012B08BF2268EE
:10D0F800E164278567856562E1622186618602BFF2
:10D10800536D23F00203536523681A68D7075EBF7F
:10D118001A6842F001021A60E2686368E02A33D9AB
:10D12800182B03D0638D9BB2012B07D1236835F8E8
:10D13800022B1A61638D013B9BB26385638D9BB2A1
:10D148005BB9424631462046FFF782FE00283CD1B3
:10D15800E06C003818BF012005E023685A695006C2
:10D16800E5D446B90320012384F84A30002384F823
:10D178004930BDE8F081711CE0D037F0D1FDA0EB5B
:10D188000800B042DAD3EDE7182B03D0638D9BB2C9
:10D19800012B07D1236815F8012B1A74638D013B05
:10D1A8009BB26385638D9BB2002BCAD023685A69F2
:10D1B8005206F0D4002ED5D0731CF3D037F0B0FD52
:10D1C800A0EB0800B042EDD3CCE72023E364BFE72F
:10D1D8000220C8E70220CCE7A639051272390512E9
:10D1E8002DE9F743044600930D4616461F4613469D
:10D1F8000A4601467548DDF82890FDF72FFAA3681E
:10D20800032B04D040F22E31714809F093F994F8B9
:10D218004930012B00F0D780012384F8493037F0DA
:10D228007FFD94F84A308046012BDAB20AD0636851
:10D23800002B40F0C480A368032B40F0C080042A70
:10D2480040F0BD80002D00F0BC80002E00F0B980B9
:10D25800002F00F0B68094F84A30E662042B1CBF19
:10D26800052384F84A300023C4E90E33E3642368B5
:10D27800678627866562678527851A68D1075EBF36
:10D288001A6842F001021A60E2686368E02A52D91B
:10D29800182B03D0638D9BB2012B07D1236835F877
:10D2A800022B1A61638D013B9BB263851027638D46
:10D2B8009BB273B9638E9BB25BB94246494620461E
:10D2C800FFF7C6FD002877D1E06C003818BF0120B1
:10D2D80028E077B1638D9BB25BB123685A69520627
:10D2E80007D535F8022B013F1A61638D013B9BB2CC
:10D2F8006385638E9BB25BB123685A69500407D576
:10D308001B69013726F8023B638E013B9BB263869B
:10D31800B9F1FF3FCBD037F003FDA0EB080048453B
:10D32800C5D30320012384F84A30002384F8493008
:10D3380003B0BDE8F083182B03D0638D9BB2012B9B
:10D3480007D1236815F8012B1A74638D013B9BB232
:10D358006385102727E077B1638D9BB25BB12368A3
:10D368005A69510607D515F8012B013F1A74638DC8
:10D37800013B9BB26385638E9BB25BB123685A699C
:10D38800520407D51B7C013706F8013B638E013B2D
:10D398009BB26386B9F1FF3F05D037F0C1FCA0EB23
:10D3A80008004845BDD2638D9BB2002BD3D1638E54
:10D3B8009BB2002BCFD180E72023E36484E70220CF
:10D3C800B0E70120AEE70220B2E700BFCD39051271
:10D3D800723905122DE9F34104460D4617461E46DB
:10D3E80013460A4601465E48FDF738F9E368E02B24
:10D3F80006D9EB0704D540F26D215A4809F09AF88E
:10D4080063687BB9A368032B0CD104232A4684F8EC
:10D418004A3029463B4620460096FFF7E1FE02B017
:10D42800BDE8F08194F84930012B00F09780012382
:10D4380084F8493037F074FC94F84A308046012B60
:10D44800D8B240F08980002D68D0002F66D0042320
:10D4580084F84A300023E364C4E90E3367866362C4
:10D4680023856385A368E562012B278620D122687E
:10D47800536D43F0020353656368CBB922681368A0
:10D4880023F00103136022681368C3F344137B433A
:10D4980093622268536A43F0010353622268536A15
:10D4A80043F0020353622268536A43F00403536251
:10D4B80023681A68D7075EBF1A6842F001021A602B
:10D4C800E368E02B19D9638E9BB2D3B123685A69FC
:10D4D800520433D51B6925F8023B638E013B9BB28E
:10D4E8006386F0E723685A69500415D51B7C05F854
:10D4F800013B638E013B9BB26386638E9BB2002B1C
:10D50800F0D1424631462046FFF75CFC08BBE06C90
:10D51800003818BF012001E03EB90320012384F838
:10D528004A30002384F8493079E7711CE5D037F098
:10D53800F7FBA0EB0800B042DFD3EEE7002EECD0FB
:10D54800731CC0D037F0ECFBA0EB0800B042BAD394
:10D55800E3E72023E364DAE70220DFE702205EE75F
:10D56800093A05127239051273B5044613460E4678
:10D5780015460A4601463748FDF770F8E368E02B80
:10D5880006D9F10704D54FF48061334808F0D2FF7B
:10D59800A36823F00203012B04D040F204412E4873
:10D5A80008F0C8FF94F84930012B50D001202268B8
:10D5B80084F8490093680093009B23F04F0300937D
:10D5C800009B43F030030093009B9360002E32D001
:10D5D800002D30D094F84A30834236D1032384F8A2
:10D5E8004A3000231D4AE364E36265852386638627
:10D5F800A363E1681A4B6662E02988BF1346E363B8
:10D60800A3682585834201BF2268536D23F0020376
:10D618005365226893680193019B43F04B03019380
:10D62800019B23F030030193019B936023681A68E0
:10D63800D20705D50020002384F8493002B070BD18
:10D648001A6842F001021A60F4E70220F3E70220A8
:10D65800F4E700BF2F3A0512723905128DDE021267
:10D668006DDE0212F0B5044685B000930F461646EB
:10D678001D4613460A4601463E48FCF7EFFFE3689D
:10D68800E02B0DD9F80704D540F2DC413A4808F000
:10D6980051FFF10704D540F2DD41374808F04AFF51
:10D6A800A368032B04D040F2E141334808F042FF5D
:10D6B80094F84930012B5AD00123226884F8493064
:10D6C80093680293029B23F04F030293029B43F05B
:10D6D80030030293029B936094F84A30012BDAB22C
:10D6E80007D06368002B3ED1A368032B3BD1042AE3
:10D6F80039D1002F39D0002E37D0002D35D094F8ED
:10D708004A306762042B1CBF052384F84A30002383
:10D71800E364E3686585E02B99BF184A184B194AFA
:10D72800194B6586C4E90E2322682585E66225869D
:10D7380093680393039B43F04F030393039B23F0E6
:10D7480030030393039B936023681A68D20705D5B7
:10D758000020002384F8493005B0F0BD1A6842F073
:10D7680001021A60F4E70220F3E70120F1E7022042
:10D77800F2E700BF593A0512723905120BE002129E
:10D78800CDDF0212D9E0021259E0021273B5044645
:10D7980013460E4615460A4601464948FCF75EFF01
:10D7A800E368E02B06D9F10704D540F25C4145480F
:10D7B80008F0C0FEA368032B0DD163685BB904238E
:10D7C800324684F84A3031462B46204602B0BDE83E
:10D7D8007040FFF747BF94F84930012B6DD0012303
:10D7E800226884F8493093680093009B23F04F0324
:10D7F8000093009B43F030030093009B936094F8E0
:10D808004A30012BD8B256D1002E4AD0002D48D02C
:10D81800042384F84A300023E168E3642A4A6586D1
:10D82800636223856385E363284BE662E02988BF4A
:10D838001346A363A3682586012B20D12268536D64
:10D8480043F0020353656368CBB92268136823F079
:10D858000103136022681368C3F344136B43936294
:10D868002268536A43F0010353622268536A43F003
:10D87800020353622268536A43F004035362226826
:10D8880093680193019B43F047030193019B23F0A5
:10D8980030030193019B936023681A68D20705D56A
:10D8A8000020002384F8493002B070BD1A6842F0A5
:10D8B80001021A60F4E70220F3E70220F4E700BF50
:10D8C800983A05127239051237DF02120DDF02127B
:10D8D8007FB5044613460E4615460A4601464F488C
:10D8E800FCF7BCFE236C23B940F242514C4808F0C7
:10D8F80021FEA36823F00203012B04D040F2455116
:10D90800474808F017FE94F84930012B00F084804E
:10D918000123226884F8493093680193019B23F01E
:10D928004F030193019B43F030030193019B9360E4
:10D9380094F84A30012BD8B26CD1002E65D0002D56
:10D9480063D00323002084F84A30A368C4E90E009A
:10D95800012B08BF2268E064666265852585E06260
:10D968002086608602BF536D23F002035365236C43
:10D978002C4A9A63236C2C4A5A63236C2B4ADA6329
:10D988000022236C1A64E368E02B0DD8236C9B6992
:10D99800B3F5806F08D1638D13F0010F638DC3F366
:10D9A8004E0318BF01336385226893680293029B74
:10D9B80043F008030293029B93602268536843F480
:10D9C800806353602268536823F400635360638D57
:10D9D80022689BB21032616A206CFCF7F7FB0020CA
:10D9E80023681A68D2075EBF1A6842F001021A60FB
:10D9F800226893680393039B43F043030393039BB9
:10DA080023F030030393039B9360002384F8493089
:10DA180004B070BD0220F8E70220F9E7C13A051208
:10DA280072390512D7DD021231E1021219E1021230
:10DA3800F0B5044687B000930F4616461D461346B8
:10DA48000A4601466E48FCF709FE636C23B940F2AA
:10DA580043616C4808F06EFD236C23B940F24461C1
:10DA6800684808F067FDA368032B04D040F24761BB
:10DA7800644808F05FFD94F84930012B00F0BE803F
:10DA88000123226884F8493093680293029B23F0AB
:10DA98004F030293029B43F030030293029B93606F
:10DAA80094F84A30012BDAB20AD06368002B40F0B0
:10DAB800A180A368032B40F09D80042A40F09A803F
:10DAC800002F00F09980002E00F09680002D00F0C5
:10DAD800938094F84A30626C042B1CBF052384F8A9
:10DAE8004A300023E364C4E90E33E3686585E02B1C
:10DAF80067622585E6622586658618D8236C9B694A
:10DB0800B3F5806F06D1638DE907C3F34E0348BFB1
:10DB1800013363859369B3F5806F08D1638E13F081
:10DB2800010F638EC3F34E0318BF013363860025CC
:10DB380094F84A30042B0BBF334B344B93639363F5
:10DB48000BBF636C636C324A324A5A63636C324A65
:10DB5800DA63636C1D64226893680393039B43F044
:10DB680004030393039B93602268536843F40063A0
:10DB78005360638E2168E26A9BB21031606CFCF7D7
:10DB880025FB236C9D63236C5D63236CDD63236C31
:10DB98001D64226893680493049B43F0080304936C
:10DBA800049B93602268536843F401335360638D88
:10DBB80022689BB21032616A206CFCF707FB0020D8
:10DBC80023681A68D2075EBF1A6842F001021A6019
:10DBD800226893680593059B43F043030593059BCF
:10DBE80023F030030593059B9360002384F84930A4
:10DBF80007B0F0BD0220F8E70120F6E70220F7E7BA
:10DC0800EC3A051272390512E3DD0212EFDD021259
:10DC1800A9E1021205E2021219E102127FB50446D7
:10DC280013460E4615460A4601466348FCF716FD9C
:10DC3800636C23B940F2B551604808F07BFCA368D7
:10DC4800032B14D1636893B9042384F84A30236CF6
:10DC580023B940F2BC51594808F06CFC2B463246B7
:10DC68003146204604B0BDE87040FFF7E1BE94F8A5
:10DC78004930012B00F09E800123226884F8493046
:10DC880093680193019B23F04F030193019B43F099
:10DC980030030193019B936094F84A30012BD8B26A
:10DCA80040F08680002E7ED0002D7CD0042384F89E
:10DCB8004A300023E364C4E90E336586238563850F
:10DCC800A368E662012B258620D12268536D43F0B4
:10DCD800020353656368CBB92268136823F0010314
:10DCE800136022681368C3F344136B43936222687A
:10DCF800536A43F0010353622268536A43F00203F4
:10DD080053622268536A43F004035362E368626C07
:10DD1800E02B0CD89369B3F5806F08D1638E13F0AC
:10DD2800010F638EC3F34E0318BF01336386244B80
:10DD38009363636C234A5A63636C234ADA63002251
:10DD4800636C1A64226893680293029B43F004038D
:10DD58000293029B93602268536843F40063536004
:10DD68002268536823F480635360638E2168E26AF3
:10DD78009BB2606C1031FCF729FA002023681A68FE
:10DD8800D2075EBF1A6842F001021A6022689368DF
:10DD98000393039B43F043030393039B23F0300354
:10DDA8000393039B9360002384F8493004B070BD4B
:10DDB8000220F8E70220F9E72C3B05127239051218
:10DDC800E3DD0212A9E1021219E10212704708B557
:10DDD800006BFFF7FBFF08BD704708B5006BFFF746
:10DDE800FBFF08BD704708B5006BFFF7FBFF08BDD8
:10DDF80013B5044601461A48FCF730FC36F090FF8C
:10DE0800216802468B6820460093009B23F04B0351
:10DE18000093009B43F030030093009B8B606421C8
:10DE2800FFF716F818B1E36C43F02003E364A36826
:10DE3800032B08D10023019323681A6901924FF438
:10DE480080125A61019B012384F84A30E36C204612
:10DE58001BB104F09BFF02B010BD04F08FFFFAE77E
:10DE6800563B0512426A511C4162127801680A74D5
:10DE7800428D013A92B24285438D9BB20BB9FFF7AE
:10DE8800B7BF7047416A026809881161426A023265
:10DE98004262428D013A92B24285438D9BB20BB9E0
:10DEA800FFF7A6BF7047000013B5044601461448A3
:10DEB800FCF7D4FB226893680193019B23F0470386
:10DEC8000193019B43F030030193019B936036F06B
:10DED80027FF642102462046FEF774FF18B1E36C61
:10DEE80043F02003E364012384F84A30E36C2046BE
:10DEF8001BB904F047FF02B010BD04F047FFFAE772
:10DF08006C3B051210B4C26A0168541CC462097CD7
:10DF18001170428E013A92B24286438E9BB21BB96F
:10DF28005DF8044BFFF7C0BF5DF8044B704702680B
:10DF38001169C26A1180C26A0232C262428E013A13
:10DF480092B24286438E9BB20BB9FFF7ADBF7047C2
:10DF580013B5044601461A48FCF780FB36F0E0FE8C
:10DF6800216802468B6820460193019B23F04303F6
:10DF78000193019B43F030030193019B8B60642163
:10DF8800FEF766FF18B1E36C43F02003E364E36C2B
:10DF98007BB994F84A302046042B4FF0010384F8EB
:10DFA8004A3003D104F0EEFE02B010BD04F0ECFEDE
:10DFB800FAE70123204684F84A3004F0E7FEF3E745
:10DFC800823B0512426A82B0511C41621278016894
:10DFD8000A74428D013A92B24285428D92B272B968
:10DFE80001688A680192019A22F008020192019A56
:10DFF8008A60438E9BB213B902B0FFF7A9BF02B083
:10E00800704717B4C26A0168541CC462097C117055
:10E01800428E013A92B24286428E92B2A2B9016809
:10E028008A680192019A22F047020192019A42F00D
:10E0380030020192019A8A60438D9BB223B903B0E2
:10E048005DF8044BFFF784BF03B05DF8044B7047DD
:10E05800426A0368128882B01A61436A02334362D3
:10E06800438D013B9BB24385438D9BB2002B2DD141
:10E07800026893680093009B23F008030093009BB9
:10E088009360438E9BB293B9438E9BB2F3B90268F7
:10E0980093680193019B23F047030193019B43F08D
:10E0A80030030193019B936002B0FFF751BF0368EF
:10E0B8005A695204E5D51A69C36A1A80C36A0233D9
:10E0C800C362438E013B9BB24386DAE702B07047D6
:10E0D800026882B01169C26A1180C26A0232C262E1
:10E0E800428E013A92B24286428E92B272B9016869
:10E0F8008A680192019A22F004020192019A8A60C8
:10E10800438D9BB213B902B0FFF722BF02B070472C
:10E1180008B5006BC36C43F01003C364012380F897
:10E128004A3004F033FE08BD37B50546046B36F0B7
:10E13800F7FD2B6802461B689B062DD421682046F4
:10E148008B680093009B23F043030093009B43F0EC
:10E1580030030093009B8B606421FEF779FE18B1B1
:10E16800E36C43F02003E364A368032B08D1002386
:10E17800019323681A6901924FF480125A61019B36
:10E1880000236385012384F84A30E36C23B12046D9
:10E1980004F0FCFD03B030BD204604F0EFFDF9E7C4
:10E1A80037B50546046B36F0BBFD2B6802461B6885
:10E1B8009B061FD4216820468B680193019B23F09E
:10E1C80043030193019B43F030030193019B8B6050
:10E1D8006421FEF7F7FD08B12023E364002363867A
:10E1E800012384F84A30E36C23B1204604F0CEFDC5
:10E1F80003B030BD204604F0C5FDF9E737B5054644
:10E20800046B36F08DFD2B6802461B689B0622D4F2
:10E21800216820468B680193019B23F043030193F7
:10E22800019B43F030030193019B8B606421FEF74F
:10E238000FFE18B1E36C43F02003E3640023638509
:10E248006386012384F84A30E36C23B1204604F046
:10E258009DFD03B030BD204604F096FDF9E70000AF
:10E2680070B5036804469E685D6986B005F481133D
:10E27800B3F5005F0BD1720709D5836B23B940F65C
:10E288009101674808F056F92046A36B984705F4B2
:10E298008153202B0BD1330709D5E36B23B940F603
:10E2A80099015F4808F046F92046E36B98475D4BB3
:10E2B8001D4200F0A68016F0430F00F0A2802168EE
:10E2C800594B994200F0918003F58053C81A414296
:10E2D800414149002B4632465448FCF7BFF9E90250
:10E2E8001ED594F84A302168032B00F082804E4BEB
:10E2F80099427CD003F58053CA1A514251414900D2
:10E308004B48FCF7ABF9E36C43F00403E3640023E8
:10E31800019323681A6901924FF480125A61019B94
:10E32800EB041BD594F84A302168042B6DD03E4B82
:10E33800994268D003F58053CE1A71427141490061
:10E348003C48FCF78BF9E36C4FF4805243F08003B0
:10E35800E3640023039323685A61039B36492940E9
:10E3680039B13648FCF77AF940F6C9012C4808F06B
:10E37800E1F8E36C002B44D00121226893680593EF
:10E38800059B23F04F030593059B43F0300305934A
:10E39800059B93602368244A84F84A10934204D06A
:10E3A8002749581A4142414149005A682548FCF713
:10E3B80055F923685A68510502D45A6812052BD5B5
:10E3C8005A6822F440625A60636C23B11E4A1A6488
:10E3D800606CFBF744FE236C9BB11B4A1A64206CEB
:10E3E80006B0BDE87040FBF73ABE012172E7012193
:10E3F80086E7002302930B6902934FF480134B6165
:10E40800029B06B070BD01219AE7002304934FF4E4
:10E4180080534B61049BF4E7204604F0B7FCF0E717
:10E428007239051200101000005009509A3B05126D
:10E43800B83B0512CC3B05121C002000E13B05123D
:10E4480000600950EE3B051255E4021208B500239E
:10E45800006B4386438504F099FC08BD90F84A0098
:10E468007047C06C70470000036A70B523F0010361
:10E478000362036A426884690D6824F4700424F016
:10E4880003042C438D6823F002032B430A4DA84252
:10E498000BD1CD6823F008032B4322F44072D1E955
:10E4A8000556354323F004032A43426084614A68D1
:10E4B8004263036270BD00BF004000502DE9F04187
:10E4C800036A044623F480730362056AD0F8048063
:10E4D800C3690A6823F4700323F0030343EA0207BD
:10E4E8008B6825F4007545EA03251A4B0E469842B9
:10E4F80028D1CB6833F0080304D041F2B73116486D
:10E5080008F018F8B36933F4007304D041F2B83155
:10E51800114808F00FF8736933F4807304D041F29E
:10E52800B9310D4808F006F8F36825F4006545EAA6
:10E53800032528F44058D6E90532134325F48065AD
:10E5480048EA0318C4F80480E7617368E363256246
:10E55800BDE8F08100400050053C05122DE9F0416E
:10E56800036A044623F480530362066AD0F80480E1
:10E57800C3690A6823F0704323F4407343EA02270F
:10E588008B6826F4005646EA03360D4B0D46984232
:10E598000DD14B6933F4807304D041F2FD31094841
:10E5A80007F0C8FF6B6928F4804848EA8318C4F864
:10E5B8000480E7616B6823642662BDE8F08100BFD0
:10E5C80000400050053C05127047000010B5164A7F
:10E5D8000368044693421AD002F50032934216D0DB
:10E5E800A2F5F032934212D002F5F83293420ED0DF
:10E5F8000E4A93420BD002F58052934207D00C4A40
:10E60800934204D04FF4A5710A4807F093FF22689B
:10E618000020D36843F00103D3602268136843F0F5
:10E628000103136010BD00BF0000095000900040B6
:10E6380000400050053C051210B51B4A036804460B
:10E6480093421AD002F50032934216D0A2F5F03266
:10E65800934212D002F5F83293420ED0134A9342F5
:10E668000BD002F58052934207D0114A934204D04E
:10E6780040F25F110F4807F05DFF2268D36823F06E
:10E688000103D36041F211122368196A114208D1BB
:10E6980040F24442196A114202BF1A6822F001028C
:10E6A8001A60002010BD00BF000009500090004013
:10E6B80000400050053C05127047000038B51C4A60
:10E6C8000368044693420D461AD002F5003293427D
:10E6D80016D0A2F5F032934212D002F5F8329342E6
:10E6E8000ED0144A93420BD002F58052934207D0C1
:10E6F800114A934204D040F64571104807F01AFFBA
:10E708006B1EFE2B04D940F646710C4807F012FF29
:10E7180094F834300220012B09D0236884F836009D
:10E728005D610020012384F8340084F8363038BD58
:10E73800000009500090004000400050053C0512C0
:10E7480038B590F834300446012B0D464FF00200DE
:10E7580031D0012384F8360084F834300B68B3F5DF
:10E76800805F0CD0B3F5005F09D033F0300306D0DA
:10E77800402B04D040F6D9718A4807F0DBFE2268A6
:10E78800936823F47F2323F4776393602B68502BDB
:10E7980000F0108155D8202B00F0BD810CD8002B3B
:10E7A80000F08981102B00F09E810123002084F85D
:10E7B800363084F8340038BD302B00F0C481402B4B
:10E7C800F3D12368784A93420CD002F50032934281
:10E7D80008D0A2F52C22934204D041F234017148AA
:10E7E80007F0A8FE6B68B3F5004F09D033F00202BA
:10E7F80006D00A2B04D041F237016A4807F09AFE86
:10E80800EB680F2B04D941F23801664807F092FEF5
:10E8180023686968186A1A6AED6822F001021A62A8
:10E828009A6920F00A0022F0F00242EA0512014338
:10E838009A6119622268936823F0700343F04703D2
:10E84800AEE0B3F5805F00F0888045D8602B00F01B
:10E85800F180702BA9D12368534A934208D002F55E
:10E868000032934204D040F6EE714E4807F062FE43
:10E878006B68B3F5004F09D033F0020206D00A2BBB
:10E8880004D04FF47F61474807F054FEAB6833F477
:10E89800405304D040F6F171424807F04BFEEB6854
:10E8A8000F2B04D940F6F2713E4807F043FED5E934
:10E8B8000103216803438A68E86822F47F4243EA37
:10E8C800002313438B602268936823F4702323F09A
:10E8D800700343F0770363E0B3F5005F7FF465AF3F
:10E8E8002368314A934208D002F50032934204D09B
:10E8F80041F206012B4807F01DFE6B68B3F5004F87
:10E9080009D033F0020206D00A2B04D041F20801E4
:10E91800244807F00FFEAB6833F4405304D041F2AB
:10E928000901204807F006FEEB680F2B04D941F2D5
:10E938000A011C4807F0FEFDD5E9010321680343DD
:10E948008A68E86822F47F4243EA002313438B6015
:10E958002268936843F4804322E02368124A934272
:10E968001AD002F50032934216D0A2F5F032934243
:10E9780012D002F5F83293420ED00C4A93420BD0D3
:10E9880002F58052934207D0094A934204D040F6D8
:10E99800E571044807F0CEFD2268936823F47023DC
:10E9A800936002E7053C0512000009500090004002
:10E9B800004000502368704A93420CD002F50032A0
:10E9C800934208D0A2F52C22934204D041F21801B8
:10E9D8006A4807F0AFFD6B68B3F5004F09D033F014
:10E9E800020206D00A2B04D041F21B01634807F04B
:10E9F800A1FDEB680F2B04D941F21C015F4807F019
:10EA080099FD23686968186A1A6AED6822F001029C
:10EA18001A629A6920F00A0022F0F00242EA05120E
:10EA280001439A6119622268936823F0700343F0E6
:10EA38005703B5E72368504A93420CD002F50032D9
:10EA4800934208D0A2F52C22934204D041F2260129
:10EA58004A4807F06FFD6B68B3F5004F09D033F0F3
:10EA6800020206D00A2B04D041F22901434807F0DC
:10EA780061FDEB680F2B04D941F22A013F4807F0EA
:10EA880059FD236868681A6AED6822F010021A6254
:10EA980099691A6A21F4704122F0A00242EA001230
:10EAA80041EA053199611A622268936823F070037C
:10EAB80043F0670374E723682F4A93420CD002F5AA
:10EAC8000032934208D0A2F52C22934204D041F29E
:10EAD80042012A4807F02EFD2268936823F070034C
:10EAE80043F007035CE72368234A93420CD002F5FE
:10EAF8000032934208D0A2F52C22934204D041F26E
:10EB080048011E4807F016FD2268936823F0700339
:10EB180043F0170344E72368174A93420CD002F5E1
:10EB28000032934208D0A2F52C22934204D041F23D
:10EB38004E01124807F0FEFC2268936823F0700328
:10EB480043F027032CE723680B4A93420CD002F5C5
:10EB58000032934208D0A2F52C22934204D041F20D
:10EB68005401064807F0E6FC2268936823F0700316
:10EB780043F0370314E700BF00000950053C0512B5
:10EB8800704770477047012310B5046BE26984F839
:10EB98003630824206D123752046FFF7F3FF002363
:10EBA800237510BD236A834201D10223F3E7636A08
:10EBB800834201D10423EEE7A36A8342ECD1082300
:10EBC800E9E77047704708B50123006B80F83630D5
:10EBD800FFF7F8FF08BD00000E4A0368904207D00F
:10EBE80002F50032904203D0A2F52C22904203D1C4
:10EBF8004A6823F07003134303608B68C3620B6891
:10EC08008362054B984204BFCB68036301234361C9
:10EC1800704700BF000009500040005010B504467E
:10EC2800002877D002683C4B9A4202D11B2036F06C
:10EC380087F82268394B9A4202D11C2036F080F8B6
:10EC48002268374B9A4202D1462036F079F822687A
:10EC5800344B9A4202D1202036F072F82268324BA7
:10EC68009A4202D1212036F06BF822682F4B9A4243
:10EC780002D1222036F064F822682D4B9A4202D144
:10EC8800232036F05DF82368234A934219D002F511
:10EC98000032934215D0A2F5F032934211D002F51A
:10ECA800F83293420DD0214A93420AD002F580529D
:10ECB800934206D01A4A934203D0BE211D4807F05A
:10ECC80039FCA36833F0100205D0602B03D0BF21B4
:10ECD800184807F02FFC94F8363003F0FF0223B9E8
:10ECE800204684F83420FFF76FFC0223206884F85C
:10ECF8003630211DFFF770FF6FF0010223680020F6
:10ED08001A612268136843F004031360012384F82E
:10ED1800363010BD0120FCE70000095000000B5000
:10ED2800004000500020095000100B500090004097
:10ED380000A00040053C051210B5044600283FD04D
:10ED48000368204A93421AD002F50032934216D043
:10ED5800A2F5F032934212D002F5F83293420ED067
:10ED6800194A93420BD002F58052934207D0174AB2
:10ED7800934204D04FF47671154807F0DBFBA36883
:10ED880033F0100206D0602B04D040F2D93110487D
:10ED980007F0D0FB94F8363003F0FF0223B9204681
:10EDA80084F83420FFF788FC0223206884F8363082
:10EDB800211DFFF711FF0123002084F8363010BD14
:10EDC8000120FCE70000095000900040004000507E
:10EDD800053C05122DE9F041036A044623F01003AF
:10EDE8000362056AD0F8048083690A6823F07043D7
:10EDF80023F4407343EA02278B6825F0200545EA8F
:10EE08000315114B0E46984216D1CB6833F0080310
:10EE180004D041F281210D4807F08CFBF36825F0FE
:10EE2800800545EA031528F44068D6E905231A4306
:10EE380025F0400548EA8208C4F80480A761736891
:10EE4800A3632562BDE8F08100400050053C05122F
:10EE580070B590F834300446012B0D46164600F084
:10EE68009F800123182A80F8343003D84D4BD340B3
:10EE7800DB0704D440F6B3414B4807F05BFB2B6833
:10EE8800B3F5C00F07D0B3F5700F04D040F6B44106
:10EE9800454807F04FFBAB6833F0020304D040F657
:10EEA800B541414807F046FB0223082E84F8363066
:10EEB8005BD009D826B3042E3DD00123002084F866
:10EEC800363084F8340070BD0C2EF6D12368374AEA
:10EED80093420CD002F50032934208D0A2F52C22BE
:10EEE800934204D04FF44E612F4807F023FB294684
:10EEF8002068FFF733FB2268D36943F000634DE0D5
:10EF080023682A4A93420CD002F50032934208D073
:10EF1800A2F52C22934204D040F6BE41224807F0C5
:10EF280009FB29462068FFF79FFA2268936943F492
:10EF380000239361C1E723681C4A93420CD002F571
:10EF48000032934208D0A2F52C22934204D040F616
:10EF5800C941154807F0EEFA29462068FFF73AFF3D
:10EF68002268936943F00063E3E723680F4A9342FA
:10EF78000CD002F50032934208D0A2F52C2293421D
:10EF880004D040F6D441084807F0D4FA294620684E
:10EF9800FFF794FA2268D36943F40023D3618CE71E
:10EFA800022090E711110001053C051200000950EC
:10EFB800144B70B5984204460E4615460CD003F51E
:10EFC8000033984208D0A3F52C23984204D041F28C
:10EFD80028310D4807F0AEFA182E03D80B4BF34032
:10EFE800DB0704D441F22931074807F0A3FA0122CC
:10EFF800236AB24023EA02032362236AB5401D4311
:10F00800256270BD00000950053C05121111000170
:10F0180038B5184A0368054693420C4603D002F5F2
:10F02800003293421FD10C2C04D841F21113E34053
:10F03800DB0704D44FF487610F4807F07BFA286890
:10F0480001222146FFF7B4FF2B680C4A00209342A7
:10F0580002BF5A6C42F400425A642A68136843F0AB
:10F068000103136038BD054A9342E3D11429E1D85E
:10F07800034BDCE700000950053C05120040005036
:10F088001111110038B5244A0368044693420D460D
:10F0980003D002F50032934236D10C2D04D841F248
:10F0A8001113EB40DB0704D440F259411B4807F029
:10F0B80041FA002229462068FFF77AFF2368184A98
:10F0C80093420DD141F21112196A114208D140F24E
:10F0D8004442196A114202BF5A6C22F400425A642F
:10F0E80041F211122368196A114208D140F24442D0
:10F0F800196A114202BF1A6822F001021A6001233C
:10F1080084F83630002038BD054A9342CCD1142902
:10F11800CAD8044BC5E700BF00000950053C0512DA
:10F128000040005011111100F8B516461F46494A13
:10F138000368044693420D4603D002F50032934219
:10F1480035D10C2D04D841F21113EB40DB0704D460
:10F1580040F20551404807F0EDF994F83630022B9B
:10F16800D8B223D094F83630012BD8B204D106B9DE
:10F17800E7B9022384F83630082D58D01ED8002D60
:10F1880030D0042D41D0012220682946FFF710FF16
:10F1980000202368314A934202BF5A6C42F400426D
:10F1A8005A642268136843F001031360F8BD2B4AC0
:10F1B8009342CDD11429CBD8294BC6E70C2DE2D1E7
:10F1C800A36A284A31465A63A36A274ADA6322683F
:10F1D8003B464032A06AFAF7F9FF2268D36843F445
:10F1E800805310E0E3691F4A31465A63E3691E4AB7
:10F1F800DA6322683B463432E069FAF7E7FF2268AF
:10F20800D36843F40073D360BDE7236A154A3146D7
:10F218005A63236A144ADA6322683B463832206A02
:10F22800FAF7D4FF2268D36843F48063EBE7636A94
:10F238000C4A31465A63636A0B4ADA6322683B46D2
:10F248003C32606AFAF7C2FF2268D36843F400636D
:10F25800D9E700BF00000950053C051200400050E6
:10F26800111111008FEB0212CFEB0212F8B51646FE
:10F278001F46324A0368044693420D4603D002F5FE
:10F288000032934240D10C2D04D841F21113EB40C7
:10F29800DB0704D440F27D51294807F04BF994F874
:10F2A8003630022BD8B22ED094F83630012BD8B293
:10F2B80004D106B93FBB022384F83630A369214A3A
:10F2C800082D5A63A369204ADA63226832D022D80B
:10F2D80035B3042D2BD022682946D36843F48073B4
:10F2E800D36020680122FFF763FE00202368174AD5
:10F2F800934202BF5A6C42F400425A64226813686F
:10F3080043F001031360F8BD104A9342C2D1142997
:10F31800C0D80F4BBBE70C2DDDD13B46403201E096
:10F328003B4634323146A069FAF750FFD3E73B46F3
:10F338003832F7E73B463C32F4E700BF000009509B
:10F34800053C05128FEB0212CFEB02120040005071
:10F358001111110038B5364A0368054693420C4628
:10F3680003D002F50032934243D1082C5AD04AD830
:10F37800002C38D0042C50D040F2DA512D4807F038
:10F38800D9F8082C4ED045D8002C2CD0042C44D0C9
:10F39800002221462868FFF70BFE2B68264A934275
:10F3A8000DD141F21112196A114208D140F24442BA
:10F3B800196A114202BF5A6C22F400425A6441F29F
:10F3C80011122B68196A114208D140F24442196A95
:10F3D800114202BF1A6822F001021A60012385F85F
:10F3E8003630002038BD2A68D36823F40073D36010
:10F3F800CEE7114A9342BFD1082913D0B8D921F0DA
:10F408000403102BC4D00C2CB6D12A68D36823F47B
:10F418008053ECE70C2CF8D0BAE72A68D36823F4B9
:10F428008063E4E72A68D36823F40063DFE700BF5A
:10F4380000000950053C05120040005038B5264A26
:10F448000368044693420D4603D002F50032934206
:10F458003BD10C2D04D841F21113EB40DB0704D447
:10F468004FF4C4611D4807F065F822682946D3683F
:10F4780023F48073D36020680022FFF799FD236886
:10F48800174A93420DD141F21112196A114208D15B
:10F4980040F24442196A114202BF5A6C22F40042F7
:10F4A8005A6441F211122368196A114208D140F2D4
:10F4B8004442196A114202BF1A6822F001021A6016
:10F4C800012384F83630002038BD054A9342C7D15D
:10F4D8001429C5D8034BC0E700000950053C0512A4
:10F4E80000400050111111007047704710B50368B3
:10F4F80004461A6991070FD5DA6892070CD56FF0A0
:10F5080002021A610123037503689B699B0779D07E
:10F51800FFF737FB0023237523681A69500711D5B5
:10F52800DA6851070ED56FF004021A6102232375B9
:10F53800236820469B6913F4407F69D0FFF721FBBD
:10F548000023237523681A69120710D5DA68100793
:10F558000DD56FF008021A6104232375236820462D
:10F56800DB6999075AD0FFF70CFB00232375236842
:10F578001A69D20611D5DA68D0060ED56FF01002D6
:10F588001A610823237523682046DB6913F4407F3A
:10F598004AD0FFF7F6FA0023237523681A69D107C2
:10F5A80008D5DA68D20705D56FF0010220461A613E
:10F5B80002F07AFD23681A69100608D5DA68110680
:10F5C80005D56FF0800220461A61FFF78EFF236889
:10F5D8001A69520608D5DA68500605D56FF0400258
:10F5E80020461A61FFF7EDFA23681A69910608D5D3
:10F5F800DA68920605D56FF0200220461A61FFF7F7
:10F6080073FF10BDFFF7BCFA2046FFF7BBFA81E78E
:10F61800FFF7B6FA2046FFF7B5FA91E7FFF7B0FA19
:10F628002046FFF7AFFAA0E7FFF7AAFA2046FFF750
:10F63800A9FAB0E710B50424036A01F01F018C4051
:10F6480023EA04030362036A8A401A43026210BD74
:10F6580038B50446002200680D46FFF7EBFF41F27B
:10F6680011122368196A114208D140F24442196AFA
:10F67800114202BF5A6C22F400425A6441F211123C
:10F688002368196A114208D140F24442196A1142AA
:10F6980002BF1A6822F001021A6001231DB984F81A
:10F6A8003D30002038BD042D02D184F83E30F8E703
:10F6B800082D0CBF84F83F3084F84030F1E7000093
:10F6C80010B50223044641BB80F83D30042220686F
:10F6D800FFF7B0FF2268536C43F400435364236878
:10F6E800144A934212D002F5003293420ED0A2F58A
:10F6F800F03293420AD002F5F832934206D00E4A0D
:10F70800934203D002F58052934200D19A681A6856
:10F71800002042F001021A6010BD042902D180F8CD
:10F728003E30D3E708290CBF80F83F3080F84030DE
:10F73800CCE700BF0000095000900040FFF788BFE9
:10F7480030B5054695F834300068012B3AD00123CE
:10F7580085F83430CB68C3F309040B6844EAC374F2
:10F768004B689B0703F080431C438B6A9A03CB6A60
:10F7780002F480422243DC028B6904F400641443DF
:10F788001A040B6902F4702222431C034B6904F427
:10F79800805414435A034B6A02F4005222431C0556
:10F7A800CB6904F4700414431A060B6A02F08072E1
:10F7B8005B06224303F0007313434364002085F87B
:10F7C800340030BD0220FCE70268136823F490730C
:10F7D80013600268936823F001039360202380F884
:10F7E80072300023036670477047000038B513462F
:10F7F80090F871200446202A33D100292FD0002BFD
:10F808002DD090F87020012A2BD00122002580F8F5
:10F8180070202122A0F85230C1644567124980F84F
:10F828007120826EA0F850305163826E0F49916347
:10F83800826E0F49D163826E15640268C16C2832EA
:10F84800806EFAF7C3FC4022284623681A622268B1
:10F8580084F87050936843F08003936038BD0120AA
:10F86800FCE70220FAE700BF97F90212C9F9021271
:10F878001BFA021238B5134690F872200446202A63
:10F8880038D1002934D0002B32D090F87020012ACA
:10F8980030D00122002580F870202222416545677A
:10F8A800154980F87220C26EA0F858305163C26EB4
:10F8B80012499163C26E1249D163C26E1564016820
:10F8C800426D2431C06EFAF781FC2846226884F81C
:10F8D8007050136843F4807313602268936843F090
:10F8E800010393602268936843F04003936038BD36
:10F8F8000120FCE70220FAE7D3F9021211FA0212FA
:10F908001BFA02122DE9F0411646D0E91A240546E1
:10F9180088461F4663B300231446194600228020F8
:10F92800C4E90522C4E90320C4E907312046A760D9
:10F93800FAF716FB20B140F26E51134806F0FAFDB3
:10F948002046FAF785FA20B140F271510E4806F0C8
:10F95800F1FD41462846B2B277B9FFF78BFF20B1D7
:10F9680040F27751084806F0E5FD0020BDE8F08137
:10F9780020234FF48051D1E7FFF738FF0028F4D057
:10F9880040F27C51EEE700BF393C0512704708B5DC
:10F9980003461B68006B1B6813F020030CD1026838
:10F9A800A0F85230936823F08003936002681368CC
:10F9B80043F04003136008BDFFF7E8FFFBE770471B
:10F9C80008B5006BFFF7FBFF08BD08B503461B68C9
:10F9D800006B1B6813F0200313D10268A0F85A309B
:10F9E800136823F4807313600268936823F001039B
:10F9F80093600268936823F040039360202380F8A3
:10FA0800723002F0AFF808BD08B5006B02F07EF85E
:10FA180008BD08B5006B90F87130212B0DD1036833
:10FA28009A68120609D50022A0F852201A6822F016
:10FA3800C0021A60202380F8713090F87230222BAF
:10FA480008D103689B685B0604D50023A0F85A30E8
:10FA5800FFF7BAFE436F43F01003436702F090F8D4
:10FA680008BD704710B502680446136823F0C00348
:10FA780013600268936813F0800310D0936823F032
:10FA880080039360836E53B1094A1A64806EFAF753
:10FA9800E6FA10B1A06E036C9847002010BDA4F8D8
:10FAA80052306366202384F87130FFF7DAFFF4E7F9
:10FAB800BDFA021208B50023006BA0F852302023CB
:10FAC80080F87130FFF7CDFF08BD704710B50268A8
:10FAD8000446136823F4907313600268936823F054
:10FAE800010393600268936813F0400321D0936880
:10FAF80023F040039360C36E53B1114A1A64C06E79
:10FB0800FAF7ADFA10B1E06E036C9847002010BD0B
:10FB18000F22A0F85A30436503681A620268936995
:10FB280043F008039361202384F87230FFF7CDFF78
:10FB3800ECE7A0F85A3043650F231362F3E700BFE0
:10FB48004DFB021208B500230F22006BA0F85A30B3
:10FB580003681A620268936943F0080393612023DB
:10FB680080F87230FFF7B1FF08BD000010B5394BBF
:10FB7800426804469A4204D940F6D211364806F043
:10FB8800D9FCA36833F0C05304D040F6D3113248EF
:10FB980006F0D0FCE36833F4405304D040F6DA11A1
:10FBA8002D4806F0C7FC236A33F4006304D040F6FE
:10FBB800DB11294806F0BEFC236933F4806207D0C4
:10FBC800B3F5C06F04D040F6DE11234806F0B2FC4E
:10FBD800636933F00C0200D123B940F6DF111E48E7
:10FBE80006F0A8FCA36933F4407304D04FF41E61F7
:10FBF800194806F09FFCE36933F4804304D040F6CB
:10FC0800E111154806F096FC2269A36821681343A0
:10FC1800626908681343E2691343104A02401343B8
:10FC28000B602268E168536823F440530B43536028
:10FC3800206AA3692168034300208A6822F430629D
:10FC480013438B602268D36A23F0F003D362C4E9BC
:10FC5800180010BD80969800393C0512F3B9FFE7EB
:10FC680010B5436A0446FF2B04D940F611215348C6
:10FC780006F060FC636AD8070FD5A36A33F4003333
:10FC880004D040F616214D4806F054FC2268A16ABB
:10FC9800536823F400330B435360636A99070FD505
:10FCA800E36A33F4803304D040F61D21434806F05C
:10FCB80041FC2268E16A536823F480330B435360A4
:10FCC800636A5A070FD5236B33F4802304D040F6B8
:10FCD80024213A4806F02EFC2268216B536823F44D
:10FCE80080230B435360636A1B070FD5636B33F4A0
:10FCF800004304D040F62B21304806F01BFC226854
:10FD0800616B536823F400430B435360636AD8065E
:10FD18000FD5A36B33F4805304D040F63221274823
:10FD280006F008FC2268A16B936823F480530B4308
:10FD38009360636A99060FD5E36B33F4005304D0DC
:10FD480040F639211D4806F0F5FB2268E16B9368FF
:10FD580023F400530B439360636A5A061AD5236C45
:10FD680033F4801304D040F64121144806F0E2FB36
:10FD78002268216C536823F480130B435360236C6F
:10FD8800B3F5801F06D12268616C536823F4C00361
:10FD98000B435360636A1B060FD5A36C33F400232F
:10FDA80004D040F64E21054806F0C4FB2268A16C39
:10FDB800536823F400230B43536010BD393C0512EC
:10FDC80010B50446002870D00268394B9A4202D117
:10FDD800082034F0B5FF2268364B9A4202D1092038
:10FDE80034F0AEFF2268344B9A4202D10A2034F034
:10FDF800A7FF2268314B9A4202D10B2034F0A0FFB2
:10FE080094F8713003F0FF0223B9204684F870207B
:10FE1800FFF7EAFC2423226884F87130136820462F
:10FE280023F001031360FFF7A1FE636A13B12046B4
:10FE3800FFF716FF2268536823F490435360226843
:10FE4800936823F02A0393602268136843F0010340
:10FE5800136061681A4B2268B3FBF1F30F2B19D8B2
:10FE6800184BB3FBF1F3116841F48041116021682C
:10FE7800CA6A22F00F0242F00202CA622268002017
:10FE8800D3602023606784F8700084F8713084F8A8
:10FE9800723010BD116821F4804111602168CA6A6E
:10FEA80022F00F0242F00602E7E70120F1E700BF67
:10FEB80000500850006008500050004000600040AA
:10FEC800006CDC0200D8B80538B50023CD5CFF2DE6
:10FED80001D1002413E0CC18032D647806D0E5186E
:10FEE80002359542F5DA02342344EFE73CB1042C9D
:10FEF800A8BF04240233224619441AF081FDE0B257
:10FF080038BD00002DE9F04104461046914A566874
:10FF180011B90020BDE8F0810028FADD8E4B1D786C
:10FF2800002DF6D0042C79D10D28F2DD546893F811
:10FF380004C0E4B2072C874C18BF52686268DFF827
:10FF48001482D2B2072A18BF62685A79120202F4E0
:10FF580070624CEA020CA1F800C09D795A792D0113
:10FF680005F0100545EA12158D80DF799A79FF01B1
:10FF780007F4786747EA52074F801C7ADA79E40079
:10FF880004F0180444EA5214CC805A7A1E7A92017A
:10FF980002F47C6242EA96020A819E7A93F809E0AA
:10FFA800B60006F03C0646EA9E1605EB850504EB0E
:10FFB800840406EB860605EB850504EB840406EB52
:10FFC8008606AD00A400B6008D80CC804E81D8F89E
:10FFD80004E05FFA8EFEBEF1070F06D0D8F804E001
:10FFE8005FFA8EFEBEF10F0F08D193F811E0CEF341
:08FFF800C00E81F80CE05B7CF7
:020000041203E5
:100000001B094B73BCF1000F87D0002D85D0002F4A
:1000100083D0002C81D0002A3FF47FAF002E3FF424
:100020007CAF7BE7062C79D10D287FF776AF54683B
:10003000E4B2072C494C18BF52686268D2B2072A52
:1000400003D06268D2B20F2A03D1C6F30722042A72
:100050001CD0424C6268D2B2072A00D0626805F018
:1000600007050D701A78C2F3C0044C705C78120951
:1000700004F00F0524098A70CD700C715C7B240993
:100080000C739C7B04F00F044C7315E01A7D02F096
:1000900007020A701A7DC2F3C0024A701A7D120963
:1000A0008A705C7D04F00F04CC705C7D24090C71B7
:1000B0001C7FC4F3C3040C73284D6C68E4B2072C96
:1000C0000FD06C68E4B20F2C0BD09C7824098C7193
:1000D000DC7804F00F05CD71C4F30215E4090D724C
:1000E0004C721E4C6568EDB2072D03D06568EDB209
:1000F0000F2D07D16568EDB2072D03D06468E4B217
:100100000F2C03D19B7803F00F034B71002A3FF4AF
:1001100004AF0B7B002B3FF400AFFFE6152C7FF400
:10012000FCAE07287FF7F9AE9A7A12090A70DA7ADC
:1001300002F03F024A701A7BDC7A920002F01C0245
:1001400042EA94128A701A7BD208CA709A7BDB7BCF
:100150001B0143EA12130B71E0E600BF00B0005030
:10016000289A002000487047489B002030B597B07F
:10017000FAF72AF90446002840F0878034F0F8FDA9
:100180000A2034F0F5FD20222146424834F03CFE9E
:1001900020224FF480703F49FAF770F9202876D179
:1001A000FCF7FAFA34F070FE2C22054621460DEBDE
:1001B000020034F029FE05F17043B3F1007F3FD215
:1001C000354B0A930AA834F067FE18B1F921334879
:1001D00006F0B4F920234FF4805102AA0AA834F0A3
:1001E00033FE002803DCFE212C4806F0A7F94FF46B
:1001F00080734FF400512A4A0AA834F025FE0028E3
:1002000004DC40F20311254806F098F94FF480739E
:100210004FF44051234A0AA834F016FE041E04DCB1
:1002200040F207111D4806F089F9224602A901A8EB
:10023000FFF74EFE88B1019800BB002017B030BD1B
:1002400005F16E45B5F1606F01D2174BB9E7F721A3
:1002500012480A9406F072F9B4E74FF4807210491C
:1002600001A8FFF735FE0028E5D14FF480720D4953
:1002700001A8FFF72DFE0028DFD0DCE740F2FF33B6
:100280009842DAD034F078FDD7E70120D6E7022093
:10029000D4E700BF289A0020001004506E3C0512DD
:1002A000489B0020489A00200020045008B5064AC8
:1002B0000648136A43F00053136208F0FBF8044841
:1002C00009F00CFE002008BD00B0005065030312C9
:1002D0005D040312F0B52DED028B16461E4A04464E
:1002E00093420D4607EE903A85B015D9F8EE677A3D
:1002F0009FED1A7A4D2787EE878ACCB918EE100A3F
:1003000022F0A2FB009702460B46304608F010F898
:1003100005B0BDEC028BF0BDB3F57A7FB8EEE78A8D
:1003200023BFDFED0F7A4B2788EE278A2027E4E7EB
:1003300020461AF0DFFB2D1A012DE9D9044418EEEE
:10034000100A029722F080FB3246CDE900012946CF
:10035000204607F0BBFFDBE73F420F000024744953
:1003600000007A4410B5064C236A5B0006D40220D4
:1003700034F0AEFD236A43F08053236210BD00BF0A
:1003800000B0005001282DE9F04180460C4607DD01
:100390004E682B4831461AF0BBF920B9F8F7ACF893
:1003A0000020BDE8F081314626481AF0B1F910B9B5
:1003B000F8F712F9F4E7314623481AF0A9F910BB0F
:1003C000A06816F099FEC0B218B1022034F080FD8A
:1003D000E6E7EFF31085012383F310881B4C2378A5
:1003E00023B940F29B311A4806F0A8F82378013B64
:1003F000DBB2237023B9174AD36A23F00103D36217
:1004000085F31088CCE730461AF074FB04F1080736
:1004100004EB88044FF020083518A74206D1304677
:100420000D4919F013F8BBE705F8018B2B783868F4
:100430000BB98542F8D31AF05DFB04370544ECE7AD
:1004400017600512A23C0512A63C0512F08200209E
:10045000AD3C051200000C50F25C051210B5064CC4
:10046000236A5B0006D4022034F032FD236A43F095
:1004700080532362012010BD00B0005008B507F082
:100480004DF9094807F054FF084807F051FF0848A4
:1004900007F04EFF40F269120649074808F010F8CD
:1004A000BDE8084007F050B9E63C0512EF3C0512E4
:1004B000F25C051290AC0512E452051230B599B009
:1004C000044603A80D4606F007F807A806F050F802
:1004D0000BA806F021F84FF0805034F0A1FC0F90EB
:1004E0004FF0905034F0E8FC10906F4806F084FB19
:1004F0000146002800F0868000231793038B1A071B
:100500000AD5172114AA06F0E9FC28B140F21522F9
:100510006649674807F0D4FF24B12A4600212046E7
:1005200034F072FC29462046039B624AFFF7D2FE54
:1005300029462046049B604AFFF7CCFE2946204608
:10054000059B5E4AFFF7C6FE29462046069B5C4A8D
:10055000FFF7C0FE29462046079B5A4AFFF7BAFE1E
:1005600029462046089B544AFFF7B4FE29462046F8
:10057000099B524AFFF7AEFE294620460A9B504A85
:10058000FFF7A8FE294620460B9B4F4AFFF7A2FE25
:10059000294620460C9B484AFFF79CFE002329462B
:1005A00020464A4AFFF796FE294620460F9B484AB6
:1005B000FFF790FE29462046109B464AFFF78AFE29
:1005C00029462046179B444AFFF784FEFCB99DF854
:1005D0005230BDF85620BDF85410404807F0A8FE30
:1005E0009DF85330DB0730D524BB3D4807F0A0FE13
:1005F0009DF85030052B33D0082B42D0002C4BD126
:1006000038482FE0102214A834F0FEFB84E720467F
:100610001AF070FA291A0129E2D99DF852302F4AAE
:100620000193BDF8563020440093BDF8543007F0D4
:100630004DFED5E720461AF05DFA291A0129D7D9CF
:10064000274A204407F042FED2E70CB92648CDE7FE
:1006500020461AF04FFA291A0129C9D9224AF0E78F
:1006600024B9224807F064FE19B030BD20461AF0C4
:1006700041FA291A0129F7D91C4A204407F026FE1D
:10068000F2E70CB91A48EDE720461AF033FA291AB6
:100690000129E9D9164AF0E720461AF02BFA291A5F
:1006A0000129E1D90F4AE8E7FF3C051282AC0512A7
:1006B000033D0512113D0512293D0512393D051274
:1006C0004A3D05125B3D0512743D05128E3D051233
:1006D000973D0512A73D0512B73D0512D23D051203
:1006E000E33D05120A3E0512EF3D0512FA3D0512E3
:1006F000023E051208B5064807F01AFE002108461A
:10070000FFF7DCFE034807F013FE002008BD00BF22
:10071000183E0512F25C051208B506F0FFFFF9F766
:10072000F3FDBDE8084007F00FB808B506F0F6FF86
:10073000F9F7F0FDBDE8084007F006B808B506F087
:10074000EDFFF9F7EDFDBDE8084006F0FDBF08B587
:1007500006F0E4FFF9F7EAFDBDE8084006F0F4BF53
:1007600008B506F0DBFFF9F7E7FDBDE8084006F045
:10077000EBBF08B506F0D2FFF9F7E4FDBDE808408D
:1007800006F0E2BF08B506F0C9FFF9F7E1FDBDE8E4
:10079000084006F0D9BF08B506F0C0FFF9F7DEFD46
:1007A000BDE8084006F0D0BF08B506F0B7FFF9F77E
:1007B000DBFDBDE8084006F0C7BF08B506F0AEFF98
:1007C000F9F7D8FDBDE8084006F0BEBF08B506F051
:1007D000A5FFF9F7D5FDBDE8084006F0B5BF08B59F
:1007E00006F09CFFF9F7D2FDBDE8084006F0ACBF6B
:1007F00008B506F093FFF9F7CFFDBDE8084006F015
:10080000A3BF08B506F08AFFF9F7CCFDBDE80840A4
:1008100006F09ABF08B506F081FFF9F7C9FDBDE8FB
:10082000084006F091BF08B506F078FFF9F7C6FD5D
:10083000BDE8084006F088BF2DE9F84FDDF82880B4
:100840000E469A46144634F077FA0C2705460023E4
:10085000DFF8C890DFF8C8B0B9F80010994235DC6D
:10086000202905D140F2E1122849294807F028FE45
:100870000C23B9F800707B433BF90330013305D0FA
:1008800040F2E3122149234807F01AFE0C235F438C
:100890000BEB07022BF807605388C4F30D046FF3CA
:1008A0000E039F2E44EA0304B9F80030C2F804A0F6
:1008B0005480C2F80880C8BF174A03F10103A9F8A1
:1008C0000030C2BF13880133138014E007FB03F02C
:1008D0000BEB00023BF90000B04201D00133BDE751
:1008E000536853450CD15388C3F30D03A34207D17A
:1008F0009368434504D1284634F0D6FA002003E03B
:10090000284634F0D1FA0720BDE8F88F36AD05123D
:100910003D3E0512613E0512AC9C0020AE9C0020BD
:1009200060870020F8B50C4634F006FA0021054631
:100930000C221D4E1D4F33888B4204DC284634F0B8
:10094000B3FA0020F8BD02FB01F000EB070C385EA3
:10095000A04201D00131EFE7013B8B421EBF02FBF9
:10096000037207CA8CE807000C225343FA58F9189F
:1009700002F000426FEA12426FEA0242FA5000238C
:100980009F2CC1E901330BDD094C23882BB94FF4AF
:1009900005720849084807F093FD2388013B23802E
:1009A0003388013B3380C9E7AE9C0020608700207C
:1009B000AC9C00204BAD0512713E051210B50446EB
:1009C000054807F0B5FC2146044807F0B1FCBDE836
:1009D0001040034807F0ACBC893E0512983E051252
:1009E000F25C05122DE9F0435F2805466C4C87B098
:1009F0001FFA80F929DC0123DFF8F4810E3005AA03
:100A00000DF1160134F0F8F99DF814300646052B67
:100A100096BF644A644F52F82370A04540F081802D
:100A20005FFA89F840460DF1150134F01DFA08B35C
:100A30005E4807F07DFC49465D4807F079FC5D485B
:100A400007F076FC07B0BDE8F0839F28D2BFA9F17C
:100A50006009A9F1A009A0464FF00003DDBFDFF84F
:100A6000948123381FFA89F9A5F15F00C8BF1FFAE6
:100A700089F9C4E79DF81530002B50D14FF00C0CCC
:100A80004D4A14884D4A9C4201D8002411E00CFBC9
:100A900003F18818515EA94201D00133F3E744887D
:100AA000C4F30D04042C33D8240504F1805404F558
:100AB0008814404634F0E4F9414B81469C424DD0C5
:100AC00041D8112C4DD036D8002C4DD03D4A3E4B4C
:100AD000012C14BF9046984600240C22364B37490F
:100AE0001B88A34249DC4FD0304807F021FC0C2280
:100AF000324B294602FB04339A68344803925B6800
:100B00003246CDE9018300974B4607F011FC96E78A
:100B100040F247422E492F4807F0D2FCB5E70124A6
:100B2000C7E74946404634F0E7F8494604464046A0
:100B300034F0E6F8C0E7284A2249284B944214BF13
:100B400088469846C8E7264B9C4210D003F5801390
:100B50009C420FD0234A1B49234BEFE7DFF89880D4
:100B6000BAE7DFF89880B7E7DFF89480B4E7DFF8FA
:100B70009480B1E7DFF89080AEE702FB04F0085EF6
:100B8000A842B1D00134ACE7084807F0D1FB4B468E
:100B900032462946CDE90078144807F0C9FB4EE7F4
:100BA0005CB00C50F0AC05125D3F0512893E051299
:100BB000643F0512F25C0512AE9C002060870020A5
:100BC00000002110533F0512BA3E05127D3F051269
:100BD00008AD0512E452051200001110DF3E0512A7
:100BE0000000411000003110083F0512B03F05120F
:100BF00000000A5000000840F33E0512CB3E0512EB
:100C0000AA3E0512243F05123C3F051202282DE999
:100C1000F34107460C4600F38C80A54807F088FB9B
:100C2000A44807F085FBA44807F082FBA04807F022
:100C30007FFBA24807F07CFB9F4807F079FB9C48AC
:100C400007F076FB9E4807F073FB9B4807F070FBAC
:100C5000974807F06DFB9B4807F06AFB964807F042
:100C600067FB934807F064FB974807F061FB9248E5
:100C700007F05EFB8E4807F05BFB944807F058FBDB
:100C80008D4807F055FB8A4807F052FB904807F063
:100C90004FFB894807F04CFB854807F049FB8D481E
:100CA00007F046FB844807F043FB814807F040FB10
:100CB000894807F03DFB804807F03AFB7C4807F085
:100CC00037FB864807F034FB7B4807F031FB784858
:100CD00007F02EFB824807F02BFB774807F028FB34
:100CE000734807F025FB7F4807F022FB724807F0A6
:100CF0001FFB6F4807F01CFB7B4807F019FB6E4891
:100D000007F016FB6A4807F013FB784807F010FB62
:100D1000694807F00DFB664807F00AFB744807F0C6
:100D200007FB654807F004FB6FF0090002B0BDE85F
:100D3000F081704805F060FF054658B95C4807F03F
:100D4000F7FA6D4807F0F4FA5B4807F0F1FA6FF034
:100D50000700EBE7032105F0C3FF032F66686DD0A2
:100D60003046664919F0D4FC074618BBA06816F057
:100D7000C3F9ADF80400E06816F0BEF939468DF805
:100D8000060001AA284606F0A9F89DF80640012CA5
:100D90000BD1BDF8043002211846594A14F05EFB0D
:100DA0002146BDF8040014F081FB284605F0F4FF4D
:100DB0000020BBE73046534919F0AAFC074688B922
:100DC000A06816F099F9ADF80400E06816F094F9FF
:100DD0000423ADF80600394628460DEB030206F061
:100DE00045F8E2E73046484919F092FC0746F0B969
:100DF000A06816F081F9E4685F28D4BF00F10E08FE
:100E0000A0F12308064641492046D8BF012719F022
:100E10007FFC18B93046FFF7E5FDC6E7204616F01F
:100E20006BF93A460146404634F032F8BDE72048B7
:100E300007F07EFA364807F07BFA19E0304635496C
:100E400019F066FC0746B8B9A06816F055F90423F6
:100E50003946ADF804000DEB0302284605F0CEFF3D
:100E6000134807F065FABDF806102B4807F060FA42
:100E7000114807F05DFA98E73046284919F048FC18
:100E800088B9A6682649304619F042FC044630B9B4
:100E900020460134FFF7A6FDA42CF9D185E73046A2
:100EA00016F02AF9B7E7024807F042FA1D48C2E7F0
:100EB000893E0512E13F0512F25C0512164005124B
:100EC00046400512764005129D400512C4400512A9
:100ED000EB4005121241051239410512604105121D
:100EE00086410512AD410512D4410512FB410512A0
:100EF00022420512494205124D420512783F051261
:100F0000BD09031263420512694205126D420512C2
:100F10006F420512305A05127B420512F242051249
:100F200085420512894205122DE9FF470D461446F8
:100F3000002800F0DB80C36C002B00F0D7805F2915
:100F400019DC0026DFF8D8910191012C40F0A28035
:100F500033F0F2FE4FF0000A07460C20644BDFF836
:100F6000B88119888A451DDB384633F09DFF06207D
:100F700004B0BDE8F0879F2906DCA1F160030026DC
:100F8000DFF8A0910193E0E701F16006F6B2032ECD
:100F900005D940F23E225749574807F091FA4FF0E1
:100FA0000009D2E700FB0AF303EB080238F903302B
:100FB0009D4202D00AF1010AD4E753880022C3F30C
:100FC0000D03042B08D8DFE803F003272B2E310094
:100FD00002230393494B0293B9F1000F35D04846E1
:100FE00001A933F019FF5F2D4FF000024FF005010A
:100FF0004FF054001DDCF8F727FD5420F8F766FD8C
:101000000C2303FB0A83DA7842F04002DA70384698
:1010100033F04AFF0020ABE701230393384BDAE7B4
:10102000384B0392D7E7384B0392D4E7374B039200
:10103000D1E7F8F709FD5420F8F748FD1420002205
:101040000521F8F701FD1420D8E7304633F018FFEA
:10105000041E05DA40F2862226492D4807F030FAB0
:101060002C4B04F001029A550C2303FB0A8898F8D4
:101070000330E40103F03F0344F040041C4300222A
:101080000521542088F80340F8F7DEFC5420F8F7D7
:101090001DFDBCE73CBB33F04FFE224607460C2447
:1010A000134BB3F800C01C4B624507DBB9F1000FCE
:1010B00011D04846019933F06FFEA8E704FB02F017
:1010C000C118185E854201D00132EDE7CB7823F0DC
:1010D0004003CB70EAE701221049B2400B6823EAD3
:1010E00002030B6093E76FF0050041E701203FE743
:1010F000AE9C002061AD05129C420512000011104B
:1011000000002110000031100000411000005110BB
:10111000B3420512A89C002060870020A49C0020F8
:1011200000000A500000084010B538B1C46CCCB1C2
:101130005F2905DC0C4889B233F0E2FD044611E07A
:101140009F2903DC6039094889B2F5E76031C8B2EC
:1011500033F096FE041E05DA4FF4B87204490548D0
:1011600007F0AEF9204610BD00000A50000008400C
:1011700027AD0512C24205120B46A0B1C16C91B158
:101180005F2BD2B203DC084899B233F091BE9F2B9B
:1011900003DC603B054899B2F7E703F160001146B4
:1011A000C0B233F01DBE704700000A500000084076
:1011B00030B50C4685B058B3C36C4BB35F29D4BF70
:1011C0000B46A1F1600301934FF001014FF00003C2
:1011D000D8BF1E48CDE90213C8BF1D48042A19D83C
:1011E000DFE802F03103080B0F00029300219F2C6F
:1011F00013DC0AE0CDE90231F8E7029302230393FE
:10120000F4E711239F2C029315DC01A933F004FEAF
:1012100005B030BD9F2CF8DD002104F16000C0B2A4
:1012200033F0B6FD0028F3D04FF4DE7209490A48C6
:1012300007F046F9ECE707494FF4DD72074807F07D
:101240003FF90121E9E70121D1E700BF00000A5081
:101250000000084018AD0512E8420512CD42051203
:101260002DE9F84F4A4B1B88002B00F08F8033F09C
:1012700063FD00268046B146464DDFF840A1464F4B
:10128000BAF800304B4509D8404633F00DFE002E29
:101290007CD0BDE8F84F5420F8F758BC6B68002BA1
:1012A00059D0B5F900409F2C55DDEB78590652D541
:1012B0006034E4B2032C04D9D2223849384807F00C
:1012C000FFF8204633F0DCFDB0F1000B04DAD42245
:1012D0003249344807F0F4F86B88C3F30D03042B4C
:1012E00052D8DFE803F0033C42484D003B5D002B41
:1012F00008BFBBF1010F0CBF01230023EA786BF399
:10130000C712EA7007F804B02BB32146264833F021
:1013100003FD002806DB01230830244A834043F004
:10132000004393621F2C05D940F209121B49204843
:1013300007F0C6F801231F4AA34011681F2E43EA95
:101340000103136005D940F20B1214491A4807F043
:10135000B7F80136F6B209F101090C3590E73B5DAB
:10136000012B08BFBBF1000FC5E73B5DB3EB0B03DF
:1013700018BF0123C2E70BF1FF3253425341BDE7CF
:10138000BBFA8BF35B09B9E70023B7E7BDE8F88F39
:10139000AC9C002060870020A89C002090AD051226
:1013A0009C420512F94205125CB00C5000000C5032
:1013B00002430512A49C00200F430512AE9C00209E
:1013C000234B2DE9F041984207460E461AD0214B97
:1013D00098420AD101F1600800250C221E4B1F4CD7
:1013E0001B88AB4210DCBDE8F0811D4B984202D156
:1013F00001F1A008F0E74FF437721A491A4807F0D4
:101400005FF8E9E78846E7E702FB05F1615E4145E1
:1014100001D00135E5E7124B9F4211D1F0B233F014
:101420002FFD061E05DA4FF43A720E490F4807F0F9
:1014300047F80C2303FB0543DA7866F3C712DA702A
:101440000C2303FB0544D4E90130BDE8F041184703
:1014500000000A5000000840AE9C00206087002079
:101460005CB00C5084AD0512E4520512F94205122D
:1014700038B5054633F060FC044615B15420F8F742
:1014800065FB2046BDE8384033F00EBD70B5002442
:1014900006F044F90C4A0D4D13680D4E01331360EC
:1014A0002B88A34203D8BDE8704006F04DB90C2349
:1014B0006343F15E603989B23F2902D8054833F0B1
:1014C00003FD0134ECE700BF9C9C0020AE9C002093
:1014D0006087002000000840024A0349034813F0D7
:1014E00093BF00BF00000A50BCAD0512494205126F
:1014F0002DE9F84305460E4633F01EFC134C144A02
:101500002368A91ADFF84C804A424A4108EBC3031A
:101510009A802368074608EBC303DE80D4F8009066
:1015200033F002FC48F83900236828460133092BC0
:101530008CBF00232368314698BF01332360FFF737
:101540003FFF3846BDE8F84333F0AEBC489C00206E
:1015500000000A504C9C002073B533F0EDFB294A83
:101560000026546A24F0604323F0FF0343F0004355
:10157000936233F099FCC4F3142464B3E20725D5D5
:10158000F5B228460DF1050133F00EFCF0B99DF8D7
:101590000530012B1AD928460DF1060133F0B4FBB2
:1015A000054658B94FF44F721749184806F088FF9E
:1015B0002846BDF8061033F007FC02E0144B9842B1
:1015C000F6D12846BDF80610FFF792FF0136152E1A
:1015D0004FEA5404D1D1002433F0AEFB0D4B1D680B
:1015E0001C6033F061FC55B1EB0703D50848A1B28C
:1015F000FFF77EFF0134042C4FEA5505F3D102B00A
:1016000070BD00BF00000C5076AD051233430512CB
:101610005CB00C50A49C002008B506F07FF8064A88
:10162000136801331360FFF797FF044833F098FB0A
:10163000BDE8084006F088B8A09C002000000A50D1
:1016400010B5044628B940F23B120A490A4806F090
:1016500037FFE46C2CB940F23D120649074806F00A
:101660002FFF2368DA6992064ABF586A4FF0FF30AD
:10167000C0B210BD05AE05126D4305127F430512C1
:1016800037B50D46044628B94FF4927212491348F3
:1016900006F016FFE46C23689A6B0192019AD20758
:1016A00015D433F049FB402223681A6223689D62F7
:1016B0002268D3695906FCD533F0F6FB019B012063
:1016C000DB075EBF012223689A6303B030BD019A35
:1016D000D006E1D4E5E700BFFAAD05126D4305126F
:1016E000F8B50E4617461D46044628B94FF4A772B2
:1016F0002149224806F0E4FEE46C2CB94FF4A872AC
:101700001D491F4806F0DCFE012DA06F24D104F115
:101710007C03E366C4F8AC40C36822681B682946B2
:10172000E367C368DB68C4F88030136843F01003D4
:101730001360A36F002293F90800F8F785F9A36FEF
:1017400093F90800F8F7C2F900233A4631462046DB
:10175000FEF7DCF80020F8BD04F1E803A366C4F846
:10176000184103691B68C4F8E8300369DB68C4F8F2
:10177000EC301023E9E700BF10AE05126D430512EF
:101780007F43051238B50D46044620B990223249F0
:10179000324806F095FE25B991222F49304806F0CF
:1017A0008FFEE46C24B993222B492E4806F088FE64
:1017B000A36F5B6823602B686360EB79C3F38103DD
:1017C0001B02A3610C2363610023E3612B793F2B90
:1017D00007D903F00F02082A9EBF013262F3030308
:1017E0002B712B7903F00F03063B032B23D8DFE883
:1017F00003F0280222254FF00063A3602B79C3F386
:101800000113022B1FD0032B20D0591E4B424B41FA
:101810005B03E3602B799B09012B1AD09A1E53427C
:1018200053419B0220462361FEF7CEFA003818BFD1
:101830000120404238BD4FF08053DEE74FF0C053E7
:10184000DBE70023D9E74FF48053E2E74FF440533E
:10185000DFE74FF4C063E5E7DCAD05126D43051229
:101860008F4305127F430512F8B50F46164605460D
:1018700020B9E2223A493B4806F022FEEC6C24B93A
:10188000E4223749384806F01BFE102F3CD0112FB8
:1018900008D0032F4FD0284605F15401FFF772FFFF
:1018A0000020F8BDA36F93F90830002B0DDB012158
:1018B0005A0903F01F03994002F120032B4A42F812
:1018C0002310BFF34F8FBFF36F8F2268B6F5007FF1
:1018D000136823F0200313600FD100232046C4F8BF
:1018E000E430FEF7F7F82268136823F01003136062
:1018F00040F2244223681A62CDE7B6F5006FCAD1E0
:101900002046FEF7B3F8C6E7B6F5807FC3D1A36FD4
:1019100093F90830002B08DB0122590903F01F035B
:1019200002FA03F3114A42F821302268136843F0A7
:1019300020031360AFE7B6F5007FACD122682846DC
:10194000936943F008039361D5E9162101230968DF
:10195000C2F38F22FFF7C4FE0023C4F8E4309AE7F5
:10196000ECAD05126D4305127F43051200E100E066
:10197000032838B50D461CD91849686818F0C8FE08
:1019800058BBA86815F0B8FB0446E86815F0B4FB2E
:101990004FF4DE736343124AD118C1F8AC0103F56A
:1019A000D67103F5AC73D0181144BDE83840FFF789
:1019B000E9BE0C4806F0BCFC0B4806F0B9FC0B482D
:1019C00006F0B6FC074806F0B3FC094806F0B0FC88
:1019D000BDE83840054806F0ABBC38BDDB51051208
:1019E000B09C00209E430512AD430512F25C051227
:1019F000D043051270B5064628B940F28712424915
:101A0000424806F05DFDF46C2CB94FF4C5723E49B6
:101A10003F4806F055FD2368DA69920608D51A6832
:101A2000950605D501213046BDE8704014F074BC20
:101A300094F85421FAB1DA69D0061CD51A68D10697
:101A400019D510221A6233F077F9E36FB26D5B6833
:101A5000D4F8E450C2F38F22D31A9D4286BF521BA2
:101A6000D5185D1BC4F8E43033F01EFAD5B1290255
:101A700041F00301D7E794F85521A2B1DA69520683
:101A800011D51A6855060ED540221A62202304216A
:101A900084F87130304614F03FFC2268136823F05C
:101AA0004003136070BDDA69100744BF08221A6250
:101AB0002368DA69510744BF04221A622368DA698D
:101AC000920744BF02221A622368DA69D60744BF2C
:101AD00001221A622368DA69550544BF4FF4806217
:101AE0001A622368DA69100644BF80221A622368EA
:101AF000DA69510644BF40221A622368DA69920605
:101B000044BF20221A62CDE768AE05126D4305126C
:101B10007F43051238B5054628B94FF4F0721149D4
:101B2000114806F0CDFC33F007F9EB6FD5F8B02182
:101B30005B68D5F8E440C2F38F22D31A9C4286BF7B
:101B4000121BD4181C1BC5F8E43033F0ADF944B1B6
:101B5000210205F5AC7041F00301BDE8384014F0F6
:101B6000DBBB38BD4CAE0512E6430512FFF7D2BF12
:101B700008B505F0D3FD0348FFF73CFFBDE808407A
:101B800005F0E2BD089E002028B940F20632024965
:101B9000024806F095BC704735AE0512E6430512C3
:101BA0002DE9F74F00250446E9462E469A46204B7C
:101BB000884693E80300CDE90001DFF880B004F522
:101BC000AC7402EB8207BD4203D1304603B0BDE8DE
:101BD000F08F08EB850244F8E02CCDF800A004F16A
:101BE000540299E80300C4F850B082E8030040F2C0
:101BF000035140F2037214F8040CA4F5AC730028EE
:101C000008BF0A4614F8031C09B142F400622046DA
:101C100058F8251014F048FB064628B140F27232FD
:101C20000449054806F04CFC053504F5DE74CAE7A6
:101C3000A0AE051223AE0512F44305128CAE0512B8
:101C40000122054B054983F85421054B0248CB601E
:101C5000044BFFF7A5BF00BFB09C0020F088002018
:101C6000E088002040420F0010B5044628B940F239
:101C7000BB120449044806F023FCE36C1B68586A55
:101C800010BD00BF18AF05120B44051270B50E460B
:101C90001446054628B94FF4C4721949194806F08C
:101CA0000FFC2CB940F289121549174806F008FCC0
:101CB0001F2EED6C1ED1012195F83500246833F0FC
:101CC00017F82B68114A934212D01149114A8B42DE
:101CD00008BF1046B0FBF4F0B0F5803F0DD20138DC
:101CE000986200202A68536943F00103536170BD74
:101CF0000848EFE76FF00500F9E76FF00900F6E735
:101D00002AAF05120B4405121C44051200000B50AB
:101D100000100B5000366E0110B5044628B940F291
:101D200075120449044806F0CBFBE06CBDE8104096
:101D3000FCF786BC0DAF05120B44051270B50C46BE
:101D40001646054628B940F24B121049104806F0D5
:101D5000B7FBE86C012E0368DC620368C4601A6894
:101D60000CBF42F0080222F008021A60FCF732FCB5
:101D700050B1084806F0DCFA074806F0D9FA0748DF
:101D800006F0D6FA4FF0FF3070BD00BF01AF05126C
:101D90000B4405122B4405123C440512F25C05125B
:101DA000F0B50D461646044689B028B94FF41572B1
:101DB0003149324806F084FB2EB940F255222E49B3
:101DC0002F4806F07DFB1F2DE76C51D17B681BB1BE
:101DD0006FF0090009B0F0BD3B69002BF8D1294B29
:101DE00034689D6815F001050ED10320F8F71EFD3B
:101DF0002B4602460221244821F0A6F930604FF616
:101E0000FF739C4216D1E3E76D46204EB4F5004FB8
:101E10000FCE0FC596E80F0085E80F0025D84FF4C8
:101E20000042B2FBF4F204FB02F3D3F500430CD002
:101E30004FF6FF753A680020D36823F46063D360DF
:101E40003A68D3682B43D360C4E70121D2B201FAC8
:101E500003F0824205D108AA02EB830353F8205C09
:101E6000E8E70133082BF2D1E2E74FF6FF75C6E74A
:101E70006FF00500AEE700BFE8AE05120B44051297
:101E80001C44051200B00C500060343C80AF0512B9
:101E900010B5044628B940F295220849084806F0D2
:101EA0000FFBE46C94F83230012B02D12046FAF794
:101EB00067F82046BDE81040FAF742B8D3AE0512E5
:101EC0000B44051210B5044628B940F222220449F9
:101ED000044806F0F5FAE06CBDE81040FAF700B8E7
:101EE000C5AE05120B44051238B50D46044628B997
:101EF00040F20D122849294806F0E2FA002D4AD096
:101F0000E56C012194F8BD0032F0F2FE2B68244A02
:101F100093422CD02349244A8B4208BF10464FF4E9
:101F20007A73B0FBF3F042F20F7301386860EB6034
:101F300094F8BD30284685F83530636D1B7B013B36
:101F400018BF01231B01AB6000232B61FCF76AFE65
:101F5000024670B1154806F0EBF9D4F8C0101448E9
:101F600006F0E6F9BDE83840124806F0E1B90E483F
:101F7000D5E7032194F9BC00F7F766FD94F9BC009E
:101F8000F7F7A4FD6FF001022B681A612A68136845
:101F900043F00403136038BDF6AE05120B4405127E
:101FA00000000B5000100B5000366E012B44051240
:101FB0004E440512F25C051270B50E4614460546F5
:101FC00028B940F202220D490D4806F079FA013C89
:101FD00018BF0124E86C314680F83240F9F71CFF45
:101FE00050B1084806F0A4F9074806F0A1F90748DF
:101FF00006F09EF94FF0FF3070BD00BFB6AE05127F
:102000000B4405122B4405125D440512F25C0512C7
:1020100038B50D46044628B940F2DB12134914487E
:1020200006F04EFA05B3E56C2846F9F731FE28466E
:10203000F9F742FE024660B10E4806F079F9D4F88D
:10204000B0100D4806F074F9BDE838400B4806F0B2
:102050006FB994F9AC000321F7F7F6FC94F9AC00E2
:10206000BDE83840F7F732BD38BD00BFA8AE051255
:102070000B4405122B4405124E440512F25C051266
:1020800008B505F04BFB0348FDF734FABDE80840FE
:1020900005F05ABB308A002008B505F03FFB034825
:1020A000F9F76EFFBDE8084005F04EBB7C890020C3
:1020B0000268034B9A4202D1024812F031BE7047C7
:1020C00000200950B8890020044B01689A6F9142A2
:1020D00002D1184612F024BE704700BF04890020C8
:1020E0002DE9F84300250E4604462F46DFF85080C0
:1020F000DFF85090AE4202DC3846BDE8F883204657
:10210000C4E91498D4F8C01004F1780212F034FE37
:1021100060B1084806F00CF9D4F8C010064806F083
:1021200007F9064806F004F94FF0FF370135C434CB
:10213000E0E700BF2B44051270440512F25C051263
:1021400070AF05125CAF05122DE9F84300250E466D
:1021500004462F46DFF85080DFF85090AE4202DC94
:102160003846BDE8F8832046C4E91498D4F8B01086
:1021700004F1780212F000FE60B1084806F0D8F8C9
:10218000D4F8B010064806F0D3F8064806F0D0F8A8
:102190004FF0FF370135B434E0E700BF2B440512A0
:1021A00070440512F25C05124CAF051238AF0512EF
:1021B00008B501210448FFF793FFBDE8084001215D
:1021C0000248FFF7C1BF00BFB88900200489002082
:1021D0002DE9F0430027514C3E46A0463D4685B0D0
:1021E00010220021684604F1540932F00DFE4846E1
:1021F000C4E916552566FCF715FD08B3484806F0F6
:1022000097F8B42303FB06834648D3F89C1006F0E6
:102210008FF8454806F08CF8414806F089F8B42359
:1022200003FB06834148D3F89C1006F081F83E4832
:1022300006F07EF84FF0FF37384605B0BDE8F08372
:102240004FF48053694648460093FCF77DFA48B145
:10225000334806F06DF8B42303FB06833448D3F803
:102260009C10D4E74846FCF76BFD48B12C4806F0BB
:102270005FF8B42303FB06832E48D3F89C10C6E70F
:1022800010214FF0800C626D136843F0040313605B
:1022900004F19C0353F8042F4AB191601A68D56089
:1022A0001A68C2F810C01A68D5611A681562013040
:1022B00080B20428EED1D4F8B03073B110229A6005
:1022C0008022D4F8B030DD60D4F8B0301A61D4F890
:1022D000B030DD61D4F8B0301D625421012006F029
:1022E00003FB2346144AD4F89C1013F06FFA60B134
:1022F0000B4806F01DF8D4F89C10104806F018F8AA
:10230000094806F015F84FF0FF37731C022B4FF009
:10231000010604F1B4048FD062E700BF808A002078
:10232000904405129D440512F25C05124E440512BC
:10233000B6440512CB4405127C8A00207044051275
:102340002DE9F0474B1E012B0E4614468CB003D8E6
:102350000A200CB0BDE8F0871388C56C2BB940F299
:102360007142B249B24806F0ABF8803E052EEFD874
:10237000DFE816F006006E009D0022017201A20146
:102380002388227D5F1EBF0005F154081AB327334E
:1023900055F823601822002101A832F035FD4FF4D2
:1023A000C00300936B6DBA08343353F8223069468A
:1023B0003A4640460193FCF74FFD78B19D4805F041
:1023C000B7FF414622889C4805F0B2FF9B4805F0C4
:1023D000AFFF0120BDE7D5F8B060DBE79EB396F80C
:1023E0006C90B9F1000F16D13046F7F735FDB6F80D
:1023F0006A304A4605EB8303DE66316A96F9680067
:10240000C6F83080F7F720FB96F96800F7F75EFB17
:10241000012386F86C30E26942B1238C33B1B6F8FF
:102420006A1059B939464046FCF724FFA3781BB11E
:1024300039464046FDF748F900208AE739464046CC
:10244000FCF776FEF2E739464046FCF7E5FDEDE79E
:102450002388227D5E1EB60005F15407E2B12733C2
:1024600055F82350F5B1002385F86C30B5F86A3083
:10247000314638469BB9FCF7E5FF95F96800F7F758
:1024800039FB2846F7F770FDA378002BD4D03146EE
:102490003846FDF757F9CFE7D5F8B050E2E7FCF73B
:1024A0005DFFEAE731463846FCF7F0FDECE7B4F8AB
:1024B00000A06B6D624A0AF1FF3A93424FEA8A0A22
:1024C00005F154094BD002F52C2293424FF6FF78C8
:1024D00048D0012195F8890032F00AFC594F4FF499
:1024E0007A72B0FBF7F760680023A0FB070120F0C9
:1024F0002BFEB0FBF8F303F10108B0FBF8F6032E56
:1025000038BF03266A6D93626A6D731ED3622B66B1
:10251000A06842460023A0FB070120F015FE4FF4FF
:102520007A72002320F010FEF0B1864200D8701CB1
:102530006B6D4FEA9A0A3433013843F82A0094F855
:1025400022303BB10025DFF80CA1238C9D420DD336
:102550003D4A136001214846FCF7B4F86CE74FF0A0
:10256000FF38B6E73948B9E70120E1E7A3694246F9
:1025700053F825000023A0FB070120F0E5FD002310
:102580004FF47A7220F0E0FD013861F1000150EA69
:1025900001030ED0B04271F1000C32464FF000033F
:1025A00001D202460B46CAE9002301350AF1080AA6
:1025B000CBE701220023F6E726886A6D244B013E13
:1025C0009A424FEA86062ED0012195F8890032F012
:1025D0008FFB00231B4A002120F0B6FD4FF47A78D0
:1025E00081466B6D0F46DA6A986A0B46013002FB32
:1025F000000000214A4608FB00F020F0A5FD6060C5
:102600006B6DB60803F1340252F826209D6A002152
:10261000013502FB05553B464A4608FB05F020F014
:1026200093FDA06008E70948D3E700BFB7AF0512E4
:10263000DE44051290440512F9440512F25C0512BD
:102640000040005040420F006C9E002000366E019A
:1026500000000B50709E00206B6D514A05F154072D
:10266000934224D002F52C2293424FF6FF7621D0DC
:10267000012195F8890032F03BFB4A4B6168B0FBC1
:10268000F3F04FF47A720023A1FB000120F05CFD0F
:10269000B0FBF6F60136B0FBF6F0032838BF032096
:1026A0006B6D0138D86201212866384654E74FF037
:1026B000FF36DDE73C48E0E730220021684632F093
:1026C000A3FB6A6D394B05F154079A4220D00121D2
:1026D00095F8890032F00CFB324E637BB0FBF6F6C6
:1026E00020691B07A0FB060114D54FF47A52002382
:1026F00020F02AFD451EB5F5806F4AD32C4805F021
:1027000017FE4FF47A022B49B2FBF6F22A485BE639
:102710002548E1E74FF47A72002320F015FD451EAD
:10272000B5F5806F35D3224805F002FE4FF47A22CA
:102730002148B2FBF6F21F4905F0FAFD1F4805F0EB
:10274000F7FD627B3846C2F380130A93A37B03959F
:1027500003F00F011B090993E37B00240691C2F3E8
:1027600040110591C2F300110491C3F34001089197
:10277000C2F3C00203F0010107910B926946C3F353
:102780008012DB09029401920093FCF7DDFF2046E2
:10279000DFE5002DD5D1A589C5F30905D1E700BF37
:1027A0000040005040420F0000366E0100000B5008
:1027B00090440512A0AF051215450512F25C0512F2
:1027C00073B50D461446064628B940F24222264902
:1027D000264805F075FE2CB940F2432222492448D0
:1027E00005F06EFE102D336D2AD0112D25D114F475
:1027F000A06F22D053F8DC2CA3F5967392F9082031
:10280000002A0DDB0120510902F01F02904001F166
:102810002002184941F82200BFF34F8FBFF36F8F9A
:102820001A6893680193019B23F04F030193019B66
:1028300043F030030193019B9360002002B070BD10
:1028400014F4A06FF9D053F8DC3C93F90830002B56
:10285000F3DB0122590903F01F0302FA03F3054ACF
:1028600042F82130E9E700BFE4AF05125C450512EC
:102870001C44051200E100E02DE9F74F0E468146A9
:1028800028B940F277128A498A4805F019FED9F82A
:1028900050302BB94FF4BC728549874805F010FEC3
:1028A000D9F85030DB6C2BB940F27912804983485B
:1028B00005F006FE2EB94FF4BD727D49804805F043
:1028C000FFFDD9F85050337CA5F59675D907D5F89A
:1028D0001CA007D5BAF1020F1FBF2A68136843F482
:1028E00080431360B7680FB93C4649E000220121DC
:1028F000D5F8AC0104F046FD28B140F29D126C49B8
:10290000704805F0DDFDD6E90012B7F5803F39BF0C
:10291000BCB200274FF6FF74A7F57F47B36828BF06
:10292000FF3FDB1B1B1B02EB030B002968D001EBF5
:102930000308B9F81830002A4AD003F42062B2F52F
:10294000206F2FD121465846F3F748F823465A46C0
:1029500041462846FBF770F8044600286FD05A48D5
:1029600005F0E6FC2846FBF780FD21460246574865
:1029700005F0DEFC564805F0DBFC012385F84A3003
:10298000337C9B0707D5BAF1020F1FBF2A68136873
:1029900023F480431360002C40F08780B06803B0BC
:1029A000BDE8F08F03F4A063B3F5A06F06D1234612
:1029B0005A4641462846FAF759FECDE741F2883398
:1029C0005A460093414623462846FAF70DFCC3E7D2
:1029D0001A0505D5224641462846FAF77DFFBBE792
:1029E000580505D5224641462846FAF7C1FDB3E70A
:1029F00041F28833224641462846FAF73FFBABE7CF
:102A0000EAB1B9F81830990509D521465846F2F7C8
:102A1000E5FF224659462846FBF704F99CE7DA050C
:102A200005D5224659462846FAF7B4FE94E741F206
:102A30008833224659462846FAF7D0FC8CE72846C8
:102A4000FBF710FD01281FD00238C0B203282AD896
:102A500041F28831D5F8AC0104F0A2FB023013D169
:102A6000194805F065FC1B4805F062FC184805F0A4
:102A70005FFC0324144805F05BFC2846FBF7F5FCDB
:102A800021460246144873E72846FBF7EEFC00286F
:102A90003FF429AF0C4805F04BFC104805F048FC0A
:102AA0000B4805F045FC0124E4E7002077E700BF70
:102AB000F0AF05125C4505126E45051285450512FD
:102AC000AE450512C1450512D4450512E145051272
:102AD000F25C051206460512274605121746051236
:102AE0002DE9F0410D46074628B940F237225249F8
:102AF000524805F0E5FC2DB94FF40E724E4950488E
:102B000005F0DEFC3E6DA6F59674656525B9AE222E
:102B10004C494D4805F0D4FC2B7813F0080F0CBF3E
:102B20000023182363602B7813F0400F0CBF03239E
:102B30000123A3606B78082B04D0102B56D00820FB
:102B4000BDE8F081E023E3602B7803F00103DB02B2
:102B500063612B78C3F340039B022361236D5B7A8F
:102B600084F848306A68530803F1377303F5D84393
:102B7000B3FBF2F3A3616B8813F4407339D1E361C3
:102B80004FF4004323620023304A84F84A3023681C
:102B9000934238D1242032F0D7F82046FAF78CF946
:102BA00003460028CBD194F82821D00715D53A8BBD
:102BB000910512D56A78A6F1D408082A86BF4FF489
:102BC00080734FF480621A464046C4E91B32F7F71F
:102BD00043F9C4F84480C4F8884094F828319A072F
:102BE00002D53B8B1B0513D40020A9E74FF4F073EB
:102BF000A9E7B3F5807F01D10223C0E7B3F5007FD9
:102C0000BED10423BBE7124A9342C6D12520C2E7B6
:102C10006B786C3E082B93BF00234FF480734FF406
:102C200080621A463046C4E93532F7F715F9266452
:102C3000C4F8F040D8E700BFD6AF05125C450512D6
:102C40004C460512C7AF05128F43051200500950BC
:102C5000006009502DE9F0470027924699460D463D
:102C60000446B8460326C84502D13846BDE8F08779
:102C70002565C4F878512B6894F828212360D10782
:102C80000AEBC803636516D5EB6880211B6846F420
:102C90000076A365EB68DB68E365EB685B68C4F806
:102CA00080300023C4E91833C4E91A13C4E91C3383
:102CB0004FF40053A367930718D52B6900211B68B5
:102CC00046F40066C4F8C0302B69DB68C4F8C43031
:102CD0002B695B68C4E93611C4F8E8301023C4E9F5
:102CE00032318023C4E93431C4F8E010002295F970
:102CF0000800114646F4A066F6F7A6FE3246114BD0
:102D0000696804F5967013F0F7FB074628B140F2A6
:102D1000D1220D490D4805F0D3FB00226868114609
:102D200004F00AFAC4F8AC0128B940F2D5220649E9
:102D3000074805F0C5FB08F10108143504F5D874FF
:102D400091E700BF0CB00512F8AF0512F44305126D
:102D5000654605120748084A90F82831064943F0AD
:102D6000020380F82831054B13610123044AFFF761
:102D700071BF00BFC09E0020008C0020E88B0020A7
:102D8000F88B0020D0F8AC0104F0C2BAFFF7FABF0C
:102D9000FFF7F8BFFFF7F6BF08B504F0BFFC034824
:102DA000FBF762FABDE8084004F0CEBCC09E0020EC
:102DB0000020704770B5054604F0B0FC4FF4D273A4
:102DC0006B430F4CE218D2F8B06026B10022883372
:102DD0001146E018B0474FF4D27303FB054494F852
:102DE000BF30212B08D094F8BF30222B04D0054BE4
:102DF00053F8250004F08CFABDE8704004F0A4BC40
:102E00007CA0002070A000202DE9F04F0D469046D8
:102E1000064685B0E8B940F2B6329A499A4805F0BC
:102E20004FFB4FF0FF394FF0000AD6F88820DFF84B
:102E300078B2136843F004031360C2451DD14046C5
:102E4000D6F88820136823F00403136005B0BDE8AA
:102E5000F08F8E4B98420AD003F5D272904209D07F
:102E600003F552739842DCD14FF00209DBE74FF0D3
:102E70000009D8E74FF00109D5E7002201215BF8EE
:102E8000290004F07FFA28B14FF471727D4980481F
:102E900005F016FBEA88308B12F0800F02F0010378
:102EA00006F1880700F08780AA88082A8CBF0224D0
:102EB0000124002B57D083053ED506F1D000F6F74C
:102EC000CBFF2989E868F2F789FD2B893846019301
:102ED000EB6800936A8823462988F8F7FBFB0446D1
:102EE000002840F0AE803846F8F7B4FD202817D00F
:102EF000A02814D02138C0B2012800F29980F16FC7
:102F00005BF8290004F04CF90230ECD1614805F07F
:102F10000FFA614805F00CFA604805F009FA03243D
:102F2000D6F8C430002B40F085801035002C40F0DE
:102F300088800AF1010A80E7C0056A882988EB6861
:102F4000B5F808E006D5CDE9003E38462346F8F747
:102F500075FBC4E7F06F0093CDE901E023463846E6
:102F6000F8F724FBBBE703050ED506F59C70F6F7D2
:102F700073FF2B8938460193EB6800936A882346D8
:102F80002988F8F781FBAAE740056A882988EB6859
:102F9000B5F808E006D5CDE9003E38462346F8F7F7
:102FA00027FB9CE7F06F0093CDE901E0234638460C
:102FB000F8F7DAFA93E7FBB184050ED506F1D000F5
:102FC000F6F74AFF2989E868F2F708FD38462B89A9
:102FD000EA682988F8F7B9FA81E7C0052988EA681C
:102FE0002B8903D53846F8F792FA78E7F06F00900E
:102FF0003846F8F772FA72E704050AD506F59C70B0
:10300000F6F72AFF38462B89EA682988F8F78EFAFE
:1030100065E740052988EA682B8903D53846F8F723
:1030200067FA5CE7F06F00903846F8F74BFA56E71E
:10303000012475E7B8F1000F03D114B94FF000086F
:10304000FDE6144805F074F93846F8F703FDD6F8A4
:10305000C43052462146CDE900034346104805F0EE
:1030600067F90E4805F064F93846F8F701FD09489C
:1030700005F05EF90B4805F05BF9084805F058F9D2
:10308000DCE700BF2AB00512764505127CA00020BF
:10309000C14505127B46051288460512F25C0512F1
:1030A00099460512CD46051270A00020002807DBC6
:1030B00001234109034A00F01F00834042F82130F8
:1030C000704700BF00E100E000280CDB0122064948
:1030D000430900F01F008240203341F82320BFF352
:1030E0004F8FBFF36F8F704700E100E070B50E4661
:1030F0001546044628B940F269422349234805F0A1
:10310000DFF9102E18D0112E03D0022E37D0002058
:1031100070BD15F4A06F05D0D4F8CC3093F9080039
:10312000FFF7D2FF15F4206FF1D0D4F8CC3093F92B
:103130000800FFF7C9FFEAE715F4A06F0DD0D4F837
:10314000CC30002293F908000121F6F77DFCD4F879
:10315000CC3093F90800FFF7A9FF15F4206FD6D003
:10316000D4F8CC30002293F908000121F6F76CFC6A
:10317000D4F8CC3093F90800FFF798FFC7E704F1C3
:103180008800F8F76BF9C2E736B0051276450512EC
:1031900038B50D46044600283BD140F2AD423449D3
:1031A000344805F08DF94FF0FF320C21324B01FB12
:1031B0000233002D08BF1D466A68E2672A8852075D
:1031C00038D50222C4F898206A88C2F30E02C4F8E7
:1031D0009420AA68C4F88C200022C4F89C20D4F85B
:1031E000CC20527A84F8BD20102284F8C0202868B0
:1031F0006968224A03C3A8681860D4F888309342EB
:103200001FD12D2031F0A0FD04F18800F8F76CF8F3
:1032100038BD1B4B984209D003F5D272904207D0BB
:1032200003F552739842BED10222BEE70022BCE7EA
:103230000122BAE70122C4F898206A88520092B2AB
:10324000C5E7104A934201D12E20DBE70E4A934294
:1032500001D12F20D6E70D4A934201D13020D1E78A
:103260004FF49C6202490A4805F02AF9CCE700BFF6
:1032700018B0051276450512148C002000C00950C4
:103280007CA0002000D0095000E0095000F0095057
:10329000E45205120020FFF78DBD0120FFF78ABD23
:1032A0000220FFF787BD00002DE9F84F17461E46A4
:1032B00082460C46002540F203584FF00C0BDFF815
:1032C000B090B54202D10020BDE8F88F244BCAF877
:1032D000CC40CAF84C40CAF850306268CAF888201E
:1032E0009AF8A0219AB10AF1D002CAF8B8200AF1DE
:1032F00088000AF59C72CAF80001CAF8B420CAF81E
:103300006801D4E90312F7F7BBFF40F60378DAF857
:10331000CC1042460968504611F078FD50460BFB30
:103320000571FFF735FF28B140F2E1520D490E4813
:1033300005F0C6F80022DAF8CC001146006803F068
:10334000FBFE49F8040B28B940F2E452054907484E
:1033500005F0B6F801350AF5D27A1434B1E700BFAA
:1033600058B0051246B00512E3460512F1460512A3
:1033700070A0002008B5044A032304490448FFF75D
:1033800093FF002008BD00BF148C0020388C002063
:103390007CA0002030B504460846DDE90351002D2D
:1033A0003DD000293BD0002C39D0B8B384428CBF2B
:1033B000201A001B07EE900AF8EE677AF5EE407AC5
:1033C0009A428CBFD31A9B1AF1EE10FA27D007EE5F
:1033D000103ADFED146AB8EE477A27EE267AC7EE88
:1033E000276A114B07EE904AC3ED006A4FF47A73D7
:1033F0005A4307EE102AB8EE477AF8EE677A87EE5E
:10340000266A77EEC67A094BC1ED006AC3ED007AF1
:10341000C5ED007AFDEEE77A17EE900A30BD002088
:10342000FCE700BF00007A44788C00207C8C0020F0
:1034300000B5002389B001222749284803F056FE31
:103440000E22002104A831F0C3FC0E22042004A99E
:10345000FCF75CFD002834D0BDF8100068B3BDF85F
:10346000121051B301221E4BC0F30E001A6003ABC1
:10347000019302ABBDF81420C1F30E010093BDF817
:103480001630ADF81000ADF81210FFF783FF154AA3
:103490005368DBB2072B03D05368DBB20F2B0CD180
:1034A000114B1B684BB19DF81C2032B11A689DF876
:1034B0001D10136861F3D2331360002009B05DF86A
:1034C00004FB0A4804F034FF094804F031FF0948BE
:1034D00004F02EFFF1E700BF0C47051268A500209D
:1034E000748C002000B0005088A5002012470512FF
:1034F0001F470512F25C051270B5064692B04FF4F4
:103500007A700D46144603F0DFFA0146534803F083
:1035100089FF20B162225249524804F0D1FF2EB9EE
:1035200040F2BB125049514804F0CAFFA5F1100106
:10353000062908D8DFE801F004140707074D5200F8
:1035400002F06AFF20600024444804F041F820B1F2
:103550006A224749434804F0B3FF204612B070BDC9
:10356000236800241822214609A8CDE9023431F04D
:103570004BFC02A801940BF07DFF036822468DF8F6
:103580002630436809A98DF8253083688DF82430EA
:10359000C3688DF80630036901338DF8053043693F
:1035A0008DF8073083693348A34208BF07238DF89D
:1035B0000430F9F72BFA024610B14FF0FF34C3E79D
:1035C0002C4801A9F9F78FFA0028F6D12A4B9B68FD
:1035D000B9E721462748F9F748F9B4E7182200214E
:1035E00002A831F011FC0022019202A92148F9F74A
:1035F000CFFA00221F4801A9F9F7FEFA01282BD0C3
:103600009DF80A309DF9072009939DF8093009A813
:103610000A939DF808300B939DF806300C939DF8A3
:103620000530013B0D939DF80430072B08BF0023A4
:103630000F939DF80730002AB4BF23F08003643352
:103640000E93039B636016F04BFB40F64272636877
:1036500020605343636076E70022C6E78CA5002014
:1036600088B00512033D05129BB0051237470512BD
:1036700076B00512B0A5002000B00C5070470000D5
:1036800010B50420F7F7D2F80C4B002814BF0446FD
:103690001C460B4804F04CFE0A4900232246B1FBAD
:1036A000F4F1094804F044FE084804F041FE2146C4
:1036B0000120F7F7B5F8204610BD00BF804F12007B
:1036C00046470512007C920053470512F25C051232
:1036D0004FF4807310B503610F4B04461A69002341
:1036E0004A43500848F60D7100F1C0501FF02CFD00
:1036F000830BC0F30D00A360E060084804F018FEDF
:10370000D4E90323A168064804F012FEBDE8104086
:10371000044804F00DBE00BFB0A5002046470512C6
:103720007B470512F25C051237B500224B494C4825
:1037300003F058FE28B140F24E224A494A4804F0AC
:10374000BFFE4A4B4A4C4B4823601D6904F0F0FD14
:10375000C5F309032946484800932A0EC5F38D2373
:1037600004F0E6FD454804F0E3FDF8F753FF70B1BF
:10377000404804F0DDFD424804F0DAFD3F4804F023
:10378000D7FD40F22F123F493F4804F099FE002335
:103790008022C4E902234FF480732361334CA36871
:1037A000D9074CD5334804F0C3FD3848A16804F06C
:1037B000BFFD324804F0BCFD31F02AFB002848D19F
:1037C0000220F7F733F8041E18BF0124294804F03B
:1037D000AFFD21462E4804F0ABFD284804F0A8FDBB
:1037E00021462348F9F784F80446002833D12949B3
:1037F0001F48F9F76CFA01210220F7F711F8264863
:10380000264B0322836305231449C0E90944C0E918
:103810000B44C0E907444463C464037503F01EFA13
:10382000044648B11E4804F083FD1E48214604F0BA
:103830007FFD124804F07CFD204603B030BDFFF749
:103840001FFF044602F030FE21460948FFF740FF03
:10385000B2E70124BAE74FF0FF34E3E79A470512D5
:103860008CA50020AAB005129E47051200B00C508E
:10387000B0A5002046470512AF470512F25C0512BD
:10388000D147051268B00512E4520512F44705123B
:103890000D4805127D360312CCA50020F934031221
:1038A000224805122F48051208B503F037FF0348D8
:1038B000F9F7C5F9BDE8084003F046BFB0A5002000
:1038C000031F022B04D9A0F114035842584170473A
:1038D000012070472DE9F74F93460091814631F062
:1038E000D3FA064631F04CFA044618B1C3680BB15E
:1038F000D87A68B94846FFF7E3FF074620B9FCF7D6
:1039000031FC0546002871D1002003B0BDE8F08FDE
:10391000000213F0FDFB05460028F5D04846FFF7EE
:10392000CFFFC0F10207204631F05EFA0021824647
:10393000204631F029FA304631F03EFA0021304677
:1039400031F09AFA31F0F8F9E3682A46DB7A4FF45D
:1039500080511B028046204631F076FA01904046A5
:1039600031F0A2FA0121304631F086FA304631F0CA
:1039700033FA019B43B9284613F0D2FB20461FFAC5
:103980008AF131F001FABFE7A846E368DB7A1B024F
:10399000002115F801C0BCF1FF0F2BD1022F4DD132
:1039A000304631F009FA0021304631F065FA31F045
:1039B000C3F9E3684246DB7A4FF400511B02054627
:1039C000204631F041FA0746284631F06DFA0121D0
:1039D000304631F051FA304631F0FEF9002F2DDD3E
:1039E000E3684546DB7A01271B02D1E7B8464FF46E
:1039F0000073CDE76A185278881802309842CDD209
:103A0000CC4502D002321144C3E7002AC6D0934508
:103A10005E46A8BF1646023132460098294416F089
:103A2000F3FF20461FFA8AF131F0AEF9B8F1000F2A
:103A300002D0404613F074FBF0B266E70026F0E7D0
:103A400007B5042203200DEB0201FFF743FF68B125
:103A5000019858B140F2FF33984207D0054B9B6E56
:103A6000C3F30953984201D031F0E2F9002003B0CA
:103A70005DF804FB00A00C5010B5084C226852B948
:103A80000121074803F058FB206020B9472205496F
:103A9000054804F015FD002010BD00BFC0A60020A1
:103AA0005D480512B9B005124948051208B503F082
:103AB00035FE0348F6F754FDBDE8084003F044BE68
:103AC000C4A600200020704701207047F8B50446C6
:103AD0001D460E4611B390F87C71032F05D940F2B4
:103AE0001B721349134804F0EBFCB4F83831AB42B5
:103AF00005D240F21C720E490F4804F0E1FC04EBC1
:103B00008707D7F85C0158B12A46314616F07CFF8A
:103B100094F87E3113B1FF2384F87C312846F8BD38
:103B20004FF4E5620249054804F0CAFCF6E700BF1D
:103B300052B1051266480512814805129C480512CB
:103B40002DE9F0474FF48031554807F067FB051E1B
:103B500006DA4FF48031534807F060FB051E5FDB47
:103B60004FF4E67004F0C4FD044620B9BA224E4971
:103B70004E4804F0A5FC4FF4E6722146284607F0B3
:103B80009AFBB0F5E67FDFF874A1DFF87491DFF8F7
:103B90007481474F474E46D0474804F0C9FB28463A
:103BA00007F06EFB204604F0ADFE9AF90010434882
:103BB00004F0BEFB99F80010414804F0B9FB98F8F6
:103BC0000010404804F0B4FB97F900103E4804F0A0
:103BD000AFFB96F900103D4804F0AAFB00243C4DD1
:103BE000214615F9012B3B48013404F0A1FB102CB0
:103BF000F6D1394B394893F9001004F099FB384B52
:103C0000384893F9001004F093FB0024364D214608
:103C100015F9012B3548013404F08AFB102CF6D13C
:103C20000020BDE8F08794F8A631C8228AF8003059
:103C300094F8A43104F1140189F8003094F8A53106
:103C40002B4888F8003016F0DFFEC82204F1DC01B2
:103C5000284816F0D9FE94F8A9311D4A3B7094F813
:103C6000AA3104F5E670337004F5DE73194653F893
:103C700004CB834242F804CBF9D194F8A721164B28
:103C80001A7094F8A821164B1A70174A04F5D673C7
:103C900053F8040B8B4242F8040BF9D116487CE729
:103CA000A2480512B448051262B10512B0480512C7
:103CB000268E0020ACA80020BC480512E34805125F
:103CC000F5480512084905121B490512304905122D
:103CD000168E00204B490512378E00205F490512D1
:103CE000ADA8002072490512278E00208B490512CD
:103CF0004C8D0020848C0020D1480512AEA80020F5
:103D0000158E0020148E002010B54FF4D6720021BD
:103D10000A4831F079F84FF05023084A0849C2F8B0
:103D20009830084B054813650023032210F080FDEE
:103D30000446024802F0B0FF204610BDFCA6002059
:103D40009F490512B0B105122DE9F84F044600F164
:103D5000980600201F46564B53F8305003EBC00C1A
:103D6000AA4243D1BCF80630A4F8A030A4F8A2308F
:103D70009CF8043084F8A43094F8A400D4F8983067
:103D8000C0BB586820F400705860B4F8A050B4F874
:103D9000A230D4F8980043EA05438A4283602DD1CB
:103DA00000224FF08071434BC4E9302293F9003078
:103DB00084F8D02084F8CF3084F8CE303E4BC4F85D
:103DC000D420C4E92A32C4E92D13C4F8B020A4F8E1
:103DD000BC20C4F8C820A4F8CC20002F4CD030461A
:103DE00004F1C401F5F7BEFB002051E001300928C1
:103DF000B2D1C1E7586840F40070C5E700252F48EC
:103E000003888B423ED1438893423BD12C4804F037
:103E10008FFA29462B4804F08BFA2B4804F088FAD5
:103E20002A4A2D01505B083A2A44D188938892F897
:103E300009B092F808A092F8079092F8068092F8DC
:103E400005E092F804C0957A40BAD26849BA5BBAE4
:103E500007BB032384F8AFB084F8B0A084F8B19016
:103E600084F8B28084F8B3E084F8B4C084F8BD501C
:103E7000C4F8C02084F8B530304604F1A801F5F745
:103E8000D8FAB1E70135482D00F11000B8D1012072
:103E9000BDE8F88FA4F8C8300323A4F8C400A4F840
:103EA000C61084F8D050C4F8D42084F8CA3096E7FD
:103EB000DCB10512AEA800200005010524B20512F0
:103EC000A6490512B6490512F25C05122CB205127C
:103ED000222970B50546144605DC1B2906DC01299C
:103EE0006DD0022964D04FF0FF3017E01C3906294D
:103EF000F9D801A353F821F01F3F0312713F0312B9
:103F00009D3F0312AD3F0312E73E0312E73E03124B
:103F1000153F03125400A0F83841002070BD012A5B
:103F2000A5F84C2109D0022A0FD0B2B9D0F89820B8
:103F3000136D23F040531365EFE7D0F89820136D0D
:103F400023F0405343F08053F5E7D0F89820136DE9
:103F500023F0405343F00053EDE71D4804F0E8F927
:103F600021461C4804F0E4F91B4804F0E1F9D4E7C9
:103F70003AB1012A0CD0164804F0DAF92146174864
:103F8000F0E7D0F89820136E23F480331366C4E76B
:103F9000D0F89820136E43F48033F7E700232846C7
:103FA0002289A188BDE87040FFF7CEBE0123F6E765
:103FB0009830F5F753F90020F4F7DAFBADE750201D
:103FC00030F0C2FE05F19800F5F7EEFAA5E700BF64
:103FD000CD490512DD490512F25C0512F9490512B9
:103FE00010B50446D0F8F80020B113F099F800237A
:103FF000C4F8F830D4F8080120B113F091F8002388
:10400000C4F80831002010BD2DE9F8435FFA81F8AB
:1040100008F1FF39B9F1010F9CBF0122904B044612
:1040200098BF1A7001290E4600F1980704D8B0F81D
:104030004E51002D00F085808A4804F079F9314610
:10404000894804F075F9894804F072F916F0FD0307
:1040500008D194F8A8210AB184F8A831B9F1010F68
:1040600075D102E0B9F1010F6ED816F480550AD06F
:1040700004213846F5F754FC0546B4F84E3123F0D8
:104080001003A4F84E31B2040AD505213846F5F7DD
:1040900047FC0546B4F84E3123F02003A4F84E3116
:1040A00073040AD506213846F5F73AFC0546B4F8FC
:1040B0004E3123F04003A4F84E31B8F1020F47D03F
:1040C000B4F84E816748B8F1000F40F09B8004F0CF
:1040D0002FF9674804F02CF9644804F029F9D4F862
:1040E00098203846536823F001035360F5F753F9DD
:1040F000D4F8982084F8CB80536843F002035360CF
:10410000D4F89820536823F00203536001235548E4
:1041100084F83D3184F83E3184F83F3184F84031F1
:1041200084F8413184F8423184F8433184F84431D1
:1041300004F0FEF84F48314604F0FAF84B4804F01A
:10414000F7F82846BDE8F883B8F1000F58D10025EC
:10415000F00512D500213846F5F7E2FBB4F84E31F0
:104160000546D4F8F80023F00103A4F84E3120B13D
:1041700012F0D6FF0023C4F8F830B10512D50121A2
:104180003846F5F7CDFBB4F84E310546D4F8FC00BF
:1041900023F00203A4F84E3120B112F0C1FF002336
:1041A000C4F8FC30720512D502213846F5F7B8FB89
:1041B000B4F84E310546D4F8000123F00403A4F806
:1041C0004E3120B112F0ACFF0023C4F800313305AA
:1041D0007FF576AF03213846F5F7A2FBB4F84E31F0
:1041E0000546D4F8040123F00803A4F84E31002852
:1041F0003FF466AF12F094FF0023C4F804315FE788
:1042000000255DE718F0CF090DD104F091F81A48A8
:1042100004F08EF8154804F08BF83846F5F7CEF820
:1042200084F8CB9072E718F030080DD104F080F8D4
:10423000124804F07DF80D4804F07AF83846F5F796
:10424000CCF884F8CB8061E704F072F8B4F84E1132
:104250000B4804F06DF8054804F06AF856E700BF13
:10426000F8A60020A6490512174A0512F25C0512AD
:104270002C4A0512524A0512414A05126C4A05128F
:104280007D4A051238B53B493B4806F0C7FF051E7D
:1042900004DAEA2239493A4804F012F94FF4E67098
:1042A00004F026FA044620B9EC223449354804F0DB
:1042B00007F92246344B1B7884F8A631334B1B7820
:1042C00084F8A431324B1B7884F8A531314B03F1CB
:1042D000140153F8040B8B4242F8040BF9D141232B
:1042E000C82284F8AB312C4904F1140016F08CFB81
:1042F000C8222A4904F1DC0016F086FB284B04F59D
:10430000DE721B7884F8A931264B1B7884F8AA3119
:10431000254B03F1100153F8040B8B4242F8040BB8
:10432000F9D1224B04F5D6721B7884F8A731204BC3
:104330001B7884F8A8311F4B03F1100153F8040BCC
:104340008B4242F8040BF9D14FF4E672214628461D
:1043500006F0CEFFB0F5E67F04D0FB2207491648F1
:1043600004F0AEF8284606F08BFF2046BDE8384042
:1043700004F0C8BA02060100A2480512C6B0051230
:10438000934A0512B0480512AEA80020158E0020F1
:10439000148E0020AAB605124C8D0020848C0020BB
:1043A000268E0020ACA80020168E0020378E00201C
:1043B000ADA80020278E00209B4A051202287FB559
:1043C00005460C4607DCAA4803F0B2FF2946A94877
:1043D00003F0AEFF50E04A681378732B2ED1537868
:1043E0006D2B1ED1886812F087FEA34C2070A04868
:1043F00003F09EFF2178A14803F09AFFA04803F044
:1044000097FF23780A2B5CD9994803F091FF9D48C8
:1044100003F08EFF9A4803F08BFF4FF0FF3004B09B
:1044200070BD762BF0D1886812F066FE964C207035
:104430008F4803F07DFF21789448DDE7042877D189
:10444000772B40F01A8253786D2B45D100250A2234
:104450002946A068ADF80C508DF80E5013F006F800
:104460000646E06816F046FB282809D0804803F08D
:104470005FFF874803F05CFF814803F059FFC3E703
:10448000092E05D97A4803F053FFA16881489FE7B8
:10449000814B06EB860603EB8606E36800215A5D36
:1044A0002B448DF80C205B78102203A88DF80D307A
:1044B00012F0DCFF0235282D06F8010FEDD101F0D6
:1044C00059FE6B4803F034FF744803F031FF6C4829
:1044D00003F02EFF0020A2E7762B95D100250A22BB
:1044E0002946A068ADF80C508DF80E5012F0BEFFB2
:1044F0000646E06816F0FEFA2828B7D1092EC1D882
:10450000674B06EB860603EB8606E36800215A5DDF
:104510002B448DF80C205B78102203A88DF80D3009
:1045200012F0A4FF0235282D06F8010FEDD1C6E7E1
:10453000742B5AD017D8652B00F0F380722B1ED045
:10454000032D40F0A481612B00F0A3816D2B7FF43B
:104550005BAFA3681B78722B7FF456AF444803F01F
:10456000E7FE504B6BE0762BEAD1A3681B78722BE9
:1045700040F074813E4803F0DBFE4B4B5FE0537824
:104580006D2B22D100210A22A06812F06FFF044691
:10459000374803F0CDFE454904EB8400041D51F873
:1045A0002440831C0194C41C51F82440421C0094F4
:1045B00051F8233051F8222051F820103C4803F0E4
:1045C000B7FE2F4803F0B4FE7BE7762B7FF41CAFD9
:1045D00000210A22A06812F049FF0446244803F093
:1045E000A7FE344904EB8400D8E705287FF40CAF1C
:1045F0008B681B786D2B26D1CB681B78772B7FF4CB
:1046000003AF086912F078FD2B4B1870C0B2062872
:104610003FF6FAAE164803F08BFE284803F088FEFA
:10462000CFE7A3681B786D2B7FF4EEAEE3681B78B1
:10463000722B7FF4E9AE0E4803F07AFE1E4B93F91D
:1046400000101F4876E06C2B55D1D1E903050378A3
:10465000722B39D1284612F04FFD0F2804463FF641
:10466000D3AE034803F064FE164B1957E9E700BFC9
:10467000A6490512B74A0512158E0020CD4A05122B
:10468000F25C0512974B0512148E0020DE4A0512CB
:10469000EF4A0512014B05124B8D0020A44B051269
:1046A000838C0020268E0020378E00204C8D002029
:1046B000174B0512848C0020ADA80020404B05123A
:1046C000594B0512278E002012F016FD0F280446C4
:1046D0003FF69AAE284612F00FFD744D28557448E7
:1046E00003F026FE21462A57724803F021FE724845
:1046F00003F01EFE8EE7642B7FF486AED1E903053E
:1047000012F0FAFC00226D4B0F2804461A703FF697
:104710007BAE6B4B1870284612F0EEFC634B1855BD
:1047200078E7A3681B78762B07D1614803F000FE79
:104730006449654803F0FCFD43E7732B03D1012274
:10474000624B1A70BDE6652B7FF45EAEFFF79AFDF3
:1047500000225E4BF5E76D2B7FF456AEE3681B78C5
:10476000722B7FF451AE524803F0E2FD584B66E7DE
:10477000052D7FF449AEA3681B786D2B09D1E36842
:104780001B78772B7FF440AE206912F0B5FC504BBC
:104790003BE76C2B1BD1D4E903050378722B0BD1BB
:1047A000284612F0A9FC0F2804463FF62DAE4048DB
:1047B00003F0BEFD474B58E712F09EFC0F2804465D
:1047C0003FF622AE284612F097FC424BA7E7642B37
:1047D0007FF41AAED4E9030512F08EFC0122374BA8
:1047E0000F2804461A703FF60FAE354B1870E9E7F4
:1047F0006D2B7FF409AE042DBAD1A3681B78772BFB
:10480000A9D1E06812F078FC334B31E0032D3FF47E
:10481000FBAD772B7FF4F8ADE06812F06DFC2F4D07
:104820002F4C2870224803F083FD2E4803F080FDB2
:10483000214803F07DFD95F90020002104F1980046
:1048400084F8CF2084F8CE20F4F767FE012195F993
:10485000002004F19800F4F760FE32E6032D3FF4E7
:10486000D3AD772B7FF4D0ADE06812F045FC1E4B42
:1048700018704830C0B2B428CAE6742B3FF4D1AEE9
:1048800010D8652B3FF44DAF722B3FF478AE612BFF
:10489000AED1A3681B78722BB8D1054803F048FD50
:1048A0000E4BCCE6762B3FF460AEF0E7278E00206F
:1048B000A64905126C4B0512F25C0512AAA800204D
:1048C000828C0020A4B60512804B0512ABA80020F4
:1048D000ACA80020168E0020268E0020AEA8002056
:1048E000FCA60020404B0512378E002001207047A7
:1048F000F8B5044600F19807502030F025FA6820FA
:1049000012F006FC0546C4F8D80008B90520F8BD29
:1049100060220021083030F077FA33233A48C5E9A5
:104920000003682012F0F4FB0546C4F8E8000028F4
:10493000ECD060220021083030F066FA3523334A8B
:104940000321C5E900234FF001130025C4E9271313
:104950002F4B2022C4F838312946C4F8585104F5A9
:10496000AE7030F051FA142012F0D2FB0646C4F8B3
:10497000A001142012F0CCFB1022C4F8A40104F50D
:10498000C071304612F040FA04F5C8711022D4F814
:10499000A40112F039FA4FF080721E4B384693F999
:1049A0000030C4E9305584F8CF3084F8CE301A4B4B
:1049B00084F8D050C4E92D23C4E92A35C4F8D45072
:1049C000C4F8B050A4F8BC50C4F8C850A4F8CC50F7
:1049D000F4F7EAFD0646114803F0AAFCD4F8983033
:1049E0000F48196E03F0A4FC0E4803F0A1FC0B481D
:1049F00003F09EFC31460C4803F09AFC094803F092
:104A000097FC284683E700BF081008504410085060
:104A100080028002AEA8002000050105A64905120B
:104A2000B44B0512F25C0512D04B05120020704702
:104A300010B5FFF7FBFF28B1074803F079FC6FF0D2
:104A4000030010BD054C064894F9001003F070FCFB
:104A500094F90000F5E700BFE84B0512AEA800206E
:104A6000064C0512F7B50D460446002800F00481F7
:104A7000002900F001810B6800F19807082B0ADC7F
:104A8000002B0BDD013B072B08D8DFE803F00A58A9
:104A90000794070707C3202B00F0E5804FF0FF368F
:104AA0001EE04E6836B1013E022E4FF0FF3698BF31
:104AB000002615E0D0F80801B4F83A2198B911465B
:104AC000012012F01DFBC4F8080178B940F21E3233
:104AD0006A496B4803F0F4FCD4F8083133B9042672
:104AE000304603B0F0BD314630F08EF9012200238C
:104AF0008DF80720EA688DF80430102A14BF0122CF
:104B00001A468DF8062003D1AB68013B18BF01237C
:104B10008DF80530FFF78CFF002102463846F4F788
:104B2000FCFCFFF785FF012102463846F4F7F5FC4F
:104B3000019BC4F85031042384F87D31D0E74E68DE
:104B4000002EB0D1D0F8F80008B112F0E9FA012037
:104B5000B4F8381112F0D4FAC4F8F80028B940F2C9
:104B60009F324649474803F0ABFCD4F8F830002B9D
:104B7000B5D00122C4F85C3100238DF80720EA6823
:104B80008DF80430102A14BF01221A468DF8062031
:104B900003D1AB68013B18BF01232A698DF80530AA
:104BA000394B00211A80384601AAF4F783FB002311
:104BB00084F87C3194E74B68012B10D1032380F8F3
:104BC000A93040F20123A4F8AA30002384F8AC30C5
:104BD000384604F1A801F4F72CFC002680E7022BEC
:104BE00005D1052380F8A93040F20153EBE78B682B
:104BF000C3F3033380F8A9308B68C3F3032380F831
:104C0000AA308B68C3F3031380F8AB308B6803F0D2
:104C10000F03DBE74B68012B0AD1032380F8B9307F
:104C200040F20123A4F8BA30002384F8BC30CFE767
:104C3000022B05D1052380F8B93040F20153F1E78A
:104C40008B68C3F3033380F8B9308B68C3F3032355
:104C500080F8BA308B68C3F3031380F8BB308B68DD
:104C600003F00F03E1E7012300F1C40180F8CB302A
:104C70003846F4F777FCB0E7012631E73EB105127C
:104C80001E4C05123E4C0512A8A80020012838B57C
:104C9000174C0DDCFFF7CCFE0146164803F048FB2D
:104CA000D4F898301448196E03F042FB002038BD48
:104CB000486812F021FA114D41B21148297003F0F1
:104CC00037FB95F90020002104F1980084F8CF20EB
:104CD00084F8CE20F4F721FC012195F9002004F19D
:104CE0009800F4F71AFCD4F898300648196EDBE700
:104CF000FCA600205E4C05126E4C0512AEA80020EA
:104D0000844C05129B4C051237B50446B4F8B42008
:104D100004EB8103022A18BFB4F8A0200D46196ED7
:104D2000A0F1980018BF01EB5201C3F8C4100FF0B6
:104D3000B9FD94F8E63093B10122D4F8080145F0AA
:104D400010050DF107018DF8075012F097F80128B2
:104D500005D040F275720349034803F0B1FB03B07C
:104D600030BD00BF24B10512B04C051237B5044662
:104D700000EB81030D46196E9838C3F8C4100FF08C
:104D800091FD94F8E63083B10122D4F808010DF1C9
:104D900007018DF8075012F071F8012805D040F294
:104DA00089720349034803F08BFB03B030BD00BF99
:104DB00006B10512B04C051273B51E4B05461B78A3
:104DC0000C462BBBB5F8B42005EB8103022A196E03
:104DD000B5F8A260A0F198001CD13246C3F8C41007
:104DE0000FF070FD95F8E73093B10122D5F80C0172
:104DF00044F010040DF107018DF8074012F03EF861
:104E0000012805D04FF4F7620B490C4803F058FB1A
:104E100002B070BD01EB5601C3F8C410084B720814
:104E20001B68002BDCD0201FC0B202B0BDE8704070
:104E3000184700BFF8A60020ECB00512B04C0512D0
:104E4000F4A6002037B5174B04461B780D463BBB34
:104E500000EB8103196EC3F8C410134BB0F8A22005
:104E60001B6852082BB1281FC0B203B0BDE8304008
:104E7000184798380FF026FD94F8E73083B10122E7
:104E8000D4F80C010DF107018DF8075011F0F6FF71
:104E9000012805D040F2D7720449054803F010FB01
:104EA00003B030BDF8A60020F4A60020CEB0051255
:104EB000B04C05124AF6444270B5314E0446338870
:104EC000934240D12F4B30481D7803F031FA31889E
:104ED0002E4803F02DFA2E4803F02AFA2D492E4BC6
:104EE0001B78002B2ED0002D2CD02268536823F481
:104EF000807353602268536D43F400235365236825
:104F00005A6D5203FCD55A6D22F400225A6522686C
:104F1000536D65F391335365226805EB8505536D39
:104F200043F44053536500232268703251F8230044
:104F30000133AB4242F8040BF8DB2268536843F4B8
:104F40008073536070BDB3F57A5F0DD1134B0E487B
:104F50001D7803F0EDF93188114803F0E9F90C48A8
:104F600003F0E6F90F49BAE7074803F0E1F93188A1
:104F70000D4803F0DDF9BDE87040054803F0D8B9ED
:104F8000A8A80020158E0020A6490512BD4C0512C8
:104F9000F25C05124C8D0020818C0020148E0020C4
:104FA000DF4C0512848C0020014D051211F0FD0F1D
:104FB0002DE9F04104460F4600F19808CDB208D122
:104FC00090F8A8312BB94046FFF774FF012384F80D
:104FD000A8316B1E012B4FF0000100F2CA806B4B11
:104FE00017F48056197016D004F5A8724046F4F7ED
:104FF000ABF904234046B4F83A21D4F80811F4F789
:1050000019FC0423012684F87D31B4F84E3143F0B5
:105010001003A4F84E31BB0418D5012104F5AA727F
:105020004046F4F791F905234046B4F83A21D4F804
:105030000C11F4F7FFFB052384F87D31B4F84E31F1
:10504000013643F02003F6B2A4F84E31780412D5AD
:1050500006234046B4F83A21D4F81011F4F7EAFBDD
:10506000062384F87D31B4F84E31013643F0400315
:10507000F6B2A4F84E31022D40F0848017F480750A
:105080001DD0434803F054F9B4F838114148490899
:1050900003F04EF9404803F04BF900234046B4F8C2
:1050A0003821D4F8F810F4F755FB0023012584F8D3
:1050B0007C31B4F84E3143F00103A4F84E31B90508
:1050C00012D501234046B4F83821D4F8FC10F4F787
:1050D00041FB012384F87C31B4F84E31013543F0B3
:1050E0000203EDB2A4F84E317A0512D502234046F0
:1050F000B4F83821D4F80011F4F72CFB022384F81B
:105100007C31B4F84E31013543F00403EDB2A4F81C
:105110004E313B0512D503234046B4F83821D4F86C
:105120000411F4F717FB032384F87C31B4F84E31F3
:10513000013543F00803EDB2A4F84E31012D21D919
:105140000123D4F8A00184F87E3111F015FF012E5F
:1051500012D90123D4F8A40184F87F3111F00CFF97
:10516000D4F898200020536843F001035360BDE851
:10517000F0812DB184F87E11002384F87F31EFE7B0
:105180002E467BE7002384F87E31E0E7F8A6002076
:10519000A64905121D4D0512F25C051210B5044614
:1051A000024600210448F4F71FF92246BDE81040EA
:1051B00001210148F4F718B994A700200020704796
:1051C00000207047012070472DE9F8438A4A13698F
:1051D000002BFCDA4FF0A0431A6A884942F0010222
:1051E0001A6247F201125A628A6E854C42F480724A
:1051F0008A66DA68642042F40022DA60636F40F263
:105200002D7823F480736367636F43F00103636752
:105210002FF0AEFDD4F88430322043F08053C4F830
:105220008430D4F8843043F00063C4F88430D4F878
:10523000843043F40043C4F88430D4F8843023F439
:10524000F863C4F88430D4F8843043F40073C4F8AD
:105250008430D4F88C3043F40053C4F88C30D4F844
:10526000903043F08043C4F89030D4F8943043F445
:105270000003C4F8943043F21333C4F888302FF09D
:1052800077FDD4F88430042143F02003C4F884303F
:10529000D4F88C30082243F48023C4F88C304FF0CB
:1052A000FA6340F22E7EC4F8A4301023D4F88400B0
:1052B00020F47810C4F88400D4F8840040EA434015
:1052C000C4F88400D4F8A40040F00100C4F8A4009D
:1052D000D4F8A4008007FBD5D4F8A890D4F8A8C0CF
:1052E000D4F8A4C0B8EB194F2CF0010C4FEA1940C8
:1052F000C4F8A4C070D31344AEEB000601394FEAE2
:105300005202D3D11F2B08BF19463D4A03F1FF3487
:10531000D2F8840018BF591C20F47810C2F8840019
:10532000D2F8840040EA4440C2F88400D2F8A400D5
:1053300040F00100C2F8A400D2F8A4008407FBD515
:10534000D2F8A8C0D2F8A4404FEA1C4024F00104CF
:10535000C2F8A44040F22D72B2EB1C4F40F22E7204
:1053600040D3171A264AD2F8840020F47810C2F8E5
:105370008400D2F8840040EA4140C2F88400D2F8A8
:10538000A40040F00100C2F8A400D2F8A4008007F5
:10539000FBD5D2F8A8C0D2F8A4404FEA1C4024F0B4
:1053A0000104C2F8A44040F22D72B2EB1C4F40F24F
:1053B0002E721CD3151A124ABE42D2F8840020F471
:1053C0007810C2F884001DD3AF421ED8D2F88410E2
:1053D000033B41EA43431DE070451CBF9B1AA0F20A
:1053E0002E768BE7904218BFA0F22E77BAE7904254
:1053F00018BFA0F22E75DEE700000C5000A00C5084
:1054000000800850AE42C0F0EC80D2F884300239FF
:1054100043EA41437A4CC2F88430D4F88C303220CD
:1054200023F48023C4F88C30D4F8843023F0200394
:10543000C4F88430D4F88C3043F48073C4F88C30D2
:105440002FF096FC6F4B3220C4F89030D4F8903097
:1054500043F00073C4F89030D4F8903023F08063A8
:10546000C4F89030D4F88C3023F48073C4F88C30B6
:105470002FF07EFCD4F88C30322043F48073C4F8D3
:105480008C302FF075FCD4F8883043F44043C4F8D6
:105490008830D4F8883023F48043C4F88830D4F8B6
:1054A000A030DB0740F1A180574802F041FF636F55
:1054B000052023F03C036367636F43F030036367A9
:1054C000D4F8803023F00203C4F88030D4F8803060
:1054D00043F00103C4F88030D4F8803023F0200377
:1054E000C4F8803048F28003C4F89830474BC4F8C1
:1054F0009430474BC4F89830D4F8C03023F480433C
:10550000C4F8C030D4F8C43043F48043C4F8C43085
:10551000D4F8C03023F00103C4F8C030D4F8C4304C
:1055200023F00103C4F8C430D4F8C03043F480033E
:10553000C4F8C030D4F8C43023F48003C4F8C430B5
:105540002FF016FCD4F8C030012043F40013C4F847
:10555000C030D4F8C43023F40013C4F8C4302FF0A2
:1055600007FCD4F8C0300A2043F00103C4F8C0306F
:10557000D4F8C43043F00103C4F8C4302FF0F8FB72
:10558000D4F8C0300A2043F40003C4F8C030D4F883
:10559000C43023F40003C4F8C4302FF0E9FBD4F87E
:1055A000C030012023F48053C4F8C030D4F8C43094
:1055B00023F48053C4F8C430636843F00C03636081
:1055C00041F202432361A2236363124B2363062348
:1055D000E363114BA363636843F002036360BDE8B8
:1055E000F883D2F88410023BF3E60C4802F0A0FEE8
:1055F000D4F8883023F40043C4F8883057E700BF5C
:10560000008008509A994544334D0512AA0A890032
:10561000AAAAAA0A09069A0209060002434D05121F
:105620002DE9F04F012085B0704CF6F7D7FF4E20E2
:105630002FF08AFB4F202FF087FBF3F709FAD4F8FD
:105640008430DFF8B88143F02003C4F88430D4F804
:105650008C3043F48023C4F88C304FF0FA63C4F8E4
:10566000A430042008211025D8F80860D4F884302C
:1056700023F47813C4F88430D4F8843043EA4543E3
:10568000C4F88430D4F8A43043F00103C4F8A43043
:10569000D4F8A4309F07FBD5D4F8A830D4F8A820BC
:1056A000D4F8A4701B0C27F001079E42C4F8A47024
:1056B00040F283800D44F71A019701384FEA5101F7
:1056C000D4D1CDE902234A48D4F8881002F030FE44
:1056D000DDE90223002D75D01F2D75D005F1FF39AE
:1056E0006F1CD4F88410434821F47811C4F8841056
:1056F000D4F8841092B241EA4941C4F88410D4F835
:10570000A41041F00101C4F8A410294602F010FED3
:10571000D4F8A4309A07FBD5D4F8A830D4F8A42044
:105720001B0C22F001029E42C4F8A42050D9A6EB23
:10573000030AD4F8843023F47813C4F88430D4F8FE
:10574000843043EA4743C4F88430D4F8A43043F0AB
:105750000103C4F8A430D4F8A4309B07FBD5D4F8D7
:10576000A830D4F8A4201B0C22F001029E42C4F8F9
:10577000A42031D9A6EB030B019B534530D3DA4566
:1057800098BF4F461C4BC8F8047008F10C084345FD
:105790007FF467AF154BD3F88C2022F48022C3F836
:1057A0008C20D3F8842022F02002C3F88420F3F761
:1057B00089F8002005B0BDE8F08FBFF47EAF6D1A08
:1057C0009F1B79E7A9468BE72F464FF01E0988E714
:1057D00038BFA3EB060AACE738BFA3EB060BCBE759
:1057E000019B5B4538BF2F46CCE700BF00800850C7
:1057F0004E4D0512624D0512508E0020388E00204D
:1058000010B54FF4B27200210A482FF0FDFA094A90
:10581000094B0A49C2F89830094B06481365002322
:1058200003220FF005F80446024801F035FA20463D
:1058300010BD00BFB0A80020008008507B4D0512AD
:10584000BCB705122129F8B506460D46144600F1ED
:10585000980705DC1B2906DC012970D0022967D0D6
:105860004FF0FF3016E0A1F11C05052DF8D801A37B
:1058700053F825F08D5803129F58031261580312F4
:1058800061580312AF5803120D5903121AB980F868
:10589000A0200020F8BD012380F8A030F9E712B95C
:1058A00080F8A820F5E7012380F8A830F1E76C2AFA
:1058B00029DC12F16C0F04DB12F1480F03DB002529
:1058C00008E06FF06B0404EBD474641004F1240559
:1058D0006FF04704224802F02BFD2246294621485A
:1058E00002F026FD204802F023FD22460021384622
:1058F000F3F764FB224601213846F3F75FFB2846A5
:10590000FFF74CFCC5E700256C24E3E772B10121E9
:105910003846F3F7B3FB124802F00AFD214613485C
:1059200002F006FD104802F003FDB2E71146EFE772
:105930003846F3F776FA0020F2F71AFFA9E738465F
:10594000F3F7E6F92846F6F749FE4E202FF0FCF96A
:105950004F202FF0F9F9002386F8403199E700BF76
:10596000844D0512964D0512F25C0512B74D0512D5
:1059700001292DE9F84304460D4600F1980704D8A3
:10598000B0F81E61002E00F08F80554802F0D0FC68
:105990005FFA85F82946534802F0CAFC08F1FF393E
:1059A000514802F0C5FCB9F1010F6FD815F48066BB
:1059B0000DD002213846F3F7F1FBB4F81E3106464C
:1059C00023F00403A4F81E31012384F823312805B1
:1059D00008D5B4F81E3123F00803A4F81E310123C2
:1059E00084F82431B8F1020F35D1E90508D5B4F8AF
:1059F0001E3123F00103A4F81E31012384F8213164
:105A0000AA0508D5B4F81E3123F00203A4F81E310C
:105A1000012384F82231B4F81E3131489B0748D164
:105A200002F086FC314802F083FC2F4802F080FC33
:105A300001213846F3F700FBF2F786FFD4F89820EF
:105A400001215368384623F002035360F3F77CFAD0
:105A5000B9F1010F1ED1B4F81E31214803F00C0337
:105A600093BB02F065FC224802F062FC1E4802F083
:105A70005FFCD4F89820536823F001035360F3F7D8
:105A80002DF902213846F3F75FFA03E0B8F1000F71
:105A90000DD00026124802F04BFC1648294602F0B1
:105AA00047FC114802F044FC3046BDE8F883464606
:105AB0009BE702F03DFCB4F81E110F4802F038FCE1
:105AC000094802F035FCC3E702F032FCB4F81E11BD
:105AD000094802F02DFC044802F02AFCDAE700BF76
:105AE000844D0512174A0512F25C0512CE4D0512BF
:105AF000F94D0512524A0512E14D0512F8B54FF461
:105B0000207300250127A0F81C310446C0E94B553D
:105B1000C0E94D55A0F89C5080F8A07080F8A8709E
:105B2000142011F0F5FA0646C4F85C01142011F0B7
:105B3000EFFA04F5A471C4F860010A22304611F0AE
:105B400063F90A2204F5A971D4F8600111F05CF937
:105B50003846F6F743FD4E202FF0F6F84F202FF091
:105B6000F3F804F19800F3F7D3F80446054802F07F
:105B7000DFFB2146044802F0DBFB044802F0D8FBBF
:105B80002846F8BD844D05120C4E0512F25C051234
:105B9000F8B50D460446002857D0002955D00B68AB
:105BA000012B04D0022B23D04FF0FF30F8BD00238F
:105BB0000C260869264A06FB03F18F1851588842C3
:105BC0000ED184F89E30C4F8AC706B68580744BF9F
:105BD000022384F83D316B68190705D40020E5E7FE
:105BE0000133092BE7D1F0E7032384F83D31F5E7D2
:105BF000002314260869174A06FB03F18F18515831
:105C000088421ED184F89E30C4F8A4706B6804F1F9
:105C10009806DA0708D50021304604F1A002F3F710
:105C20003BF9002384F83C316B689B07D6D50121F2
:105C3000304604F1A002F3F72FF9012384F83C3138
:105C4000CCE70133092BD7D1E0E70120AEE700BF55
:105C5000E8B7051254B8051202280B4610B505D056
:105C60000D4802F065FB4FF0FF3010BD58680A2266
:105C7000002111F04FFB04460146084802F058FB92
:105C8000224600210648F3F799F9224601210448EB
:105C9000F3F794F90020E8E7C8340512264E051200
:105CA00048A90020F8B504461D460E46C1B190F83B
:105CB0003C71012F05D940F232620E490E4802F0C4
:105CC000FFFB04EB8707D7F82C0158B12A46314671
:105CD00014F09AFE94F83E3113B1FF2384F83C315E
:105CE0002846F8BD40F23E620249044802F0E8FB53
:105CF000F6E700BF0FB70512354E05129C48051296
:105D00000120704738B50D4DD5F89040C4F3130409
:105D10000444B4F5801F04D3A2220949094802F0C3
:105D2000CFFBD5F8903064F31303C5F89030D5F865
:105D3000903043F00073C5F8903038BD00800850B3
:105D40002FB70512534E051202280B4610B505D089
:105D50000A4802F0EDFA4FF0FF3010BD0A225868F1
:105D6000002111F0D7FA04460146054802F0E0FA96
:105D700020B2FFF7C7FF0020EFE700BFC8340512CD
:105D8000744E051270B50646324C3220D4F88C3071
:105D900043F48073C4F88C302EF0EAFF032E45D80C
:105DA000DFE806F0023E40422B4BC4F89030D4F8B6
:105DB0009030322043F00073C4F89030D4F8903023
:105DC00023F08063C4F89030D4F88C3023F48073CF
:105DD000C4F88C302EF0CCFFD4F88C30322043F451
:105DE0008073C4F88C302EF0C3FFD4F88830322092
:105DF00043F44043C4F888302EF0BAFFD4F888301A
:105E0000314623F48043C4F88830D4F8A05015F00C
:105E1000010511D0114802F08BFA4FF0FF3070BD30
:105E20000F4BC2E70F4BC0E70F4BBEE7E3220F4912
:105E30000F4802F045FBBAE70E4802F079FAD4F8B1
:105E40008830304623F40043C4F88830F2F796FCDB
:105E50002846E4E7008008506F125344834E051231
:105E6000226C4844000050449A9945441FB70512DB
:105E7000E4520512A04E051238B505461A480C46E4
:105E800002F056FA4AF6444364009D42E4B207D059
:105E900045F222639D4203D042F611339D4221D147
:105EA00001250134E4B2F2F7D3FD0C200F4B104969
:105EB000D3F8842000FB051122F47812C3F8842063
:105EC000D3F8842049680B4842EA4142C3F8842051
:105ED000224602F02DFA2046FFF754FF10F0FF0093
:105EE000F9D138BD0025DEE7B84E05120080085014
:105EF000388E0020C54E051238B54AF644434C0092
:105F00009842E4B207D045F22263984203D042F6A9
:105F1000113398421FD101200134E4B20C250F4BFC
:105F20000F49D3F8842005FB001122F47812C3F83E
:105F30008420D3F8842049680A4842EA4142C3F8E1
:105F40008420224602F0F4F92046FFF71BFF10F0F0
:105F5000FF00F9D138BD0020E0E700BF0080085005
:105F6000388E0020C54E05122DE9F84311F0FF07C9
:105F700004460D4690F89E6000F1980811D0022F5B
:105F800027D10C2214237243724973438A587249F1
:105F9000CB589A4205D040F27C427049704802F0DA
:105FA0008FFA142373436C4994F84021C818007980
:105FB00040B1CE584FF0020901213046EAB9FFF74F
:105FC0005BFF1CE0FAB9F2F743FD012384F840318E
:105FD00019E0012F40F0A9800C214E435D4A90F852
:105FE000403191190979002900F09B8096594FF0B2
:105FF000020939463046002BE1D0FFF77DFF84F8D7
:106000004091C4F84461574802F092F9D4F8442111
:1060100094F84011544802F08BF907F1FF395348C6
:1060200002F086F9B9F1010F00F2868015F480665E
:1060300017D0002104F1A8024046F2F763FF0223C3
:106040004046B4F81C21D4F80411F3F741F80223B8
:10605000012684F83D31B4F81E3143F00403A4F85E
:106060001E31290510D50121404604F1A802F2F79E
:1060700049FF032384F83D31B4F81E31013643F063
:106080000803F6B2A4F81E31022F5FD115F4807315
:106090001FBFB4F81E3143F00103A4F81E310123E1
:1060A000AA0553D5012284F83C21B4F81E2142F000
:1060B0000202A4F81E21002B48D0D4F85C0184F819
:1060C0003E3110F059FF022E3AD10123D4F860017D
:1060D00084F83F3110F050FF15F0FD0511D1D4F8D0
:1060E000982001215368404643F002035360F2F7C1
:1060F000A3FFD4F8A400F2F747FB29464046F2F785
:106100009BFFB9F1010F09D8D4F8AC00F2F7EEFC0F
:10611000D4F89820536843F0010353600020BDE891
:10612000F883002B7FF46FAF4DE740F2B3420B4989
:106130000F4802F0C5F966E737B1002384F83E3115
:10614000002384F83F31C7E73E469FE7002384F8E9
:106150003E31B8E7E8B7051254B80512FAB6051291
:10616000EA4E0512844D0512154F0512F25C051218
:10617000E45205120048704748A9002037B504468C
:1061800000EB8103B0F884200D46596E983801EB7E
:106190005201C3F8941052080EF094FB94F8A73003
:1061A00093B10122D4F8C80045F010050DF10701A4
:1061B0008DF8075010F062FE012805D040F2AD6264
:1061C0000249034802F07CF903B030BDDEB6051287
:1061D000B04C051237B5044600EB81030D46596EED
:1061E0009838C3F89410B0F81C2152080EF06AFBDE
:1061F00094F8A73083B10122D4F8C8000DF107014B
:106200008DF8075010F03AFE012805D040F2BF6229
:106210000249034802F054F903B030BDBEB605127E
:10622000B04C051238B5124D2C78E4B940F6A832BE
:10623000214610482EF0E8FD0E4A0F4B1046C2F8DA
:106240008C320E4923460122703000F04FFF28B1F6
:1062500041F2D7420A490B4802F032F94FF6FF7378
:10626000044AA2F85C3B01232B70002038BD00BF1C
:1062700014AA002018AA002000600050734F0512D5
:1062800008B90512033D0512012808B511DC0A48BA
:1062900002F04EF8094802F04BF8094802F048F8BD
:1062A000054802F045F8074802F042F8044802F0B9
:1062B0003FF8002008BD00BF784F0512814F05123E
:1062C000F25C05129F4F051208B501F027FA03484A
:1062D000F4F73AF9BDE8084001F036BA18AA0020F0
:1062E00008B501F01BFA0348F4F794F9BDE808403B
:1062F00001F02ABAA4AC002010B50A4C236823B9D7
:106300004E220949094802F0DBF8206801F000F844
:1063100030B1BDE8104052220349054802F0D0B820
:1063200010BD00BFC4B5002049B90512AB4F05121E
:10633000033D051210B5084C226852B901210748E7
:1063400000F0FAFE206020B9C4220549054802F099
:10635000B7F8002010BD00BFC4B50020BC4F051227
:1063600040B90512AB4F051208B501F0D7F90B4B38
:106370001B78022B0DD1F2F7DBF9F2F7E9F9084BA4
:106380001B689B8B0BB9FFF7B7FFBDE8084001F016
:10639000DBB9F2F7A9F9F2F7B9F9F0E7C0B50020D7
:1063A000C4B5002008B502210D202EF061FDC820E3
:1063B0002EF0DEFC4FF0A042536A4FF4487023F4F5
:1063C0007C1343F470135362F3F7ACFB0020F3F734
:1063D000D3FBBDE8084000224FF0FF301146F3F731
:1063E00033BB000008B501F099F90A4B586A20F058
:1063F000604020F0FF0010B1000AFBF739F8FAF70F
:106400002FFFF2F751F900F049FBBDE8084001F019
:106410009BB900BF00000C5010B5002498B01822A2
:10642000002102A82EF0F0FC1822214609A80194B0
:106430002EF0EAFC1B4B0893002202A908A8F6F7ED
:10644000A7FB002201A908A8F6F7D6FB0128F3D084
:10645000039A9DF80A300FA8802A88BF01330F9352
:106460009DF809309DF9072010939DF8083011938D
:106470009DF8063012939DF80530013B13939DF86B
:106480000430072B08BF002315939DF80730002A1E
:10649000B4BF23F080036433149313F021FC18B0CD
:1064A00010BD00BF00B00C50034B044A1860044BF1
:1064B000B3FBF0F313807047CCB50020C8B50020C3
:1064C000007C92000020704770470A20704700202F
:1064D000704700207047000010B5044628B940F20C
:1064E00033220B490B4801F0EBFF01202EF088FC12
:1064F000206001202EF064FC0121606008462EF02F
:10650000F7FB0021A06001202EF0F2FBE06010BD3F
:1065100086B90512C44F051210B5044628B940F2D9
:1065200051220449044801F0CBFF0023C4E90033A1
:1065300010BD00BF61B90512C44F0512002307B595
:106540000A4601460748019301F0F2FE4FF41A7221
:106550000549064801F0B4FF019B002BFCD003B0B5
:106560005DF804FBD04F051250B90512E452051234
:1065700038B5044628B940F23E221949194801F0BD
:106580009FFF02202EF0A4FC02202EF039FC206098
:1065900002202EF015FC0121606002202EF0A8FBE5
:1065A0000021A06002202EF0A3FBE060EFF3108535
:1065B000012383F310880C4C237823B940F24B213C
:1065C0000A48FFF7BBFF2378013BDBB2237023B9F6
:1065D000074AD36A23F00103D36285F3108838BDDC
:1065E00074B90512C44F0512F08200200250051242
:1065F00000000C507047000037B5FFF7FBFF1C4C44
:106600002EF0AAFB2EF018FCFFF7CCFE19491A4811
:1066100002F00EF8194DFAF75FFFFBF711FB18486F
:1066200001F068FE6168626863686068AD68C0B266
:106630000090C3F3072313480195C2F30742090EE4
:1066400001F076FE636813F0FC0F0CD06368DBB2D8
:10665000072B08D06368DBB20F2B04D04FF43771DF
:106660000948FFF76BFF03B0BDE8304000F038BACF
:1066700000B0005000FC07207CCB002000A00C5094
:1066800005440512495005120250051208B52EF0B6
:1066900053FBBDE808402EF013BCFFF7F7BF08B569
:1066A00008202EF0A5FB09202EF0A2FB25202EF0BD
:1066B0009FFB2F202EF09CFB21202EF099FB4620E3
:1066C0002EF096FB42202EF093FB12202EF090FB32
:1066D00040202EF08DFBBDE808402B202EF088BB1B
:1066E00008B50E4801F024FE0D4801F021FE0D48CA
:1066F00001F01EFE094801F01BFE0B4801F018FED8
:10670000084801F015FE054801F012FE074801F0A7
:106710000FFEBDE80840034801F00ABE7C50051298
:1067200085500512F25C0512B8500512EB500512A7
:106730004FF4E6720149024801F0C2BEB3B9051236
:10674000E452051238B5486810F0D6FC05460F4CE7
:106750000F48D4E91F12EDB201F0EAFD5DB10D481A
:1067600001F0E6FD40F2D223C4E91F330A48BDE838
:10677000384006F049B8094801F0DAFD4FF43D729F
:106780004FF42D730648C4E91F23F0E70030005092
:10679000305105126B5105127E51051285510512BB
:1067A0000544051208B5044913F0B2FF003818BFBC
:1067B0000120404208BD00BF415505120228F8B52E
:1067C0000E4603DCBDE8F840FFF78ABF8868F3F7A0
:1067D000E8FF776805464349384613F099FF0446B9
:1067E000E8B9414B1B6823B94048BDE8F84001F0C7
:1067F0009FBDF068F3F7D5FF0646A64203D1B30765
:106800002BD03B48F1E755F824103A48013401F009
:106810008FFDA207F1D1364801F08AFDEDE7364938
:10682000384613F075FF0146E8B92F4B1B68002B63
:10683000DAD0102231482EF0E7FA40222F49F068D2
:10684000F3F7CDFF4028034628BF4023033323F04E
:1068500003032A4A2B449D4200D1F8BD52F8041B81
:1068600045F8041BF7E72649384613F051FF014667
:1068700048B91D4B1B68002BB6D01022F06810F0F1
:10688000F5FD2860E9E738461E4913F041FF04464C
:10689000A8B903463022542110202EF051FA234685
:1068A0003022552111202EF04BFA55215420F3F7B8
:1068B000DDFEBDE8F84005211348F3F765BF384613
:1068C000124913F025FF00287FF47CAF0421B06843
:1068D000FFF768FF0028C0D10122034B0C481A6063
:1068E00083E700BF305A051210B600209B510512F5
:1068F000F25C0512A551051263420512D0B50020C5
:10690000AB510512B3510512B9510512BF51051211
:10691000C651051238B50D461149686813F0F8FEE6
:10692000E8B9E86810F0E8FBAD6844B20D492846C4
:1069300013F0EEFE48B92146F1F7A8FC02462146C5
:10694000BDE83840084801F0F3BC2846074913F079
:10695000DFFE10B921460120EEE7FF22EFE738BD48
:10696000D0510512D8510512E2510512DE5105121F
:106970004FF40062014902480DF00CBC00000060B9
:1069800014B6002010B53948BCB001F0D1FC012389
:10699000102240F2491126202EF0D2F901231022B4
:1069A0004FF4A3712A202EF0CBF919232422CDE92C
:1069B00002321D2301932E4B2E49009380232E4833
:1069C0001A460DF0FFFA01230022792135202EF01E
:1069D000B7F901230022772133202EF0B1F90123EA
:1069E0003022782134202EF0ABF9012325222721F3
:1069F00000932248262308F063FE214B214A2249B6
:106A00000EA808F0ECFE802304AACDE90133009320
:106A100022A91E4B0EA80CF080F90DF0BDFC2EF043
:106A200083F90446154808F0B1FE144808F08AFEC0
:106A300002382246052816D8DFE800F0030F1513A8
:106A4000151104210EA808F0E8FE0EA8214608F052
:106A500052FF0A2002F0FBFCE1E70521F2E70A21E0
:106A6000F0E70921EEE70021ECE700BFFA5105123B
:106A7000764605120852051214B600208CB6002086
:106A8000D12C0412652C041210C9002000000060F3
:106A9000014B1868704700BFACB6002008B5094A22
:106AA00013680133136002F073FB836C013B836452
:106AB0001BB9436C836402F0B5FBBDE8084002F0EB
:106AC0008FBF00BFACB6002040EAE07070470020E6
:106AD000704700207047002070470020704700007A
:106AE00038B5044C044DAC4200D338BD54F8043BD7
:106AF0009847F8E7705206129052061238B5054CC6
:106B0000054DAC4200D338BD54F8043B002BF8D0FF
:106B10009847F6E790520612C852061208B5FFF7DA
:106B2000EDFFBDE80840FFF72DBF70470A23142290
:106B300013B50B49CDE900320A484FF40063002237
:106B400002F0A8FD044628B94FF4B372064907487D
:106B500001F0B6FC204602B0BDE8104002F0C2BC15
:106B60001D6B03120E5205124FBA05121352051275
:106B700008B52EF0E1F8FFF73FFD01F005FC03F04A
:106B80001BF802F085F9FFF7D1FF03F01BF800F0C6
:106B90004FFA02F0A1F9002008BD08B5FFF7C5FFC4
:106BA000FFF7E6FF002008BD10B5044620B95222C9
:106BB0000D490E4801F084FC204602F027F909280F
:106BC00004D0532208490A4801F07AFC204602F01A
:106BD0000BF920B954220449064801F071FC204603
:106BE00002F058F8002010BDEBBA05123747051225
:106BF000225205125D520512F8B5074602F0C8FA96
:106C000008B102F029FA092001F0EAFF044620B990
:106C10007C221049104801F053FC54F8045FA5424F
:106C200004D102F0B5FA90B900260CE0A5F10C06EB
:106C300008223946304600F0FEFF30B902F0A8FACB
:106C400008B102F017FA3046F8BD2D68E7E702F008
:106C500011FAE9E7DCBA051285520512F8B50E46BD
:106C60001746044610B94FF0FF30F8BD0846FFF74D
:106C7000C3FF05460028F6D120463246092101F01F
:106C8000BFFF04F144032846C4E90F55C4E911339A
:106C9000E782A5762583E8E738B5044620B9D122F6
:106CA0000C490D4801F00CFC636A8BB1E28AD206F4
:106CB0000ED420469847054630B102462146074883
:106CC00001F036FB284638BDE38A43F01003E38227
:106CD0000025F7E7CDBA0512374705129C52051279
:106CE00070B50E46044620B9F4222649264801F024
:106CF000E7FB204602F08AF8092804D0F522214952
:106D0000224801F0DDFBE38AD80610D4636A53B150
:106D100020469847054630B1024621461C4801F0FE
:106D200007FB284670BDE38A43F01003E38219078E
:106D300002D5238B1A0721D4A36AB3B1314620466A
:106D400098470546B8B90025238B43F008032383F1
:106D5000A37E0133DBB2A376002BE2D140F22312F3
:106D600008490C4801F0ACFBDBE726F4704121F048
:106D7000F0012183E7E7831DD3D1E5E76FF0060536
:106D8000CFE700BFBEBA05123747051222520512DF
:106D90009C520512D252051210B5044628B940F291
:106DA00035121349134801F08BFB204602F02EF8F0
:106DB000092805D04FF49B720D490F4801F080FB64
:106DC000A37E83B1013BDBB2A3767BB9E36A1BB937
:106DD00000200023238305E0204698470028F7D0B1
:106DE000831DF6D010BD4FF0FF30FBE70020F9E720
:106DF000AEBA051237470512225205122DE9F041AD
:106E00000D4616461F46044628B940F25F12144943
:106E1000144801F055FB204601F0F8FF092805D081
:106E20004FF4B0720E49104801F04AFBA37E33B90B
:106E30004FF0FF3000F068FE0020BDE8F081D4F88C
:106E400030E0BEF1000F07D03B46324629462046CF
:106E5000F446BDE8F04160476FF00500EAE700BF87
:106E60009FBA051237470512225205122DE9F0414B
:106E70000D4616461F46044628B94FF4C3721449FE
:106E8000144801F01DFB204601F0C0FF092805D081
:106E900040F287120E49104801F012FBA37E33B96D
:106EA0004FF0FF3000F030FE0020BDE8F081D4F854
:106EB00034E0BEF1000F07D03B463246294620465B
:106EC000F446BDE8F04160476FF00500EAE700BF17
:106ED0008FBA0512374705122252051270B50D46BA
:106EE0001646044628B940F2A7120D490D4801F094
:106EF000E7FA204601F08AFF092805D04FF4D47242
:106F00000749094801F0DCFAA36B2BB13246294648
:106F10002046BDE8704018476FF0050070BD00BF07
:106F20007DBA0512374705122252051238B50D46B3
:106F3000044628B940F2C1120849094801F0C0FAD4
:106F4000204601F063FF092805D04FF4E1720349A0
:106F5000044801F0B5FAE561002038BD63BA0512B6
:106F60003747051222520512F8B5244E3368B34252
:106F700000D1F8BD2DF0E0FE044600F007FC40B162
:106F80001F49204801F0D4F999221D491E4801F0FB
:106F900097FA20462DF088FF2DF0CEFE3368074685
:106FA000B3421AD034682546636855F814295360F3
:106FB00022681A60C4E9004402F04EF8A36E0BB1D7
:106FC00028469847284601F00FFF012809D1284696
:106FD00001F060FE02F04EF83846BDE8F8402DF0B2
:106FE00063BF02F047F838462DF05EFF606901F09C
:106FF00089FC284601F0C4FEB8E700BF48BA00206B
:1070000000BB0512E6520512E452051238B5002401
:10701000064D55F8043B03B198470134042CF8D1D0
:10702000FFF7A2FF2DF0A0FEF1E700BFB0B60020F1
:107030001FB51F232022CDE902324FF400730193C4
:10704000064B074A009307490023074802F046FB16
:10705000054805B05DF804EB02F044BAC0B6002064
:107060000D7003120D530512C0B8002070B5044610
:107070004FF0FF3623689C4200D170BD2DF05CFEBE
:1070800005462068C661143802F0E8F928462DF05C
:107090000BFFEFE7143802F0E1B970B5164605466C
:1070A00008460C4602F0EEF82EB1012E00D070BD5D
:1070B0002B689D4208D16A6804F1140313606A6862
:1070C000A2616B606561F2E794F8351093F82120B6
:1070D000914208D2596804F114020A605968A1610A
:1070E0005A606361E3E71B68E3E70000F8B50F4609
:1070F00015461E46044620B9CA220C490C4801F028
:10710000DFF9B5F5803F04D3CB220849094801F0E7
:10711000D7F920463A46022101F072FD04F114032A
:10712000C4E90533A58366720020F8BD7BBB051258
:107130001353051222530512F8B506460C461546A0
:107140002DF0FAFD074600F021FB48B11049114827
:1071500001F0EEF840F207120D490F4801F0B0F9C6
:1071600038462DF0A1FEB4F5803F05D34FF484726C
:1071700007490A4801F0A4F93146022001F0B0FDA8
:1071800028B100F11403C0E9053384834572F8BDCA
:107190006DBB0512E6520512E45205122253051288
:1071A0002DE9F3410446019128B94FF4A4724E49E8
:1071B0004E4801F085F9204601F028FE022805D04E
:1071C00040F2491248494A4801F07AF9494B1B6894
:1071D0000BB1204698472DF0AFFDA38B07464BB16E
:1071E000013BA3832DF060FE434B1B68002B78D13D
:1071F000002005E0019B33B92DF056FE6FF0010031
:1072000002B0BDE8F0812DF097FD054601F0C0FF0A
:1072100048B93549394801F08BF840F269123249D2
:10722000374801F04DF92DF087FD064601F040FF8B
:1072300048B12D49334801F07BF840F269122A49E0
:107240002F4801F03DF930462DF02EFE2DF074FD53
:10725000064600F09BFA48B123492B4801F068F834
:1072600040F269122049264801F02AF930462DF0F3
:107270001BFE28462DF018FE4FF0000801F088FF95
:10728000C0F8308001460546627A04F11400FFF729
:1072900004FF019B434509DD05F14C06414630469C
:1072A00001AA02F067FB304602F0AEFA38462DF034
:1072B000FBFD2DF041FD0128064609D10A4913487E
:1072C00001F036F840F28B1207490D4801F0F8F84A
:1072D00030462DF0E9FD01F017FE286B002883D021
:1072E0008EE72046984783E761BB051213530512CA
:1072F0003353051238BA002034BA0020A7530512C0
:10730000E4520512DE530512E65205120A54051224
:1073100038B5044628B94FF4DB721649164801F017
:10732000CFF8204601F072FD022805D040F2B712D6
:107330001049124801F0C4F8114B1B680BB12046EC
:1073400098472DF0F9FC2346054653F8140F984250
:107350000AD0FFF79FFE012428462DF0A5FD0CB1B1
:1073600001F0D2FD002038BDA38B0133A38300249C
:10737000F2E700BF52BB0512135305123353051237
:1073800030BA002070B50D461646044628B940F2C2
:10739000E7121149114801F093F8204601F036FD3B
:1073A000022805D04FF4F4720B490D4801F088F81B
:1073B000012D0ED12DF0C0FC054604F11400FFF79D
:1073C00055FE2846A6832DF06FFD01F09DFD00209F
:1073D00070BD4FF0FF30FBE743BB0512135305129E
:1073E0003353051270B50E461546044628B94FF4BE
:1073F00005720949094801F063F820463246032125
:1074000001F0FEFB002004F11403C4E90533044B32
:107410006572C4E9073070BD35BB051246540512CC
:107420000100FF00F7B5044601912DF085FC0546EB
:1074300001F0AEFE48B95C495C4800F079FF40F2CB
:10744000932259495A4801F03BF82DF075FC064645
:1074500001F02EFE48B15449564800F069FF40F251
:1074600093225149524801F02BF830462DF01CFD73
:107470002DF062FC064600F089F948B14A494E48B1
:1074800000F056FF40F293224749494801F018F8AE
:1074900030462DF009FD28462DF006FD2CB940F2AE
:1074A00096224149454801F00BF8204601F0AEFC18
:1074B000032805D040F297223B49414801F000F8EB
:1074C00001F066FE05462DF037FC3E4B06461B6874
:1074D0000BB12046984700232B63236AAB4252D15D
:1074E000E37F0133DBB2E37730462DF0DDFC364B32
:1074F0001B68002B55D1002008E0019B43B96FF0B9
:10750000010430462C632DF0CFFC204603B0F0BDC3
:10751000206A95F8352090F835309A4204D202213D
:1075200005F1350202F01AF82946627A04F11400D6
:10753000FFF7B3FD019B002B09DD05F14C0700218E
:10754000384601AA02F016FA384602F05DF93046D4
:107550002DF0AAFC2DF0F0FB0128074609D11249B5
:107560001A4800F0E5FE4FF43C720F49104800F055
:10757000A7FF38462DF098FC01F0C6FC286B60B1DF
:1075800010F1090FC2D1A38B002BB6D0013BA3830E
:10759000256295F83530A377A2E72DF0CDFB06469E
:1075A000A2E720469847A6E727BB0512A753051276
:1075B000E4520512DE530512E65205124654051236
:1075C0005754051238BA002034BA00200A54051264
:1075D00070B5044628B940F21D324849484800F0C9
:1075E0006FFF204601F012FC032805D040F21E3246
:1075F0004249444800F064FF2DF09EFB054601F02F
:10760000C7FD48B93D49404800F092FE40F22332A0
:107610003A493E4800F054FF2DF08EFB064601F03B
:1076200047FD48B135493A4800F082FE40F2233226
:107630003249364800F044FF30462DF035FC2DF03D
:107640007BFB064600F0A2F848B12C49314800F017
:107650006FFE40F2233229492C4800F031FF3046BA
:107660002DF022FC28462DF01FFC01F091FD05466F
:107670002DF062FB284B06461B680BB1204698474D
:10768000236AAB4207D04FF0FF3430462C632DF015
:107690000BFC204670BDE37F013BDBB2E37743BBCD
:1076A000A27F95F835309A4205D00221284604F190
:1076B0001E0201F053FF234653F8140F984211D0D5
:1076C000A0F11403236290F82130A377E37F013304
:1076D000E377FFF7DFFC012430462DF0E5FB54B9DA
:1076E0000020D7E7A38B0133A38300232362FF236A
:1076F000A3770024F0E701F007FCF1E716BB0512C1
:107700004654051257540512A7530512E4520512A8
:10771000DE530512E652051230BA002010B52DF0E6
:107720000BFB074A044613780133DBB21370054B99
:107730001B6803B198472046BDE810402DF0B4BB4C
:1077400044B900204CB9002038B52DF0F5FA0B4DA6
:1077500004462B7823B9622209490A4800F0B0FE9A
:107760002B78013BDBB22B70074B1B6803B19847AA
:107770002046BDE838402DF097BB00BF44B900203B
:1077800087BB0512CB54051248B90020014B18786D
:10779000704700BF44B900202DE9F04F584E594CB6
:1077A00085B0DDE90F7515F0400F0CBFB046A0465F
:1077B00015F0100E1FD04FF0200C25F0010515F02C
:1077C000020427D0002A1EDA2D245242E946002660
:1077D0000A2B03BFB2FBF3FB03FB1B2A5A4602F042
:1077E0000F0A18F80AA018BF1209013609F801ABF0
:1077F000002AEDD114E015F0010F0CBF4FF0200C62
:107800004FF0300CDBE76C074FBF2B24C5F3C004EF
:107810006401E4B2002AD9D1302301268DF800306A
:10782000BE423246B8BF3A460E9B15F0110FA3EB8D
:10783000020318D114B1002B00DD013B05464FF0C7
:10784000200A00EB030904E08D4238BF85F800A050
:107850000135A9EB0508B8F1000FF5DC23EAE37563
:10786000013B5B1B284424B1884238BF0470013BB4
:107870000130BEF1000F14D004464FF0300E00EB83
:10788000020C17E08C4238BF84F800C00134AEEB24
:107890000405002DF6DC23EAE374013B1B1B2044A6
:1078A000EAE7044600EB030EF1E78C4238BF84F8A8
:1078B00000E00134ACEB0405AE42F6DB921B104451
:1078C0006A46013E0BD2024620261D18AC1A002C37
:1078D00010DC002BA8BFC01805B0BDE8F08F002F4A
:1078E000F1D0884238BFB45C00F1010038BF00F825
:1078F000014CE6E78A4238BF16700132E6E700BF66
:107900009ABB0512ABBB05124E282DE9F04FA8BF5C
:107910004E2057EC106B8B4615469A4687B020EAEE
:10792000E07400220023304639461BF057FB18B1A3
:1079300007F100431F460120286047EC106B02A8A6
:1079400013F006F9DDE90201002200238DED000BA2
:107950001BF03AFB0546002855D10AF15008C146F4
:10796000DDE9026700220023304639461BF02CFB7C
:1079700018B34B460AF1FF3243453FD30AF1500397
:10798000A3EB0908994588BF4FF00008D044109B2D
:10799000544403B92C445445CBF8005057D3002627
:1079A0004D4F0AF15005A04501D8A84556D3AC4229
:1079B00069D300238AF84F304CE0502DD9D00022F3
:1079C000454B304639461BF0C1F941EC100B02A87B
:1079D00013F0BEF83EA3D3E9002351EC100B8DED5C
:1079E000040B1AF0D3FE00223B4B1BF085F81BF072
:1079F00033FB303009F8010D0135B1E713F8011BF5
:107A000002F8011FB8E70022DDE9000100231BF0A6
:107A100003FB0546A8B9D046B9E7CDE90067013DAB
:107A20004246DDE900014B461BF066F800222B4B75
:107A300006460F461BF0D2FA0028EED1CDE90467C6
:107A4000E9E700254FF00008DFF88C90E8E7002315
:107A50008AF80030504607B0BDE8F08F3246DDE9C5
:107A600000013B461BF048F841EC100B04A813F052
:107A70006FF8DDE904018DED000B1BF0EDFA3030FD
:107A800008F8010B8FE7237830210533237031206C
:107A900023461A78392A02D800232370DAE753459F
:107AA000197005D913F8012C013B01321A70F0E767
:107AB0001870DBF800200132CBF80020109A002A61
:107AC000E7D1544588BF21700134E2E7AFF300806D
:107AD000B81E85EB51B89E3F000024400000F03FE7
:107AE00030B5013911F8014F0346154600F8014B36
:107AF000013A34B92B44984200D130BD00F8014B13
:107B0000F9E7002AEED1F8E710B50446FFF73EFE8C
:107B100010B1044B1C6010BD01F03AFB0028F8D0F6
:107B20000463F8E7E0B9002008B5FFF72FFE08B1BD
:107B3000034808BD01F02CFB0028F9D03030F8E7ED
:107B4000E0B900200F2AF0B505D80346013B0A44EE
:107B500091423CD1F0BD41EA00039B07F5D11546A7
:107B600001F1100400F1100354F8106C103D43F8BB
:107B7000106C54F80C6C0F2D43F80C6C54F8086C16
:107B800003F1100343F8186C54F8046C04F110046A
:107B900043F8146CE8D8A2F1100323F00F03CD18BA
:107BA0000344103302F00F021C4616461035091A22
:107BB000032E07D86FF0030194084C432244291B7D
:107BC0001B1BC3E76758043E27600434F0E711F835
:107BD000014B03F8014FBBE7884210B501EB0204EB
:107BE00002D98442234607D8431EA14207D011F888
:107BF000012B03F8012FF8E70244824200D110BDA7
:107C000013F8011D02F8011DF7E7034610B501390D
:107C10000244934201D1002010BD187811F8014FA1
:107C2000001BF9D10133F4E710B504460AB1FFF7A0
:107C300057FF204610BD10B5431E0A44914201D1A2
:107C4000002008E013F8014F11F8010B201A40B290
:107C500008B9002CF2D110BD10B5034604462246E7
:107C60001278E01A01340AB18142F8D810BD0346F7
:107C70001A46117801330029FAD1101A70472DE9FC
:107C8000F041044608460F46FFF7F1FF064698B15B
:107C90002046FFF7ECFF054604EB0008B542A8EBD1
:107CA000050401DA002407E0324639462046013D4A
:107CB000FFF7ABFF0028F1D12046BDE8F08170B599
:107CC0000646FFF7D4FF451C284600F011FD044688
:107CD00018B12A463146FFF735FF204670BD13B56F
:107CE00000240094FFF710FE02B010BD2DE9F04F04
:107CF00010EB0109B9B01E4607900A9103D3C343A4
:107D00004FF0FF390A93079C08E0252B15D0174642
:107D10004C4538BF2370601C04467A1C1378002B36
:107D2000F3D10A9A22B14C4534BF237009F8013CC3
:107D3000079BE01A39B0BDE8F08F002151E02D2BF0
:107D40004CD0302B6AD0A3F13000092852D83A46E3
:107D500000254FF00A0C17463B780132A3F13000A2
:107D600009285ED93B782E2B6ED17A787B1CA2F144
:107D70003000092862D800224FF00A0C1F463878DC
:107D80000133A0F1300EBEF1090F52D922EAE27898
:107D90003A7802F0FB03682B08BF013797F800B070
:107DA00018BF0022BBF1780F0AD8BBF1620F52D87E
:107DB000BBF1250F00F02581BBF1580F00F02781A2
:107DC0004C453CBF252323703B78601C002B00F002
:107DD0007182484538BF6370A01C9DE741F01001D7
:107DE0003A465378571C2B2B0FD0A8D8202B0FD0F6
:107DF000232B10D02A2B19D156F8045B971C002D89
:107E0000B0DA6D4241F01001ACE741F00401E7E760
:107E100041F00801E4E741F02001E1E741F0010110
:107E2000DEE70CFB0533A3F1300594E74FF0FF3597
:107E300098E70CFB0200A0F130029FE72A2A06D146
:107E400056F8042B0237A1E74FF0FF38A0E71F4692
:107E50004FF000089CE7ABF16303152BB0D801A0ED
:107E600050F823F0DD7E031217800312C17D031248
:107E70001F800312C17D0312C17D031217800312FC
:107E8000C17D0312C17D0312C17D0312C17D0312A6
:107E9000C17D0312BD7E0312E37F0312C17D031275
:107EA000C17D0312437F0312C17D03121B800312A5
:107EB000C17D0312C17D03121380031208236C2AB3
:107EC00006F1040A40F0F8813268CDE901812046CC
:107ED00049460095FFF760FC56461DE7C90615D4D4
:107EE0002A462346202103E04B4538BF1970013351
:107EF000013A002AF8DC002D05F1FF33C5F1010538
:107F0000D8BF00251D44D8BF00231C444C4538BFB2
:107F1000336804F1010038BF2370321D0346202668
:107F20002C44E11A002907DC002D05F1FF33D8BFEE
:107F3000002316461844EFE64B4538BF1E70013348
:107F4000EFE7AD4B56F804AB0491BAF1000F08BF50
:107F50009A465046FFF78BFEB8F1000F034604998E
:107F600002DD4045A8BF4346CA0619D422464FF059
:107F7000200C601904E04A4538BF82F800C0013285
:107F8000811A8B42F7DBAB42A3EB050205F1FF310F
:107F9000C8BF0022A5EB0305C8BF00252C44551817
:107FA00000229A420FDB002BA8BFE4184FF0200CF0
:107FB00022466019811A8B420DDBE81AAB42C8BF1A
:107FC00000202044A8E6A118894584BF1AF80210B1
:107FD000A1540132E5E74A4538BF82F800C00132BA
:107FE000E8E76B1C04BF082541F00101CDE90181E0
:107FF000009510234946204656F8042BFFF7CCFB8A
:108000008AE64C4538BF84F800B0601C84E641F035
:108010004001102353E741F002010A234FE70736DE
:1080200026F00706B6EC027B41F00203C8068DED90
:10803000047B06935CD523F0010306932023DDE93E
:1080400004010B93002200231AF0C8FF002855D02A
:10805000049BB8F1FF3F0C93059B4FF02D0A03F1F1
:1080600000430D939DED0C7B05F1FF358DED047BF9
:108070006DD0049B4FF0FF320893059B23F0004323
:108080000993DDE908015D4B1AF0D0FF48B9DDE93D
:1080900008014FF0FF32594B1AF0AAFF002800F0F8
:1080A0009B8024AB40469DED040B0FAA0EA9FFF761
:1080B00016FE0F9B002B4DD02D238DF840300DF177
:1080C00041030278002A75D00E9A002A44DD4FF051
:1080D0002E0E411E11F801CFBCF1000F51D0A1EBC3
:1080E000000B5A4508BF03F801EB03F801CBF1E799
:1080F00011F0010F0CBF20233023A0E7069B590786
:108100001CD54FF02B0A013DB8F1FF3FDDE90423F8
:108110001046194608BF4FF002081AF087FF0028E2
:10812000A7D04E2361229B468DF8403000238DF866
:1081300041208DF842B08DF8433024E0069B13F0C7
:10814000080A1CBF4FF0200A05F1FF35DCE74FF0AD
:1081500002088EE710ABB4E719464FF02E0E4FF031
:10816000300C01F802CB83F801E0C2F1020E734437
:108170008E469E4519D1891A091A0B1810F8012B41
:10818000B2B900221A70069B9A0643D5B8F1000FC7
:1081900040D110AA1378904693460132FBB92E22A3
:1081A00088F8013088F8002034E00EF801CBE0E7D1
:1081B0001A70E2E730211970B8F1000F01D10133D4
:1081C000DFE72E2203F1020B5A70584642462CF08C
:1081D0001BFE0BEB0803D4E749236E22A4E72E2BEA
:1081E00018D0652B01D0452BD4D14FF48071404677
:1081F000FFF732FD404406E0E1540512FFFFEF7F38
:1082000010F801398370A0EB0B03002BF8DC2E2350
:1082100088F800304FF4807110A8FFF71DFD069B11
:10822000024613F0110FA5EB000508D12B462021C3
:10823000002B22DC6B1E002DB4BF1D465D1BBAF166
:10824000000F03D0A14588BF04F801AB069BDB06F5
:1082500007D42B46002B16DC6B1E002DB4BF1D4629
:108260005D1B234610A9A3EB040C9445184601DAC4
:10827000994511D81D44202315E0A14588BF04F875
:10828000011B013BD4E7A14588BF0B9903F1FF33E4
:1082900088BF04F8011BDDE711F8010B03F8010B9F
:1082A000E1E700F8013B2A1A002A7FF735AD814546
:1082B000F7D831E5013F2FE5682A32687FF405AE33
:1082C000880754BF92B212B2FFE500BF0CB407B5E5
:1082D00004AB53F8042B0193FFF708FD03B05DF8DE
:1082E00004EB02B070470000014B1868704700BFF4
:1082F000DCB9002070B50D4D2E68FEF77DFC0446FC
:1083000090B1286808B1FEF747FDE38A40F24321A7
:1083100013F4007F08BF43211B05204648BF41F4EA
:108320000061FEF7DDFC2C60304670BDDCB900203A
:108330000FB473B5114B1E686EB9114A07AB1468C0
:108340007F21069A0F480193FFF7D0FC03463CB902
:108350000C48FEF7B9F802B0BDE8704004B07047B1
:10836000258B7F2845F04002228328BF7F2331469A
:108370002046044AFEF77AFD2583ECE7D8B90020B1
:10838000DCB9002054B9002007B50B48FFF7D0FF37
:108390000A48FFF7CDFF0A4B022201930623094941
:1083A000009309480423FFF7C3FF084803B05DF8B2
:1083B00004EBFFF7BDBF00BFE8540512F1540512EE
:1083C0003D55051206550512125505124655051262
:1083D00008B52248FFF7ACFF2148FFF7A9FF1F4867
:1083E000FFF7A6FF04F07CF81C48FFF7A1FF1D482B
:1083F000FFF79EFF1948FFF79BFF03F03DFF17486B
:10840000FFF796FF1848FFF793FF1448FFF790FF18
:1084100003F0E0FE1148FFF78BFF1448FFF788FFD9
:108420000E48FFF785FF03F07FFF0C48FFF780FF42
:108430000F48FFF77DFF0948FFF77AFF03F0FEFFC3
:108440000648FFF775FF0B48FFF772FF0348FFF779
:108450006FFFBDE8084000F067B800BFF65C05128A
:108460006C5505128155051296550512AB5505122E
:10847000C0550512D5550512C8B110F0FF020C4BBE
:1084800002D0985C0130704710F47F4F04D0C0F3E5
:108490000720185C0930704710F47F0F04D0C0F338
:1084A0000740185C11307047000E185C1930704797
:1084B000BCBB0512014B1860704700BFD4B9002047
:1084C0000023F7B516468DF8073004460D462CF00C
:1084D00033FC114B07461A68C2B9012229461A60BB
:1084E0000E4823463246FFF723FF39460C48FFF774
:1084F0001FFFFFF76DFF0B4B1B6843B92CF010FCFF
:108500009DF80730002BFBD003B0F0BDFEE73246EC
:10851000294620469847F1E750B90020E755051253
:108520001E560512D4B9002008B5084B0848196832
:10853000FFF7FEFE074B08481968FFF7F9FE074BE7
:1085400007481968BDE80840FFF7F2BEF4B90020FB
:1085500036560512F0B9002048560512ECB9002035
:108560005A56051210B5044620B9DA2205490648C4
:10857000FFF7A6FF054B2360054B1B681033C4E9CA
:10858000013310BDE4BC0512AB6B0512A01E010047
:10859000F4B9002070B51F4E04463368834204D9F5
:1085A000A8221D491D48FFF78BFF1D4D2B68A342D4
:1085B00004D8A92218491B48FFF782FF638823B11A
:1085C000AA2215491848FFF77BFF336862681A44EE
:1085D00094420ED0518861B92968914209D013495B
:1085E00008689042526808BF0C606260E11A1A4441
:1085F0009160A1685A1894420AD0508840B90B483B
:108600000568A54208BF0260606803445060996035
:1086100070BD00BF24BA0020C4BC051278560512F4
:1086200020BA002096560512C15605121CBA002029
:108630002DE9F041C41C06460F4621F003052CF03D
:108640007BFB24F003048046FFF7A0F848B11D49E6
:108650001D48FFF76DFE4FF48B721A491B48FFF758
:108660002FFF40462CF020FC202D23D9A5F120031C
:10867000A3421FD3164B2D1BA5F120021A604FF405
:10868000F5530026134F103D2360134B60196560AE
:10869000A66018603C60FFF765FF334601220F4972
:1086A0000F48FEF723FD0F4B3A681A600E4B1E6011
:1086B000BDE8F0813A463146BDE8F0410B48FFF78E
:1086C00037BE00BFF2BC0512E6520512E452051295
:1086D000F4B9002024BA002020BA0020D056051298
:1086E000F8B900201CBA002018BA0020D55605128F
:1086F0002DE9F74F044688B32CF01EFB0546FFF723
:1087000045F848B167496848FFF712FE4FF4B17267
:1087100064496648FFF7D4FE2846654D2CF0C4FB3B
:1087200003342B6824F00304A34217D30C2C38BF66
:108730000C244FF0FF315F48FEF732FDDFF8A0C197
:108740005D4ADCF800301068D5F800B0191AABEBC0
:108750000407B94204D35748FEF7DAFD002676E055
:1087600045186E886A68002E40F09980561AA6F166
:10877000100AA245C0F09380DFF868E1DFF83C8181
:10878000DEF80020D8F80090019204F11C02924516
:1087900004F110075FD34FF4F55601EB070840F8DA
:1087A00008606E6800EB080ACAE901610121C5F89A
:1087B00004806980DAF80410019A0BF11006B142C6
:1087C00002F1100218BF0918224418BFC1F808802E
:1087D0004A45CEF8002001D938490A603849394E57
:1087E0000A68EC6022440A6031688A4288BF3260BD
:1087F0004FF4F552AB42344E2A8037D0334B1A68CF
:10880000AA424AD32B48FEF783FD33682F44BB426C
:1088100005D24FF4F67223492D48FFF751FEAA07FF
:1088200005F110060DD040F2ED121E492948FFF760
:1088300047FEAB0705D04FF4F7721A492648FFF7F9
:108840003FFE264B1B6813B1214630469847304601
:1088500003B0BDE8F08F0121019A698016444E45AE
:10886000CEF8006088BFC8F80060B7E70022316822
:10887000B3F802E0BEF1000F08D1002ABED0CCF858
:108880000030BBE75B6801220344F1E79942F9D16C
:10889000002AB3D0CCF80010B0E71D60B2E7114653
:1088A00057E700BFDABC0512E6520512E452051282
:1088B000F4B90020F8B9002024BA0020ECB9002057
:1088C000E8B90020E4B9002020BA002018BA00203E
:1088D0000F570512545705129E5705122CBA002047
:1088E0001CBA0020F0B9002038B501FB00F528467D
:1088F000FFF7FEFE044618B12A4600212CF068FA64
:10890000204638BD70B50446002800F0A4802CF045
:1089100013FA0546FEF73AFF48B14F494F48FFF7B3
:1089200007FD40F2AE224C494D48FFF7C9FD2846ED
:108930002CF0BAFAA30705D04FF42C7246494948E7
:10894000FFF7BEFD484E33689C4203D3474B1B687C
:108950009C4205D340F2B1223F494548FFF7B0FDA4
:10896000444B1B680BB12046984733689C4272D336
:108970003E4B1B689C426ED24FF0FF313E48FEF7E3
:108980000FFC34F80E3CA4F1100523B134F8103C70
:10899000B3F5F55F1ED03948FFF7CAFC34F8103C38
:1089A000294634F80E2C3648FFF7C2FC34F80E3C4A
:1089B0002BB94FF4347228493248FFF781FD34F85F
:1089C000103CB3F5F55F05D040F2D12222492E4884
:1089D000FFF776FD326854F80C3CD35AB3F5F55FD7
:1089E00005D040F2D3221C492848FFF769FD002337
:1089F00024F80E3C4FF4F55324F8103C244B254941
:108A00001A68954238BF1D600B6832689D4208D1D4
:108A1000002602E001269B6813445888B8B106B1CD
:108A20000B601D4954F80C0C0B68AA1A1B1A13444E
:108A30001A4A0B60136854F8041C28465B1A13602A
:108A4000FFF7A8FDBDE870400B48FEF761BC9342FC
:108A5000E0D10860E5E770BDBCBC0512E652051226
:108A6000E4520512CE57051224BA002020BA002085
:108A7000FF57051228BA0020F8B900205B580512EC
:108A800076580512A6580512B0580512C958051295
:108A90001CBA002018BA0020F0B90020E8B9002064
:108AA0002DE9F04105460C462CF046F90646FEF746
:108AB0006DFE48B140494148FFF73AFC4FF4077258
:108AC0003D493F48FFF7FCFC30463E4E2CF0ECF9A8
:108AD0000334336824F00304A34203D334B9284693
:108AE000FFF710FF00263046BDE8F08125B920468B
:108AF000BDE8F041FFF7FCBD4FF0FF313248FEF713
:108B00004FFB324B1B68AB4203D8314A1268AA4272
:108B100004D82D48FEF7FCFB2E46E4E755F80C1C64
:108B2000A5F11007FF1A1039A1EB07084445F0D052
:108B300004F11C0242452BD2DFF89CC0E219DCF89C
:108B40000000511A0844CCF80000DFF890C0103241
:108B5000DCF8000008444FF4F551995055F80C1C0E
:108B6000CCF800009818C0E9011745F80C2C45F81E
:108B7000044C3168446810318C421CBF1B199A6048
:108B8000144B1A68824288BF1860FFF703FDC0E7E4
:108B90000D48FEF7BDFB2046FFF7AAFD064600285C
:108BA000A1D044452246294628BF4246FEF7CAFFC7
:108BB0002846FFF7A7FE96E7CFBC0512E65205123E
:108BC000E4520512F4B90020F8B9002024BA0020BC
:108BD00020BA00201CBA0020F0B90020E8B900201B
:108BE0000023024605480178914205D00133092B44
:108BF00000F11000F7D10020704700BF548E002014
:108C00002DE9F843044608460E469146FFF7E8FF73
:108C1000054628B940F20F121A491B48FFF750FCCD
:108C20002F4600F019FA57F8048F47451CD166F01B
:108C30007F0600F01FFA0822494620462672FEF7FA
:108C4000F3FF124B1B680BB1204698472CF074F8C9
:108C50006A6804F10C0353606A68E2606B60276124
:108C6000BDE8F8432CF020B9A8F10C039C4205D1D3
:108C700040F21D1203490648FFF722FCD8F8008095
:108C8000D3E700BF95BD05128552051240BA0020FA
:108C90000859051210B5044628B940F249120D4989
:108CA0000D48FFF70DFC0D4B1B680BB12046984794
:108CB000002323722CF040F8D4E903124A60E168E3
:108CC00004F10C031160C4E90333BDE810402CF03B
:108CD000EBB800BF84BD0512165905123CBA00203E
:108CE000F8B506460F462CF027F80446FEF74EFD71
:108CF00048B11E491E48FFF71BFB4FF4B6721B49D3
:108D00001C48FFF7DDFB20462CF0CEF83046FFF77D
:108D100067FF044628B94FF4B87214491648FFF7A4
:108D2000CFFBE068FFF7E4FC0546E8B10021E2680C
:108D30002CF04EF8002308226B72394628462E721A
:108D4000FEF772FF0D4B1B680BB1284698472BF0BE
:108D5000F3FF626805F10C0353606268EA6044F84F
:108D6000043F2C612CF0A0F82846F8BD71BD051217
:108D7000E6520512E45205128552051240BA00204F
:108D800010B5044628B94FF4D57213491348FFF7BC
:108D900097FB94F90830002B05DA40F2AB120E492C
:108DA0000F48FFF78DFB0F4B1B680BB12046984710
:108DB000002323722BF0C0FFD4E903124A60E1685C
:108DC00004F10C031160C4E903332CF06DF8204664
:108DD000BDE81040FFF796BD60BD0512165905129B
:108DE000285905123CBA002010B5044628B94FF4A2
:108DF000E67204490448FFF763FB94F90800C00FCA
:108E000010BD00BF46BD05121659051210B5044627
:108E100028B940F2DF1204490448FFF751FB207AD9
:108E200000F07F0010BD00BF33BD051216590512BA
:108E300010B5044620B94B2211491248FFF740FBF8
:108E4000A36A1A78232A06D1E2699A4203D9E16A11
:108E500019448A4209D921460B48FFF769FA03F001
:108E60003FFB2BF069FF48B1FEE720339A4205D85B
:108E70002146BDE810400548FFF75ABA10BD00BFB3
:108E8000D8BD051251590512635905127D590512B5
:108E900000230B4A13800B4A0133202BC2E9002226
:108EA00002F10802F8D11F22074B1A700023074A6B
:108EB0001360074A1360074BC3E90033704700BFD4
:108EC0005CBB00205CBA002054BA002058BA0020D5
:108ED00050BA002048BA002008B5084B1868FFF7C0
:108EE000CBFA074B013853F83000064BA0F11402BF
:108EF0001A600830BDE808402BF0A2BF50BA00202D
:108F00005CBA002058BA0020F8B52BF015FF1A4BB8
:108F10000646B3F9003033BB184B186818B3FFF797
:108F2000ABFA174B013853F83050164BA5F1140724
:108F30001C68BC4217D01F60134B144A1B6810708A
:108F400013B13946204698472046FFF771FF38464F
:108F5000FFF76EFF0E4B05F108011B7804F11C00B2
:108F600033B92BF075FF3046BDE8F8402BF09CBFBD
:108F70002BF016FFF7E700BF5CBB002050BA0020C3
:108F80005CBA002058BA002044BA002054BA00202D
:108F900044B9002010B5044628B940F22312124902
:108FA0001248FFF78DFA2BF0C7FE94F8343094F88E
:108FB000351023F00F0343F0010384F834300C4BD9
:108FC00004F1140203EBC10359680A605968A161F6
:108FD0005A60084A63611168A36B0B431360BDE8D4
:108FE00010402BF061BF00BFBEBD051251590512E4
:108FF0005CBA002050BA002010B5044628B940F2EF
:10900000511211491148FFF75BFA2BF095FED4E994
:1090100005124A60616904F114031160C4E9053363
:1090200094F835200A4B03EBC20153F832308B42DF
:1090300005D1084AA16B136823EA01031360BDE858
:1090400010402BF031BF00BFA4BD051251590512CD
:109050005CBA002050BA002008B52BF06DFE044A1F
:10906000138801331380BDE808402BF01DBF00BFFB
:109070005CBB002008B52BF05FFE0B4A1388013B58
:109080001BB2002B13800ADC002313802BF00CFF93
:10909000064B1B683BB1BDE80840FFF735BFBDE894
:1090A00008402BF001BF08BD5CBB002058BA00206F
:1090B000014B1888704700BF5CBB002010B5044608
:1090C00028B940F2F12217491748FFF7F9F994F847
:1090D000343003F00F03022B05D040F2F222114985
:1090E0001248FFF7EDF92046FFF790FE012805D062
:1090F00040F2F3220B490E48FFF7E2F9D4E90512DA
:109100006FF0010323634A60616904F11403204690
:109110001160C4E90533FFF73DFFBDE81040FFF7DC
:10912000F3BE00BFF2BD051251590512B95905121F
:10913000F359051238B5144B1C682BF0FDFD05469C
:109140002046FFF759FF042304F14C0084F8343023
:1091500000F024FB2046FFF747FE01280BD1E36F08
:109160004BB92046FFF796FD28462BF09DFEBDE843
:109170003840FFF7C9BE054B04F1140219681A60A4
:109180004A606161A361EFE758BA002048BA002045
:10919000014B1868704700BF58BA002010B504464C
:1091A00028B94FF4D2721A491A48FFF789F92046B4
:1091B000FFF72CFE012805D040F2A51214491648ED
:1091C000FFF77EF92046FFF70FFE28B14FF4D37268
:1091D0000F491248FFF774F994F834301B0702D096
:1091E0002046FFF709FF04F14C0000F0D7FA0423F2
:1091F00084F834302BF0A0FD094B04F114021968F7
:109200001A604A606161A3612BF04EFE002010BD20
:1092100049BE051251590512F3590512355A051266
:1092200048BA002038B52BF087FD144B02461B6866
:1092300093F8341001F00F0101291BD1D3E9055433
:10924000A54217D06C605A6903F11401226093F8AB
:109250003540C3E905110A4A02EBC4025468216093
:1092600054689C6151605A612BF01EFEFFF74CFE62
:10927000002038BD10462BF017FEF9E758BA002041
:109280005CBA002038B5044628B940F296221F493E
:109290001F48FFF715F92046FFF7B8FD012805D054
:1092A00040F2972219491B48FFF70AF91A4B9C42D2
:1092B00005D140F29A2215491848FFF701F994F8B0
:1092C000343003F00F03012B1CD12BF035FD054684
:1092D00094F83430204623F00F0343F0020384F85F
:1092E0003430FFF789FE04F14C0000F00DFB2846F6
:1092F0002BF0DAFD0A4B1B680BB9002038BD204665
:109300009847FAE74FF0FF30F8E700BF15BE0512A7
:1093100051590512F3590512C0B80020705A0512B0
:1093200068BB0020F7B501902BF006FD3C4F0446CA
:109330003B684BB93B493C48FEF7FAFF40F2FB1251
:1093400038493A48FFF7BCF82BF0F6FC0546FFF722
:10935000AFFE48B133493648FEF7EAFF40F2FB1250
:1093600030493248FFF7ACF828462BF09DFD2BF032
:10937000E3FC0546FEF70AFA48B12A492D48FEF7F4
:10938000D7FF40F2FB1227492848FFF799F82846F3
:109390002BF08AFD20462BF087FD2BF0CDFC3C689E
:1093A00006462CB940F201221E492348FFF788F8EF
:1093B0002046FFF72BFD012805D040F20222194973
:1093C0001E48FFF77DF804F14C052046FFF75AFFD1
:1093D000002101AA284600F0CDFA284600F014FA30
:1093E00030462BF061FD2BF0A7FC0128054609D182
:1093F0000C491348FEF79CFF40F20E2209490B4826
:10940000FFF75EF828462BF04FFDFFF77DFD236B3D
:109410000020023304BF0023236303B0F0BD00BF6C
:1094200058BA002039BE0512A7530512E45205129E
:10943000DE530512E652051251590512F359051271
:109440000A54051208B5FFF76DFF002008BD08B5E6
:10945000FDF73AFBFFF766FF002008BD38B504466C
:1094600028B94FF431721B491B48FFF729F82046F1
:10947000FFF7CCFC012805D040F2C522154917485A
:10948000FFF71EF894F8343003F00F03022B1DD1C0
:109490002BF052FCD4E9051205464A60616904F1DB
:1094A0001403116004F14C00C4E9053300F02CFAF8
:1094B00028462BF0F9FC2046FFF76CFD084B1B6893
:1094C0000BB9002038BD20469847FAE74FF0FF302F
:1094D000F8E700BF04BE051251590512F3590512F1
:1094E00064BB002010B5044628B94FF48A721649AF
:1094F0001648FEF7E5FF94F834301B0705D040F21C
:10950000151211491248FEF7DBFF2046FFF77EFCDB
:10951000012805D04FF48B720B490E48FEF7D0FF9F
:10952000012394F8362020469340A363022384F855
:10953000352084F83430FFF791FF074B1B680BB1DF
:10954000FFF7E2FC002010BD5ABE0512515905126A
:10955000805A0512F359051258BA0020F8B50D4685
:109560001646044628B940F247221E491E48FEF717
:10957000A7FF2046FFF74AFC012805D04FF41272DE
:1095800018491A48FEF79CFF012D27D0022D02D062
:1095900005B30020F8BD2BF0CFFB94F834500746FC
:1095A00005F00F05012D0ED12046FFF725FD33787C
:1095B00020469D4084F83530A563FFF7EBFC384624
:1095C0002BF072FCE5E701233278934084F83520D4
:1095D000A363F4E72046FFF785FFDAE72046FFF7AD
:1095E000DDFDD6E727BE051251590512F3590512C4
:1095F000F7B504461846089B04F11407C4E908129D
:10960000C4E90A031A462321C4E905779DF82450CA
:109610000A9E2BF0DDFBE26AA16A043A0A44184B69
:10962000D4E9080100F038FCA16AE06100F054FCC4
:109630001F2D04D99C2213491348FEF741FF002334
:10964000C4E91166C4E91F33A363236384F834308B
:1096500084F8365084F835502146CDE900330B4A62
:10966000234604F14C0000F075F8094B1B6823B148
:10967000204603B0BDE8F040184703B0F0BD00BF7E
:10968000359103126CBE0512B75A0512BD90031234
:1096900060BB0020F0B50E4685B00146012017469C
:1096A0001D46FFF71DFB044638B12846FFF720F89A
:1096B000034630B92046FFF763FB0024204605B07F
:1096C000F0BD0B9A314602929DF828202046CDE944
:1096D00000523A46FFF78CFFF0E700002DE9FF410A
:1096E000DDF828800F4615461E46044620B9EC22B8
:1096F00010491148FEF7E4FEB8F1000F04D1ED2245
:109700000C490E48FEF7DCFE3A4620460121FFF7E1
:1097100077FA0D9B204602939DF830303246019334
:109720000B9B294600934346FFF762FF002004B0DD
:10973000BDE8F0817CBE051251590512D95A0512B7
:10974000D0E905124A60416900F114031160C0E9D3
:1097500005337047F8B50F4616461D46044620B936
:10976000DF220C490C48FEF7ABFE3A460A212046A0
:10977000FFF746FA9DF81C30C4E9076523F00103A2
:1097800063720023E362069BA36204F11403C4E93D
:109790000533F8BDC9BE05120B44051238B50446A1
:1097A00020B9F42214491548FEF78AFE2046FFF737
:1097B0002DFB0A2804D0F5220F491148FEF780FE40
:1097C0002046FFF711FB20B9F6220B490D48FEF7A2
:1097D00077FE2BF0B1FA05462046FFF7B1FF637A1A
:1097E000284623F0010363722BF05EFB2046FFF74F
:1097F00051FA002038BD00BFB9BE05120B44051256
:10980000F05A05122C5B0512F8B5044628B94FF43E
:10981000B57233493348FEF753FE2046FFF7F6FA98
:109820000A2805D040F26B122D492F48FEF748FE5A
:109830002BF082FA06462046FFF782FF637A23F078
:1098400001036372294B1B6803B198476FF0004313
:10985000A26A9A4205D34FF4BD7221492448FEF70B
:109860002FFEFDF715F9A36A2249C218637A6FF03B
:10987000004713F0040F204B18BF0B46E2625868F4
:10988000194688421B6805D09D69AA42F8D0AD1AD6
:10989000BD42F5D2194802680132026004F1140297
:1098A0005A600B68304663610A60637AA16143F0D5
:1098B000010363722BF0F8FA637A5B070ED5104B45
:1098C0001B78012B0AD10F4890F8343003F00F03B6
:1098D000022B03D1FFF7C2FDFFF716FB0020F8BDF6
:1098E000AABE05120B440512F05A051234BA002024
:1098F000565B0512FCBB002004BC00206CBB0020A2
:10990000E48E002078BB002038B5044628B94FF417
:10991000F07214491448FEF7D3FD2046FFF776FA9B
:109920000A2805D040F2E1120E491048FEF7C8FDA2
:10993000637ADB0713D50E4B1B680BB120469847A3
:109940002BF0FAF905462046FFF7FAFE637A28461F
:1099500023F0010363722BF0A7FA002038BD4FF00B
:10996000FF30FBE79CBE05120B440512F05A0512AE
:1099700030BA002070B50E461546044628B94FF49B
:10998000017214491448FEF79BFD2046FFF73EFA8A
:109990000A2805D040F205220E491048FEF790FD36
:1099A0002BF0CAF9032E05D8DFE806F008020B10E9
:1099B000A36A2B602BF078FA002070BD2B68A3629D
:1099C000F8E7637A23F002036372F3E7637A43F004
:1099D0000203F9E78BBE05120B440512F05A05127B
:1099E0002DE9F74F6E46CDE90066FDF751F80546C3
:1099F0002BF0A2F98046DFF8A090DFF8A0A0DFF8F6
:109A0000A0B0D9F800404C4507D06FF00042A369E0
:109A1000A4F11407EB1A934205D340462BF044FA05
:109A200003B0BDE8F08FDAF800300BB13846984744
:109A30003846FFF785FE14F80B3C9A075CBF23F00D
:109A4000010304F80B3C009B5C6023606660D4E972
:109A5000023000949847FDF71BF8DBF8003005460C
:109A60000BB138469847009BB342CAD0D4E90023D3
:109A7000536022681A6014F80B3CC4E9004403F0F8
:109A80000302032ABDD123F00103384604F80B3C3E
:109A9000FFF7BAFEB5E700BF04BC002074BB00208E
:109AA00070BB00202DE9F7436E46CDE900662BF030
:109AB00043F90546DFF8B490294FD9F800404C45EA
:109AC00009D0FCF7E5FFA369A4F11408C01A6FF0F0
:109AD0000043984205D328462BF0E6F903B0BDE8D1
:109AE000F083204B1B680BB1404698474046FFF778
:109AF00027FE14F80B3C28469A075CBF23F00103AD
:109B000004F80B3C009B5C602360002366603B70A4
:109B100000942BF0C9F9D4E902309847124B1B6826
:109B20000BB1404698472BF007F901233B70009B8F
:109B30000546B342C1D0D4E90023536022681A60BD
:109B400014F80B3CC4E9004403F00302032AB4D127
:109B500023F00103404604F80B3CFFF755FEACE749
:109B6000E48E002074BB002070BB0020FCBB0020F2
:109B700070B56FF000460F4D2BF0DEF82B68AB424E
:109B80000CBF4FF0FF349C692BF08EF9631C08D199
:109B9000FFF7FEFAFFF776FBFFF7B6F9FFF782FF54
:109BA000EAE7FCF775FF201AB042F7D2FFF74AFC4C
:109BB000F4E700BFFCBB0020014BC3E90033704752
:109BC00004BC00201FB50C4B0A22C3E90033042358
:109BD000CDE902324FF480630193084B084A0093A9
:109BE000084900230848FFF779FD074805B05DF8EC
:109BF00004EBFFF777BC00BFFCBB00200083002014
:109C0000719B0312795B051278BB002010B51C4CC8
:109C10001C48FEF78DFB94F828101B48FEF788FBC4
:109C200094F82830DB0702D51848FEF781FB94F83A
:109C30002830980702D51648FEF77AFB104C94F8A6
:109C40002830190702D51348FEF772FB94F8283024
:109C5000DA0602D51048FEF76BFB094B93F8283063
:109C60001B0608D5BDE810404FF0E0230B48D3F8A1
:109C7000341DFEF75DBB0A48BDE81040FEF758BB37
:109C800000ED00E07F5B0512925B0512A85B0512F8
:109C9000B25B0512BC5B0512C75B0512D05B0512F7
:109CA000F25C051270B504465D4B011DDA6A5D4B2E
:109CB00000F12C051A605C48482210F0A5FE2368CC
:109CC000A16CD806594A4CBF04F14C0304F194032B
:109CD0008905136044BF043313600522544B1A7086
:109CE0004FF0E022534BD2F8281D1960D2F82C1DFA
:109CF0005960D2F8341D9960D2F8381DD960D2F875
:109D0000242D1A614C4B1B68002B4BD14B4804F19E
:109D10009401FEF70DFBA16C4948FEF709FBE16ACF
:109D20004848FEF705FB216B4748FEF701FB616BD6
:109D30004648FEF7FDFAA16B4548FEF7F9FAE168DF
:109D40004448FEF7F5FA21694348FEF7F1FA6169E4
:109D50004248FEF7EDFAA1694148FEF7E9FAE169E8
:109D60004048FEF7E5FA216A3F48FEF7E1FA616AEA
:109D70003E48FEF7DDFAA16A3D48FEF7D9FAE16BED
:109D80003C48FEF7D5FA216C3B48FEF7D1FA616CEE
:109D90003A48FEF7CDFA23685A0708D43848FEF748
:109DA000C7FA0AE0284698470028AFD170BDFFF7F0
:109DB000EFF901463348FEF7BBFA3348FEF7B8FA2D
:109DC000EFF30981EFF308823048FEF7B1FAFEF7AE
:109DD000FFFA2368DB0602D42D48FEF7A9FA002318
:109DE0002C49C1F88430BFF34F8F43F6E074D1F8AB
:109DF0008030C3F3C900C3F34E335B01024603EA6C
:109E0000040646EA8275013AC1F86C52F9D2203B49
:109E100013F1200FF2D1BFF34F8FBFF36F8FC5E760
:109E200000000C500CBC00202CBC002028BC0020E2
:109E300024BC002010BC002074BC0020E05B051294
:109E4000ED5B0512FA5B0512075C0512145C051246
:109E5000215C05122E5C05123B5C0512485C051264
:109E6000555C0512625C05126F5C05127C5C051284
:109E7000895C0512965C0512A35C0512B05C0512A4
:109E8000DA5C0512BD5C0512F45C05120B5D05126F
:109E9000215D051200ED00E0043222F0070270B5EA
:109EA0000446A2F1480005460A4E45F8046BAA4252
:109EB000FBD142F8201C002142E903344FF08073AB
:109EC00042E9071142E9051142E9121142F8043C46
:109ED00070BD00BFEFBEADDE41607047014B186042
:109EE000704700BF74BC00204FF0E02408B5FFF7B6
:109EF000D9FED4F82C3D9B0702D54A48FEF718FA44
:109F0000D4F82C3D5C007FD5474C94F82930002BC9
:109F100038D04648FEF70CFA454894F82910FEF769
:109F200007FA94F82930D80702D54248FEF700FA1C
:109F30003D4C94F82930990702D53F48FEF7F8F9CF
:109F400094F829305A0702D53C48FEF7F1F9364C0F
:109F500094F829301B0702D53948FEF7E9F994F83F
:109F60002930D80602D53748FEF7E2F92E4B93F890
:109F70002930190652D54FF0E0233348D3F8381D65
:109F8000FEF7D6F9284C94F828300BB1FFF73EFEC7
:109F9000638D9BB2002B37D02C48FEF7C9F9618D39
:109FA0002B4889B2FEF7C4F9638DDA0702D5294838
:109FB000FEF7BEF91C4C638D9B0702D52648FEF7C1
:109FC000B7F9638D5C0702D52448FEF7B1F9164C4A
:109FD000638D180702D52248FEF7AAF9638DD906CA
:109FE00002D52048FEF7A4F90F4C638DDA0502D59F
:109FF0001D48FEF79DF9638D9B0502D51B48FEF7B2
:10A0000097F91B48FEF794F94FF0E023D3F82C3D65
:10A01000002B02DA1748FEF78BF9FEE71448FEF72B
:10A0200087F9AFE72F5D051200ED00E0445D0512F2
:10A03000505D0512665D0512715D05126F5D0512BA
:10A04000BD5B0512C85B05127C5D05128C5D0512B7
:10A050009A5D0512B05D0512BC5D0512C65D051264
:10A06000CD5D0512D35D0512DA5D0512E55D0512C1
:10A07000F25C0512F05D051208B5FFF713FEFFF75D
:10A08000C5FDFEE770B5394B04461A78002A45D164
:10A090000122374D01461A7000F14C034822354821
:10A0A0002B6010F0B1FC3448FEF742F9EFF3098160
:10A0B000EFF308823148FEF73BF92F48FEF738F9F5
:10A0C00029682F48FEF734F9616C2E48FEF730F905
:10A0D000A16A2D48FEF72CF9E16A2C48FEF728F911
:10A0E000216B2B48FEF724F9616B2A48FEF720F913
:10A0F000A16B2948FEF71CF9E16B2848FEF718F917
:10A10000216C2748FEF714F91B48FEF711F9FDF7FB
:10A110003DFB20B12348FEF70BF906E0FEE7FFF711
:10A1200037F801462048FEF703F900231F49C1F81C
:10A130008430BFF34F8F43F6E074D1F88030C3F31F
:10A14000C900C3F34E335B01024603EA040646EA44
:10A150008275013AC1F86C52F9D2203B13F1200FFD
:10A16000F2D1BFF34F8FBFF36F8F70BD24BC0020BF
:10A1700028BC00202CBC0020F45C05120B5D0512ED
:10A18000E05B0512ED5B0512FA5B0512075C051238
:10A19000145C0512215C0512965C0512A35C051285
:10A1A000B05C0512185E0512FD5D051200ED00E0C1
:10A1B00070B5FEF751FF2048FEF7BAF81F48FEF7CA
:10A1C000B7F800251E4E3368AB4203DCFEF752FFA2
:10A1D000002070BD736853F82540ECB12369DBB1F2
:10A1E00029461848FEF7A4F86388032B1CD8DFE83B
:10A1F00003F01517021914491448FEF799F8A168DD
:10A200001348FEF795F821881248FEF791F8616827
:10A2100069B11148FEF78CF80135D4E70F49EBE737
:10A220000F49E9E70F49E7E70F491048E5E710480C
:10A23000FEF77EF8F0E700BF2C5E0512485E0512BF
:10A2400088BC0020655E05126A5E05126E5E05120E
:10A25000FB660512975E0512AA680512765E051266
:10A260007B5E0512825E0512875E05128F5E051207
:10A27000F25C051237B51A4D2C682CB11948FEF75F
:10A2800057F8002003B030BD174B20222146174855
:10A29000C3E900442AF0B8FD154B2246154916487B
:10A2A000C3E90044FDF79EF82146FF2213482AF037
:10A2B000ABFD2F23114A02F8013C01F0DDFA2346E1
:10A2C00020460F4A0F49009400F0EAFD28B90E48D5
:10A2D000FEF72EF801232B60D3E70C48F8E700BF08
:10A2E00084BC00209E5E0512D4BC0020B4BC0020BB
:10A2F00088BC0020B15E051290BC0020E68E0020D4
:10A30000B85E0512BE5E0512C35E0512D65E05126A
:10A3100008B54FF0FF310748FDF784F8C31DF8D0AA
:10A3200030B1BDE808406E2203490448FEF7C8B8C2
:10A3300008BD00BF90BC0020F1BE0512E45205121A
:10A340000148FDF745B900BF90BC0020F8B52B4D82
:10A35000FFF7DEFF2B6800241E4668689C422746F4
:10A3600002DBA3422BD108E050F824201AB19268F6
:10A370000AB10134F2E7A3420FD10F2C0DD8261DEC
:10A38000102EA8BF1026B100FEF78AFBB8B100223C
:10A390002B689E4225DCC5E90060A6420FDD6E6891
:10A3A00056F824305BB924210120FEF79DFA46F8C7
:10A3B00024006B6853F824300BB92F683C462B6897
:10A3C000BB4212D10E48FDF7B3FF0E48FDF7B0FFB8
:10A3D0000D48FDF7ADFF6FF00304FFF7B1FFE01C80
:10A3E000F8BD40F823200133D3E701226B6853F80E
:10A3F00027309A604FF6FD521A80EEE788BC0020A5
:10A40000E65E0512EF5E0512F25C0512022838B511
:10A4100001D805F091F8C41E10D40D4D2B68A3424D
:10A420000CDDFFF775FF6B6853F8244024B14FF63D
:10A43000FD5322889A4204D0FFF782FF0024204671
:10A4400038BDA3680133A360FFF77AFFF7E700BFC9
:10A4500088BC002070B5054628B94FF480721049B9
:10A460001048FEF72DF8FFF753FFAC68013CAC60D5
:10A470007CB90D4ED6E90032A3420ADD52F8241011
:10A48000A9420AD12846FEF73DFA0022736843F834
:10A490002420BDE87040FFF753BF0134ECE700BF54
:10A4A000EABE0512285F051288BC002038B50C46AC
:10A4B00010F020FB0546204610F01CFB854207D01B
:10A4C000635D60192F2B02D0844200D0013838BD63
:10A4D0000020FCE7F7B506460D4629B940F27F1289
:10A4E00042494348FDF7ECFF424B002E08BF1E4691
:10A4F0002B782F2B33D0304610F0FCFA0446284638
:10A5000010F0F8FA20440230FEF7F2F8044660B387
:10A51000304610F0EFFA0746284610F0EBFA3918EB
:10A5200033462046344A00950231FDF7CFFE2346DC
:10A53000224619782E2902D15978D1B9013313F85E
:10A54000011B104600293ED02F2902F101022FD114
:10A550000170194613F8010B2F28FAD011E0284694
:10A56000FDF7ADFB04460028E1D10024204603B0EE
:10A57000F0BD2F2907D102331946087801332F285F
:10A58000FAD00B46D5E72E29D9D1997839B9991C3B
:10A59000531E9C420FD92046FEF7B4F9E5E72F2958
:10A5A000CDD103331946087801332F28FAD0EFE7CD
:10A5B00002F8011CC3E7A3421A46E2D013F8010DCA
:10A5C0002F28F8D1DDE7134603F801199C4205D086
:10A5D00012F8013C2F2B08BF02F8011C2378002B36
:10A5E000C4D12F2263702270C0E700BFD7BE05120E
:10A5F000335F0512E58E0020445F051201462DE908
:10A60000F0470020FFF766FF044630B100F008FC79
:10A61000064628B92046FEF775F94FF0FF352AE0C7
:10A62000406803782F2B01D1437873B110F062FAA0
:10A6300004EB00080027FFF76BFE114BD3E9009AEB
:10A64000B94504D1FFF77CFEE4E7A046F2E75AF8EB
:10A6500027309BB11A698AB1586878B1DB68B34278
:10A660000CD1414610F054F8054638B92046FEF7A3
:10A6700049F9FFF765FE2846BDE8F0870137DFE7B7
:10A6800088BC0020F8B517460446002853D00020A7
:10A69000FFF720FF0646002850D000F0C1FB05461A
:10A6A00030B93046FEF72EF96FF001052846F8BDA7
:10A6B000E06083689B6823610023C4E90573C4E9F3
:10A6C0000730638083685B68D9071AD431464068D5
:10A6D000FFF7ECFE80B91B48FDF7F1FA60603046E9
:10A6E000FEF710F923691D686DB96068FEF70AF975
:10A6F00065606FF05705D9E731466868FFF7D6FE09
:10A70000EAE76660EEE72046A847051E05DA6068BE
:10A71000FEF7F8F800236360C8E7636943F08072CE
:10A720006261BA0201D40025C0E7022243F04073FF
:10A7300062806361F7E76FF01505B7E76FF00B050F
:10A74000B4E700BFDF3F051238B5054660B10369C5
:10A750005C6814B1A047041E04DB6868FEF7D2F8F9
:10A7600000236B60204638BD6FF00504FAE710B592
:10A77000044650B10369DB6853B19847002803DAF7
:10A78000636943F08063636110BD6FF01500FBE700
:10A790006FF05700F8E7000010B50146044696B088
:10A7A00000221048FFF76EFF50B121460E4816B048
:10A7B000BDE81040FDF7BCBD0C4801A9FDF7B8FD90
:10A7C0005122002101A82AF01FFB5022054801A9AF
:10A7D000FFF7CDFF0028EFD10248FFF7B5FF16B015
:10A7E00010BD00BFE0BD00204A5F0512475F0512A3
:10A7F00010B440B14488022C05D10369DB693BB138
:10A800005DF8044B18476FF015005DF8044B704776
:10A810006FF05700F9E70000014670B50020FFF720
:10A8200059FE054678B300F0FBFA044610B32846FB
:10A83000FFF7E4FE08B3A268D3690BB35268294658
:10A84000D20714D46068FFF731FEA368DE6940B90F
:10A850000E492046B04704462846FEF753F82046E6
:10A8600070BD29466068FFF721FE0146F1E72046EA
:10A870009847F0E76FF00104EEE76FF00F04EBE7A5
:10A880006FF05704E8E76FF01504E8E7DF3F0512C3
:10A8900010B50446FFF7C0FF002805DA2146BDE8E1
:10A8A00010400248FDF744BD10BD00BF5A5F0512BD
:10A8B00018B103691B691BB118476FF01500704789
:10A8C0006FF057007047000070B506468AB04FF42D
:10A8D00080500D46FDF70CFF044628B920480AB009
:10A8E000BDE87040FDF724BD0022314601A8FFF706
:10A8F000C9FE40B12046FEF705F831461948FDF77C
:10A9000017FD0AB070BD40F2012229461648FFF734
:10A91000B9FE40B12046FDF7F5FF01A8FFF714FF8F
:10A9200029461248EBE74FF48052214601A8FFF771
:10A930001EFF051E0ADD21462A460B48FFF7B8FF19
:10A9400085420146EFD00A48FDF7F2FC01A8FFF767
:10A95000FBFE0548FFF7F8FE2046FDF7D3FFD0E7E2
:10A960006C5F05127B5F0512E0BD00208B5F051256
:10A970009C5F051210B5044638B103699B693BB171
:10A980009847002800DBE06110BD6FF01500FBE781
:10A990006FF05700F8E70000F8B50E4601460020BA
:10A9A000FFF798FD054600284FD000F039FA04461D
:10A9B00080B92748FDF7BCFC29462648FDF7B8FCBE
:10A9C0002548FDF7B5FC2846FDF79CFF6FF0010414
:10A9D0002046F8BD2B782F2B0FD16B786BB944F242
:10A9E000FF130022736000230024C6E90A23348089
:10A9F00034612846FDF786FFEAE729466068FFF7DD
:10AA000055FD0028EBD0A3681F6A77B92846FDF7EB
:10AA100079FF0F48FDF78CFC1048FDF789FC0E48C4
:10AA2000FDF786FC6FF05704D2E75B68DB0705D5BE
:10AA3000324629462046B8470446DAE72946606888
:10AA4000FFF734FD32460146F4E74FF0FF34BFE72D
:10AA5000E65E0512BE5F0512F25C0512EC5F0512A0
:10AA600070B5054696B030B92948FDF728F9044677
:10AA700010B916B070BD04464FF4001221462548A7
:10AA8000FFF700FE00283FD121462348FDF750FC88
:10AA90004FF48272002121482AF0B6F94FF48272F5
:10AAA0001E491C48FFF7A4FE002824DD582200217F
:10AAB00068462AF0A9F920461949FFF70BFD06461A
:10AAC000C8B16946FFF768FF154990B91548FDF709
:10AAD0002FFC019B03F47043B3F5804F07BF12496D
:10AAE000124804991248FDF723FC3046FDF70AFF8F
:10AAF000CEE71048F7E70748FFF726FE002DB8D14C
:10AB00002046FDF7FFFEB4E70B48FDF711FCF5E723
:10AB1000E58E0020E0BD00201A600512DCBC00209C
:10AB2000E0BC0020296005122F6005123560051277
:10AB30003C60051244600512526005122DE9F04197
:10AB4000E2B006460F464FF40012014601A8FFF797
:10AB500099FD20B331463348FDF7EAFB62B0BDE80A
:10AB6000F081384622A9FFF7B5FC054630B92E48DA
:10AB7000FDF7DEFB2046FDF7C5FE34E00DF12808A9
:10AB80005822002140462AF03FF941462046FFF76F
:10AB900003FF014658B3254822A9FDF7C9FB4FF42E
:10ABA0008272002121A82AF02FF94FF4827221A984
:10ABB00001A8FFF71DFE002815DD1D4922A80FF092
:10ABC000A7FD0028EBD01B4922A80FF0A1FD00280B
:10ABD000E5D0304622A9FFF77DFC04460028C0D10D
:10ABE0001148FDF7A5FB01A8FFF7AEFDB6E7D8F8C1
:10ABF000043003F47043B3F5804F0DD1284600F0C4
:10AC0000E3FA29462046FFF799FF2046FDF77AFE32
:10AC10002846FDF777FEC2E729462046FFF754FE97
:10AC2000F3E700BF656005127860051288600512C1
:10AC3000756005121261051270B596B00D46694631
:10AC40000446FFF7A9FE002805DA21463148FDF742
:10AC50006FFB16B070BD019B694603F47043B3F5FA
:10AC6000804F284614BF02260126FFF795FE0028D4
:10AC700007DB019B03F47043B3F5804F13D146F01B
:10AC80000406B30706F0040124D5F1B12F212046B4
:10AC90000EF0E4FC78B1411C2846FFF71BFC05468A
:10ACA00058B91D4804E046F00806092E0DD11B488E
:10ACB000FDF73EFBCDE72146EEE701462046FFF7D4
:10ACC00003FE2846FDF71EFEC3E729462046FFF790
:10ACD000FBFDBEE7A9B12F2120460EF0BFFC70B1ED
:10ACE000411C2846FFF7F6FB05460028D9D0002175
:10ACF00000F06AFA29462046FFF720FFE1E72146E7
:10AD0000EFE7284600F060FA29462046FFF716FFD5
:10AD10009FE700BF9E6005126C5F0512B3600512CD
:10AD20002DE9F0410C4601460020FFF7D3FB064613
:10AD300058B900256FF001043046FDF7E3FD2846C1
:10AD4000FDF7E0FD2046BDE8F08121460020FFF739
:10AD5000C1FB05460028ECD0304600F061F80446FF
:10AD6000284600F05DF8844217D1A3685F6ABFB13E
:10AD70005B68DB0704D52A463146B8470446DBE763
:10AD800031466068FFF792FB294680466068FFF70E
:10AD90008DFB414602462046EFE76FF01104CBE7FA
:10ADA0006FF05704C8E70000F8B506460324FFF724
:10ADB000AFFA0025164F013C02D1D5B12E6014E048
:10ADC0003A4657F8043B1BB9002D08BF1546F2E779
:10ADD000316818680FF09CFC0028ECD16FF010006F
:10ADE000FCF792FE2DB14FF0FF34FFF7A9FA204691
:10ADF000F8BD6FF01B00FCF787FE0648FDF798FAD8
:10AE000031680548FDF794FA0448FDF791FAEAE73E
:10AE1000D4BC0020E65E0512DF600512F25C05126C
:10AE20002DE9F047074620B956221A491A48FDF77E
:10AE300047FB0026FFF76CFAB046184D05F1200AD3
:10AE4000D5F80490B9F1000F19D0AB68BBB14846F2
:10AE50000FF050FEB042044611D302463946484630
:10AE60000EF090FB58B9012C11D938460FF042FE74
:10AE7000A0420CD93B5D2F2B04BF2646A8461035B7
:10AE80005545DDD1FFF75CFA4046BDE8F087264620
:10AE9000A846F4E77CBF051214610512B4BC00207B
:10AEA0002DE9F04F8DB08A4691460646019360B178
:10AEB000FBF7A2FE064640B96FF01200FCF724FE35
:10AEC0004FF0FF300DB0BDE8F08F504DFFF720FA86
:10AED0002C4654F8083B23B1494618680FF018FC7B
:10AEE00050B16B689BB1186849460FF011FC484B94
:10AEF0001D1D002808BF1D46FFF722FAA542DBD022
:10AF00002B680BB1DB6823B96FF05700D6E7414DD2
:10AF1000F2E751460020FFF7DDFA074610B96FF05F
:10AF20001300CBE73C490FF0F3FB98B138463B499F
:10AF30000FF0EEFB70B14FF40012394603A8FFF793
:10AF4000A1FB002803DA3846FDF7DCFCE7E703A89D
:10AF5000FFF7FAFBFFF7DCF94FF0030B0024DFF8F3
:10AF6000D080BBF1010B12D15CBB2D4B984528D191
:10AF70006FF01B00FCF7C8FD2A48FDF7D9F94946D8
:10AF80002948FDF7D5F92948FDF7D2F913E0D8F89B
:10AF900008202AB9002C08BF444608F11008E0E751
:10AFA0005146D8F804000FF0B3FB0028F5D16FF03C
:10AFB0001500FCF7A9FDFFF7C3F93846FDF7A2FC21
:10AFC0007EE72B686760A3602660FFF7B9F966B17A
:10AFD00003212068FBF784FE38B1FFF799F91022AE
:10AFE0000021204629F010FFE5E72B682046DB68AA
:10AFF000169A01999847002805DA002EEDD02068AE
:10B00000FBF7CAFEE9E700205CE700BFD4BC0020E4
:10B01000D8BC0020DCBC0020DF3F0512BE5E05125C
:10B02000D4BC0020E65E051219610512F25C05121F
:10B03000B4BC00202DE9F04104460D4689B96FF0FB
:10B040001200FCF761FD2548FDF772F929462448F6
:10B05000FDF76EF92348FDF76BF94FF0FF30BDE8BF
:10B06000F0810846FBF7C8FD06460028E7D01E4FD2
:10B07000FFF74EF93B68D3B1214618680FF048FB43
:10B080000546A0B9FFF75CF957F825305B690BBBA3
:10B090001248FDF74DF921461448FDF749F91148CA
:10B0A000FDF746F96FF05700FCF72EFDD5E77B68FA
:10B0B00043B1214618680FF02BFB18B9FFF740F990
:10B0C0000125E1E7FFF73CF90448FDF731F9214696
:10B0D0000748BDE73046BDE8F0411847E65E051277
:10B0E0004B610512F25C0512D4BC0020856105128B
:10B0F00065610512FFF79EBF10B50C46FFF790FE85
:10B1000030B183689B691BB12146BDE810401847E8
:10B110004FF0FF3010BD0000F0B50446274B89B05A
:10B1200093E8070008AB03E90700204602A9FFF7F0
:10B13000E3FF044638B12248FDF7FAF84FF0FF3438
:10B14000204609B0F0BD029E049DA6FB05C74FEA4C
:10B150009C2141EA8751BB12B1F5806F73F1000366
:10B1600028DB4FEA1C5343EA07333A15B3F5806FE7
:10B1700072F100024FF00A0011DAC1F30902194618
:10B18000012382FB0020920ACDE9005608A800EBBB
:10B19000830353F80C3C0B48FDF7CAF8D0E7C3F320
:10B1A000090383FB00304FEA9C719A0A41EA870148
:10B1B0000223E9E702460346E6E700BFBCBF0512EB
:10B1C000BA610512CE61051238B50546FFF7BEF823
:10B1D000431C06D16FF00B00FCF796FC4FF0FF30DC
:10B1E00038BDFFF713F929460B4A0446FFF74AFA20
:10B1F000051E204606DAFFF72DF92046FFF72AF94B
:10B200002846E9E7FFF7A0FA2046FFF723F9204692
:10B21000FFF720F90020E3E7000220000EB478B524
:10B220000646FFF793F8051E0ADA6FF00B00FCF7ED
:10B230006BFC4FF0FF352846BDE8784003B07047FF
:10B24000FFF7E4F8044620B938220B490B48FDF714
:10B2500037F931462046059AFFF714FA061E2046B4
:10B2600006DAFFF7F7F82046FFF7F4F83046DEE796
:10B27000FFF7F0F8DFE700BFC8BF05124748051227
:10B2800038B5FFF7C3F8044630B96FF00800FCF793
:10B290003BFC4FF0FF3038BDFFF756FA054620461D
:10B2A000FFF7D8F8002D01DA2846F0E72046FFF72F
:10B2B000D1F80020EFE770B50C461646FFF7A6F868
:10B2C000054638B96FF00800FCF71EFC4FF0FF345C
:10B2D000204670BD21463246FFF749FA041E284633
:10B2E00003DAFFF7B7F82046EEE7FFF7B3F8EFE72A
:10B2F00070B50C461646FFF789F8054638B96FF069
:10B300000800FCF701FC4FF0FF34204670BD2146D9
:10B310003246FFF7CDFA041E284603DAFFF79AF803
:10B320002046EEE7FFF796F8EFE770B50C461646B5
:10B33000FFF76CF8054638B96FF00800FCF7E4FB3E
:10B340004FF0FF34204670BD012E07D0022E0BD0E7
:10B3500036B1FFF77FF86FF01500EFE7C3691C44C3
:10B36000002C03DA2846F4E78369F8E721462846EB
:10B37000FFF700FB061E284603DAFFF76BF830469E
:10B38000DCE7FFF767F8DDE708B5FFF7C9FC002841
:10B3900004DAFCF7B9FB4FF0FF3008BD0020FCE7F2
:10B3A00008B5FFF739FA002804DAFCF7ADFB4FF0D7
:10B3B000FF3008BD0020FCE770B50546FEF7C6FF6C
:10B3C000431C064605D16FF00B00FCF79DFB0025E2
:10B3D00018E0FFF71BF829464FF400120446FFF768
:10B3E00051F9051E17DB4FF40370FDF781F905468F
:10B3F00050B92046FFF7A8F92046FFF72BF8204662
:10B40000FFF728F8284670BD4FF40372002129F099
:10B41000FBFC2E60F3E72046FFF71CF82046FFF701
:10B4200019F82846D1E7F8B504460068FEF7EEFFA4
:10B43000054628B96FF00800FCF766FB0020F8BD50
:10B44000D4F80422261D62B940F2FF123146284684
:10B45000FFF7CEF9071E14DC2846FEF7FBFF38463F
:10B46000EAE7D4F808126318DB880B449A42C4F860
:10B470000832E9DD2846FEF7EDFFD4F80802304433
:10B48000DDE70023C4F80472C4F80832F2E738B5E7
:10B4900004460068FEF7BAFF054628B9BDE8384003
:10B4A0006FF00800FCF730BB0021FFF763FA0028BB
:10B4B000A4BF0023C4E981332846BDE83840FEF725
:10B4C000C9BF70B506460068FEF7A0FF044630B954
:10B4D0006FF00800FCF718FB4FF0FF3070BDFFF76E
:10B4E00033F905462046FEF7B5FF2046FEF7B2FFCA
:10B4F0003046FDF707FA002D01DA2846EAE700207A
:10B50000ECE7000010B5044648B9FEF701FF194901
:10B510001948FCF70DFFFEF713FF00200AE00FF0BB
:10B52000E9FAB0F5807F06D96FF01300FCF7ECFA6A
:10B530004FF0FF3010BD21460020FEF7CBFF044640
:10B540000028F1D0FEF7E4FE2046FFF735FF28B9CA
:10B550002046FDF7D7F9FEF7F3FEE9E7FFF7B1FF65
:10B560004FF48072214603480EF046F82046FDF75E
:10B57000C9F9D0E7E58E0020AA68051238B504465F
:10B580000D46FEF7C5FE2A46034920460EF034F864
:10B59000FEF7D6FE204638BDE58E0020002070471D
:10B5A0000020704770B50D461646044620B9252286
:10B5B00008490948FCF784FF246A24B9292205496F
:10B5C0000648FCF77DFF324629462046BDE870401C
:10B5D000FBF784BC6FC005120D6205121D620512D7
:10B5E000F8B50D461646044620B938220A490B48DC
:10B5F000FCF766FF276A27B93C2207490848FCF791
:10B600005FFF33462A463846E169FBF7F7FBE369FB
:10B610000344E361F8BD00BF5CC005120D62051272
:10B620001D620512F8B50D461646044620B94A2299
:10B630000A490B48FCF744FF276A27B94E220749FD
:10B640000848FCF73DFF33462A463846E169FBF7D8
:10B650000DFCE3690344E361F8BD00BF48C0051277
:10B660000D6205121D62051238B5044620B95C2230
:10B6700010491148FCF724FF6388256A022B0AD180
:10B6800025B963220B490D48FCF71AFF2846FDF740
:10B6900039F9002038BD25B96C2206490848FCF765
:10B6A0000FFF2846FBF778FB08B92062F1E76FF03F
:10B6B0000400EFE734C005120D6205122F62051277
:10B6C0001D62051210B50B7814462F2B0CD14B7848
:10B6D00053B9138044F2FF126260002223610023F9
:10B6E0000020C4E90A2310BD481CFBF785FAC0B14D
:10B6F000002323804FF4DB736360027D5AB1012A7B
:10B700000CD041F2B61348F2B6110F2A18BF0B46FF
:10B7100063600023E1E742F2B613F9E746F2B6139D
:10B72000F6E76FF00100DEE72DE9F04104464068DE
:10B7300003782F2B3AD14378002B37D163699B02D2
:10B7400034D5FDF789FC0920FDF74AFA064620B9F1
:10B750008E2227492748FCF7B3FE37464FF00008F2
:10B7600057F8043F9F420CD108F102008000FCF71B
:10B77000BFFF054648B9FDF77DFC25620020BDE806
:10B78000F0811B6808F10108ECE700F10803036091
:10B790000023A0F80680838072689742EBD0296866
:10B7A000A2F10C00C85012680433F6E70130FBF731
:10B7B00023FA0546C0B1C36B73B1236120621B68D5
:10B7C0002BB1204698470028D8D00630D6D0002389
:10B7D0006FF004002362D2E70321FBF781FA00280F
:10B7E000CBD00630C9D0F2E76FF01200C7E700BF38
:10B7F00021C00512855205122DE9F047066A0C4654
:10B8000015462EB940F2091219491A48FCF758FE9C
:10B810004FF48277BD42B5FBF7F825D300254FF0F2
:10B8200001094FF0080A0434B388F2882B4493428C
:10B8300011D23268204652F82310013504F8049CD6
:10B8400004F803AC24F8027C0822FCF7EDF9A845C3
:10B8500004F58274E8D8B3882B44B3804FF4827324
:10B8600003FB05F0BDE8F0876FF01500FAE700BFB5
:10B870000AC005122F62051208B50248FFF794FAB4
:10B88000002008BD84C0051238B5174B1B6893F81B
:10B89000213013F0020303D1144A1370134838BD4A
:10B8A000134B196821B1802210480DF0A5FEF5E771
:10B8B00000F0A4FFA8B10F490C4C0C480FF006F89B
:10B8C0002046FCF7D4F905462046FCF7D0F9C0F134
:10B8D00080016019FFF752FE204607490DF0B6FDC2
:10B8E000DCE70649E8E700BF8CBE002004BE00206C
:10B8F00088BE002046620512336005124B620512B5
:10B9000010B504460648FCF713FDFFF7BDFF04F52C
:10B9100015720146BDE810400248FCF709BD00BFA2
:10B92000526205125862051238B5084D04462B685C
:10B9300023B9882206490748FCF7C2FD2B6893F813
:10B94000212064F3410283F8212038BD8CBE002001
:10B95000D0C005125D62051237B51B4B1B4A4FF470
:10B960002A711A601A4B1B4A01201A601A4B1B4A93
:10B970001B4D1A601B4B1C4A1A60FCF7B5FF286070
:10B9800030B91A48FCF7D4FC4FF0FF3003B030BD9B
:10B9900014230A221649CDE9003216484FF4805389
:10B9A0000022FDF777FE002304461A461249286854
:10B9B000FBF79CFB0120FFF7B7FF0CB90020E5E780
:10B9C0002046FDF78FFDF9E79CBE0020D84E0612F9
:10B9D00098BE00205C52061294BE00205C520612F3
:10B9E0008CBE002090BE00206C5206126E620512C2
:10B9F000A5BA0312836205128A62051270B5244B40
:10BA000004461B680D4693F82130DB0702D5214818
:10BA1000FCF78EFC2946204603F09EF801F0CEFF8D
:10BA200008BBD4F8980001F08DFF01F0C7FFA8B95A
:10BA300003F062F902F0B6F82138C0B25C281BD8D6
:10BA400002F0B0F8054602F0ADF8064602F0AAF89A
:10BA500032460346E9B21048FCF76AFC2046BDE8CE
:10BA6000704002F0A5B801F0A9FF01F0ADFF01465A
:10BA70000A48FCF75DFCD8E702F094F8054602F0AE
:10BA800091F8294602460648FCF752FCE6E700BF5B
:10BA90008CBE0020F25C05128F620512AA680512A6
:10BAA000A26205122DE9F041B84D286890F82130C6
:10BAB00023F0010380F8213000F5DC7002F064F817
:10BAC000FFF7E2FEFCF734FC0DF0A0F9011EFBDBF2
:10BAD0001B292C6803D1012384F82030F4E794F863
:10BAE0002030012B2AD15B2901D10223F4E7002366
:10BAF00084F820300D2973DC0D2976D801A353F882
:10BB000021F000BFC9BA0312EBBB0312EBBB031257
:10BB1000EBBB0312EBBB0312EBBB0312EBBB031239
:10BB2000EBBB03126DBC031263BC0312F1BC031226
:10BB3000EBBB0312EBBB0312F1BC0312022BD9D1F6
:10BB4000002384F82030A1F14103032BD2D8DFE891
:10BB500003F002083527618C0029B5D0013989B27C
:10BB600006E0A28C638C511E8B4216DA013399B227
:10BB70005022618402FB014104F5157318462631F9
:10BB80000EF042FF0EF0B6FFC0B284F8A40284F8B3
:10BB9000A5022046FFF7B4FE96E7002A94D0DEE720
:10BBA00094F8A532002B8FD07948FCF7C1FB2A68A6
:10BBB00092F8A532013B82F8A53285E794F8A532C8
:10BBC00094F8A4229A427FF67FAF234493F854124C
:10BBD0007048FCF7ADFB2A6892F8A5320133EAE71A
:10BBE0007F2943D0FF293FF46FAF94F8A472CEB2FF
:10BBF0004F2F40F21181002384F8A432234483F8AC
:10BC0000546294F82130DB0740F12D816148FCF744
:10BC10008FFB28E15E48FCF78BFB01362C6894F81B
:10BC2000A532B342F6DC5C48FCF782FB00F0E6FD8F
:10BC300004F515740128204615D100F07BFFFFF7AD
:10BC400023FE224601465548FCF772FB2C6804F59A
:10BC500015700EF04FFFC0B284F8A40284F8A5025C
:10BC600032E70026DAE700F0A3FCE8E794F8A51233
:10BC700000293FF429AF94F8A4324A1E013BDBB2FD
:10BC8000D2B2934284F8A43284F8A52225D902F5D1
:10BC9000157001F515719A1A21442044FBF79CFF99
:10BCA00000212B683E4893F8A4221A4482F85412CB
:10BCB00093F8A51201F515711944FCF739FB2B68AF
:10BCC00093F8A5422B6893F8A432A342FFF6FCAE8A
:10BCD0002F48FCF72DFB0134F4E73248FCF728FB32
:10BCE0002B6893F8A4221344002283F85422EBE635
:10BCF00094F8A4322BB3B4F8248004F51577B8F186
:10BD0000040F51D904F5B3785022394640460DF05E
:10BD10006FFBB0B104F12606304650365022314652
:10BD20000EF072FEB045F7D150220021404629F0B6
:10BD30006BF83946404694F8A4220EF065FE0523C0
:10BD4000A384A38C638400F059FD01282B684DD196
:10BD500093F82130D80702D50F48FCF7E9FA286894
:10BD600090F8A41200F5157000F060FDFFF78CFD4F
:10BD7000FCF7DEFA2C685022002104F5157029F03A
:10BD800043F80023A4F8A4329EE600BF8CBE002036
:10BD9000BB620512AF620512F25C05125862051211
:10BDA000B2620512B9620512B8F1000F0AD0502232
:10BDB00008F1FF3002FB0040394626300DF018FB39
:10BDC0000028BED0502606FB08403246002126300F
:10BDD00029F01AF8A08C394606FB004094F8A422FA
:10BDE00026300EF011FEA38C0133A9E73B2093F817
:10BDF000A422991881F8540232B103F5157103F5A4
:10BE0000DC70FFF7FBFDB1E793F82130D907ADD522
:10BE10002148FCF78DFAA9E794F8A5223B46974202
:10BE20007FF6ECAE02F5157102F255202144BA1AE4
:10BE30002044FBF7D1FE296891F8A532CA1882F890
:10BE4000546291F82120D20705D503F515731348E4
:10BE50001944FCF76DFA2B6893F8A5422B6893F808
:10BE6000A432A34212DC2A6892F8A43292F8A512F6
:10BE70000133DBB201314F2B82F8A43282F8A512D4
:10BE80007FF622AE0023A2F8A4321DE60448FCF798
:10BE90004FFA0134E2E700BFF25C0512475F05127A
:10BEA000BB62051203460246002012689A4200D186
:10BEB00070470130F9E70138013910F8013F1BB133
:10BEC00011F8012F9A42F8D0181E18BF01204042E5
:10BED0007047024630B50139134612F8015B25B1AF
:10BEE00011F8014F0CB1A542F6D0181A30BD000070
:10BEF00008B50248FCF71CFA002008BDBD62051217
:10BF000010B504460248FCF713FA013CFAD110BD03
:10BF1000706C051238B504460568A54200D138BDDD
:10BF20000648A5F11401FCF703FA2B68A34202D0DE
:10BF30000348FCF7FDF92D68EFE700BF475F0512E6
:10BF4000DF3F051208B5FCF71FFA002008BD70B5E9
:10BF50000D46FBF78CFE0446FDF77EF82E68AE42D8
:10BF600008D1FDF787F8082C0DDC002C08BF082449
:10BF7000204670BDA6F10C00FBF779FE8442B8BFE5
:10BF800004463668EBE70824F2E7000070B51D4868
:10BF9000FCF7CEF91C4B1D4E1C683368A34210D829
:10BFA0001B4B1C68DCB91B48FCF7C2F91A4B1B4D34
:10BFB0001C682B68A34218D8194B1C68E4B92046AA
:10BFC00070BD25680222284616490DF0DBFA20B123
:10BFD000294662681448FCF7ABF90C34DDE7616868
:10BFE0001248FCF7A5F92468DCE762680E4854F8AB
:10BFF000101BFCF79DF9DCE761680C48FCF798F929
:10C000002468DBE7CF6205129CBE002098BE0020AA
:10C010003CC10020F962051294BE002090BE0020B1
:10C0200078C00020E1620512E4620512F162051297
:10C03000F0B5092099B0FCF7D3FD58220446184901
:10C04000071D02A80EF0E0FC39461648FFF77FFFF7
:10C0500005460146134A1448FCF76AF92846FFF7DB
:10C060004FFF1248FCF764F9114E6468A74202D1F1
:10C07000002019B0F0BD227AA4F10C03152A8FBF5D
:10C08000324618A901EB820252F8582CA17B0948CC
:10C09000CDE9002108222946FCF74AF92468E5E7A2
:10C0A00038C40512136305121A63051240630512A2
:10C0B0000B6305126263051273B50A20FCF790FD4D
:10C0C000061D044631461848FFF741FF0546014664
:10C0D000154A1648FCF72CF92846FFF711FF1448BB
:10C0E000FCF726F96468A64208D1FAF7D1FC0146AC
:10C0F0001048FCF71DF9002002B070BD236A0E48FD
:10C100000193E369082229460093A4F10C03FCF78C
:10C110000FF914F8033CDB074CBF08480848FCF74C
:10C1200007F92468DFE700BF795B05127563051224
:10C130009B630512E2630512BF630512D763051204
:10C14000D5630512F0B5082085B0FCF749FD061D42
:10C15000044631461948FFF7FAFE05460146174ADC
:10C160001748FCF7E5F82846FFF7CAFE1548FCF724
:10C17000DFF86468A64202D1002005B0F0BDA26AD3
:10C180002169D4E90607A4F10C03CDE90272CDE9D7
:10C1900000106AB1082229460B48FCF7C9F804F1DF
:10C1A0002000FFF7B7FE0948FCF7C2F82468E1E772
:10C1B000082229460648FCF7BBF8F7E7F7630512A3
:10C1C000FF6305122664051248640512F25C05122D
:10C1D000646405122DE9F3410620FCF701FD071DFB
:10C1E000044639461E48FFF7B2FE054601461C4A82
:10C1F0001C48FCF79DF82846FFF782FE1A48FCF71A
:10C2000097F86468A74203D1002002B0BDE8F0812E
:10C21000A36804F108069E423046B4F81880A4F1E1
:10C220000C0111D0FFF73EFE0B4608222946CDE94E
:10C2300000800E48FCF77CF83046FFF76BFE0C4898
:10C24000FCF776F82468DDE7FFF72CFE0B46CDE916
:10C250000080082229460748FCF76AF8F2E700BF89
:10C260008064051289640512A5640512BC64051278
:10C27000F25C0512CD6405122DE9F043052085B06E
:10C28000FCF7AEFC071D044639462148FFF75FFE68
:10C29000054601461E4A1F48FCF74AF82846FFF7A4
:10C2A0002FFE1D48FCF744F86468A74203D1002024
:10C2B00005B0BDE8F083A36804F108069E4230464D
:10C2C000B4F81680B4F81490A4F10C0113D0FFF761
:10C2D000E9FD0B4608222946CDE90190CDF8008002
:10C2E0000E48FCF725F83046FFF714FE0C48FCF723
:10C2F0001FF82468D9E7FFF7D5FD0B46CDE901907B
:10C30000082229460748CDF80080FCF711F8F0E72D
:10C31000DE640512E66405122C6405120765051239
:10C32000F25C05121D650512F0B5032085B0FCF71F
:10C3300057FC061D044631461448FFF708FE054623
:10C3400008270146114A1248FBF7F2FF2846FFF77B
:10C35000D7FD1048FBF7ECFF6468A64202D100202D
:10C3600005B0F0BD04F10800FFF79CFD0390E37CED
:10C37000A4F10C01029363690822CDE90073064819
:10C380000B462946FBF7D4FF2468E6E73365051220
:10C39000396505125D6505127C6505122DE9F341CD
:10C3A0000420FCF71DFC071D044639461D48FFF715
:10C3B000CEFD054601461B4A1B48FBF7B9FF284640
:10C3C000FFF79EFD1948FBF7B3FF6468A74203D14E
:10C3D000002002B0BDE8F081A36804F108069E4287
:10C3E000D4F81080A4F10C0112D03046FFF75AFDAA
:10C3F0000B4608222946CDE900800D48FBF798FF3F
:10C400003046FFF787FD0B48FBF792FF2468DDE716
:10C410000B46082229460848CDF80080FBF788FF24
:10C42000F4E700BF9365051299650512BB65051217
:10C43000D8650512F25C0512ED6505122DE9F34190
:10C440000220FCF7CDFB071D044639461E48FFF7C6
:10C450007EFD054601461C4A1C48FBF769FF28463D
:10C46000FFF74EFD1A48FBF763FF6468A74203D14C
:10C47000002002B0BDE8F081A36804F108069E42E6
:10C480003046B4F81080A4F10C0111D0FFF70AFD7A
:10C490000B4608222946CDE900800E48FBF748FFED
:10C4A0003046FFF737FD0C48FBF742FF2468DDE715
:10C4B000FFF7F8FC0B46CDE9008008222946074823
:10C4C000FBF736FFF2E700BFFF65051209660512AC
:10C4D0002366051238660512F25C051248660512DD
:10C4E000F0B5012085B0FCF77BFB071D04463946FB
:10C4F0002648FFF72CFD06460146244A2448FBF750
:10C5000017FF3046FFF7FCFC2248FBF711FF646879
:10C51000A74202D1002005B0F0BD94F829300822CE
:10C5200000933146A4F10C031B48FBF701FF94F87C
:10C53000283003F00F03042B07D8DFE803F02303B0
:10C54000210625001548FBF7F3FEE269134619782A
:10C550001D46232903F10103F9D0616A236A029180
:10C56000E16B1A4401916421551B4D43B5FBF3F572
:10C57000009521690A48043AFBF7DAFE2468C7E708
:10C580000848E0E70848DEE70848DCE75866051297
:10C590005F660512AC660512F466051200670512A7
:10C5A0002467051209670512126705121B67051239
:10C5B0002DE9F047002580462C462E46674BDFF8D4
:10C5C000C4911F680C37D9F80020A7F10C039A42D8
:10C5D0001DD8634B1F68002F48D1624BDFF8A8912C
:10C5E0001E681036D9F80020A6F110039A4263D8CD
:10C5F0005D4B1E68002E40F08980002D00F0AC805D
:10C60000224629464046BDE8F047FBF70DBB57F8E8
:10C610000CAC56485146FFF74EFC28B351464046F5
:10C62000FFF749FC00BB5EB95148FBF781FE98F863
:10C6300000302BB157F80C5C28460EF05BFA04462C
:10C6400098F80030013657F80CACB6B233B1514609
:10C650002846FFF73EFC8442A8BF0446514657F8DF
:10C66000082C4448FBF764FE0C37ACE74046796879
:10C67000FFF721FCF0B95EB93D48FBF759FE98F889
:10C6800000302BB125B97D6828460EF033FA0446F8
:10C6900098F800300136D7F80490B6B233B1494665
:10C6A0002846FFF716FC8442A8BF04464946324894
:10C6B000FBF73EFE3F688EE7404656F8101CFFF73A
:10C6C000FAFB08BB67B92D48FBF732FE98F800303B
:10C6D00033B12DB956F8105C28460EF00BFA04461B
:10C6E00098F80030013756F810ACBFB233B151465C
:10C6F0002846FFF7EEFB8442A8BF0446514656F891
:10C700000C2C1C48FBF714FE10366BE74046716892
:10C71000FFF7D1FBF0B95FB91848FBF709FE98F8AD
:10C7200000302BB125B9756828460EF0E3F90446B0
:10C7300098F800300137D6F80490BFB233B14946BB
:10C740002846FFF7C6FB8442A8BF044649460C486A
:10C75000FBF7EEFD36684DE7BDE8F0879CBE002094
:10C760003CC1002094BE002078C00020E162051288
:10C7700053670512E4620512F16205126067051243
:10C780006D67051298BE002090BE00200020014B6E
:10C7900018607047E88F00200122024B00201A60C9
:10C7A000704700BFE88F002070B50E48FBF7C0FD52
:10C7B0000D4B0E4E1C683368A34204D80C48FBF79F
:10C7C000B7FD002070BD25680622284609490CF0F7
:10C7D000D9FE20B962680848A91DFBF7A9FD0C34F1
:10C7E000E9E700BF806805129CBE002098BE0020CB
:10C7F000F25C05129B680512A2680512014B1868CD
:10C80000704700BFE88F002010B50446FBF772FDAB
:10C810002046BDE81040022102F046BE012808B5BE
:10C8200002DD4868FFF7F0FF002008BD02462DE951
:10C83000F0478AB013789146202B164602F1010288
:10C84000F8D0092BF6D00844B0EB090535D100200B
:10C850000AB0BDE8F087013719F80730202B2ED039
:10C86000092B2CD0BD42F6D14F4BD3F800804F4B53
:10C87000D3F800A0D04524D2D8F8004006222046A4
:10C880004B490CF07FFE80BB3A464946A01D0CF098
:10C8900079FE50BB3C44A4793CBBD8F8087087B102
:10C8A00028222146684628F0AFFAE8466A464B46F9
:10C8B00021462046A6461C461DE00027CCE7002F57
:10C8C000D2D12946484600F03FFB0028BFD032466F
:10C8D0001378013613F0DF03F9D136484946137057
:10C8E000FBF726FD4FF0FF30B2E708F10C08C1E777
:10C8F00004F801EC0131234614F801CBBCF1200F00
:10C9000002D0BCF1090F04D18D42F1D80A2802D01F
:10C9100023E00A2812D12848FBF70AFD002458F822
:10C92000041B26480134FBF703FD0A2CF7D12448E9
:10C93000FBF7FEFC20466946B84789E78D420CD9D3
:10C94000BCF1220F00F101001ED10133013113604F
:10C950001C78222C0ED08D4202D80028EBD1B0E7F3
:10C960005C2C04D15C78222C04BF013301310133EB
:10C970000131EDE78D42F0D901318D4203F801EB31
:10C9800002F1040297D8E8E713601C78202C06D047
:10C99000092C04D08D42E0D001330131F5E78D42FE
:10C9A000DBD9043287E700BF9CBE002098BE002080
:10C9B0009B680512D0680512AE680512CC68051296
:10C9C000F25C05122DE9F8430746002800F0AB8021
:10C9D0004FF48070FBF78CFE0446002800F0A38023
:10C9E0003B782F2B17D04FF48071FEF7C7FD204600
:10C9F000FBF73DF9204410F8013C2F2B03D02046D3
:10CA00004A490CF023FD3B46002513F8012B2F2A41
:10CA100004D11D46F9E700230370F4E7002AF4D19E
:10CA2000002D08BF3D4623461A4613F8011B002976
:10CA3000FAD1B846531EA8450DD10026A8EB07032E
:10CA400020469E54FEF7B8FC814648B92046BDE812
:10CA5000F843FBF757BF18F8011B03F8011FEAE77B
:10CA600098F800304BB94846FEF7DDFC002856D058
:10CA7000011D2F48FBF75CFCF5E74846FEF7D3FCA9
:10CA800030B300F104082846FBF7F1F841460246AE
:10CA900028460CF077FD0028EFD13EB94046FBF761
:10CAA000E6F84146064620460DF010FF424604F1E6
:10CAB000FF3C134612F8010B20B11CF8011F09B10D
:10CAC0008842F6D0A3EB08039E4228BF1E46D4E757
:10CAD0002EB32046FBF7CBF8864217D24846FEF726
:10CAE000D6FC4846FEF79FFC80B100F104082846BA
:10CAF000FBF7BDF84146024628460CF043FD0028EE
:10CB0000EFD141460A48FBF713FCEAE728463246D4
:10CB100021460DF079FF0023ED1B37447B55484635
:10CB2000FEF7CFFC92E7BDE8F88300BFDF3F0512B8
:10CB3000AA6805122DE9F0470178044621B9BDE83D
:10CB4000F0470846FFF730BEFBF791F82318A342E1
:10CB5000184606D00278013B202AF8D10130FFF7B1
:10CB600031FF00263546224BDFF890A0D3F8008035
:10CB7000DAF80030434507D8BEB32A46314620468E
:10CB8000BDE8F047FBF750B8D8F8007006223846E9
:10CB900018490CF0F7FCF0B920460DF0ABFF07F197
:10CBA00006090246494620460CF0ECFC98B925B926
:10CBB00048460DF09FFF4E46054632460537134660
:10CBC00012F8010B50B99B1B9D4249460A48A8BF69
:10CBD0001D46FBF7ADFB08F10C08C9E717F8011F6C
:10CBE0000029F0D08842EAD0EDE7BDE8F08700BF29
:10CBF0009CBE00209B680512AA68051298BE002002
:10CC00000020704708B501280CBF03484868FDF7AD
:10CC100027FF002008BD00BFE58E002008B50349AE
:10CC20000348FBF785FB002008BD00BFE58E002010
:10CC3000AA680512032873B50C4608D02948FBF7EB
:10CC400077FB2948FBF774FB002002B070BDD1E9E7
:10CC500001122648FBF76CFB00224FF40011A0687C
:10CC6000FEF7DCFA00282EDBFEF70AFB4FF480709B
:10CC7000FBF73EFD054628B91D48FBF759FB6FF051
:10CC80000400E2E766683046FAF7F1FF6268304474
:10CC90009042034603D0197801382F29F8D1009328
:10CCA000FF212846A368134AFBF710FB294660685A
:10CCB000FEF76AFB002DC7D0A368AB42C4D028465C
:10CCC000FBF720FEC0E70022A0681146FEF7A6FA97
:10CCD000002804DBFEF7D4FAA068FEF761FBA56824
:10CCE000E4E700BFE8680512FF680512376905121E
:10CCF0006C5F0512445F0512022810B50C4609D17D
:10CD000049680C48FEF796F9014680B10A48FBF7DE
:10CD10000FFB0CE0042807D1084960680DF0F8FC0F
:10CD200028B9D4E90201EDE70548FBF701FB002033
:10CD300010BD00BF416905126669051245690512FB
:10CD400048690512032813B50C460CD100230F4A7D
:10CD50000093D1E90101FEF7A3F8014698B10C4810
:10CD6000FBF7E6FA0FE005280AD10A4960680DF0E2
:10CD7000CFFC034638B90090A268D4E90301EAE782
:10CD80000548FBF7D5FA002002B010BD4169051235
:10CD9000A3690512456905127E69051208B5FFF7FA
:10CDA0009FFB002008BD08B5FBF7BEFB002008BDB7
:10CDB000032808B507D00648FBF7BAFA0548FBF781
:10CDC000B7FA002008BDD1E90101FDF735FFF8E70A
:10CDD000BE690512D5690512012870B504460E46D4
:10CDE0000FD10948FBF7A4FA0848FBF7A1FA002085
:10CDF00070BD56F82500FEF7D3FA0135A542F8DBE1
:10CE0000F5E70125FAE700BFEB690512FE69051297
:10CE1000012870B504460E460FD10948FBF788FA81
:10CE20000848FBF785FA002070BD56F82500FDF78D
:10CE3000B3FC0135A542F8DBF5E70125FAE700BFB1
:10CE40001C6A0512326A0512012810B50C4605D17C
:10CE500007490848FBF76CFA002010BD0228FBD1F7
:10CE60004868FEF74FFB0028F6D061680248F1E7FA
:10CE7000E58E0020AA680512476A0512012808B548
:10CE80000B4607D10648FBF753FA0648FBF750FA62
:10CE9000002008BD00215868FEF796F9F8E700BFAA
:10CEA0005E6A05127F6A0512022810B503D00B488E
:10CEB000FEF732F90DE04C68094920460DF028FCD8
:10CEC00020B1204607490DF023FC20B90648FBF7A6
:10CED0002FFA002010BD2046EAE700BFDF3F051211
:10CEE000B46A0512BB6A0512BE6A0512022838B57B
:10CEF0000C4604D149681148FBF71AFA15E00328DB
:10CF000018D1002240F20A21A068FEF787F9051E19
:10CF10000DDB646820460DF0EDFD214602462846F3
:10CF2000FEF7E6F92846FEF7ABF9002038BDA16808
:10CF30000348E1E70348FBF7FBF9F6E7AA680512A7
:10CF4000C96A0512DF6A05122DE9FF41074600296B
:10CF500000F082800026BB5D202B03D0092B01D07E
:10CF60008E4268DB06F12000FBF7C2FB0546002875
:10CF700077D0394632460DF047FD002328463E491A
:10CF8000AB550CF0E9FC28B928463C490CF0E4FC10
:10CF9000002852D0002228461146FEF73FF9041E11
:10CFA0000DDA3346364A06F11F0128460097FBF793
:10CFB0008DF9002228461146FEF730F9044628462E
:10CFC000FBF7A0FC002C47DB8020FBF791FB4FF028
:10CFD00000080646012220460DF10F01FEF76BF90D
:10CFE0000128054640D19DF80F300A2BF2D00D2BB9
:10CFF000F0D0374607F8013B012220460DF10F0122
:10D00000FEF759F9012821D19DF80F300A2B01D0E4
:10D010000D2B15D187F80080334671191A78202A14
:10D0200001D0092A15D101338B42F7D12946304668
:10D03000FFF7FCFBCEE701368DE74FF0FF34BEE78C
:10D040000135802D07F8013BD6D1E5E700233B7081
:10D05000E2E7232ABED0E9E74FF0FF3004B0BDE895
:10D06000F0816FF00400F9E72046FEF709F9304639
:10D07000FBF748FC0020F1E7006B0512046B05127A
:10D08000086B051238B50D460446D8B123780069FF
:10D09000133B072B1AD8DFE803F00419040419190D
:10D0A00016040821FFF7EEFF0021E068FFF7EAFF12
:10D0B000A378042B18BF1D43236918BFA5703BB18B
:10D0C0005B78637038BD09B10021EBE72946E9E7D9
:10D0D0002378012B22D1A378DA0718D5A368002B77
:10D0E000F0D05B7C013B0D2B0CD8DFE803F0071E72
:10D0F00019191E09091E1E1E1E1E1E1E0023E0E712
:10D100000223DEE70320BDE8384000F051BC9B0756
:10D11000D8D5A368002BD5D01B7AE3E7022B01D129
:10D120000123CEE7033B032BCCD80323C9E7000040
:10D130002DE9F0410446206908B1FFF7F9FF237893
:10D14000013B1A2B00F2F983DFE813F01B00A30068
:10D15000AD00AD00AD00AD00C000D300E700FA00A7
:10D160000D012001360149015D017101850199011F
:10D17000AE01F703DF015002B2024D03DF03CD0021
:10D18000D403A1784F071AD52421874B1A68117050
:10D190001A68511C1960A16889685170A2681968E1
:10D1A0009268120A4A70A1681A6849899170A16848
:10D1B0001A68C97AD1701A6804321A6093E08E072F
:10D1C000A36836D5002B00F08E801A7A033A0B2A1A
:10D1D00000F28980DFE802F00606272121272727B1
:10D1E00027272727704A0D07106801D5242100E062
:10D1F000252101701168D868013111600870D96863
:10D200001068090A41701168D88988701168DB7B41
:10D21000CB7013680433136065E0634A0907106834
:10D22000E4D42621E5E7604A0F071068DED4272101
:10D23000DFE7002B57D05A7C033A0B2A53D8DFE89C
:10D2400002F00606221C1C22222222222222564AF8
:10D250000E07106801D5242100E025210170116816
:10D260001433013111600B701168180A487011688D
:10D27000180C887011681B0ECAE74B4A0D0710681E
:10D28000E9D42621EAE7484A09071068E3D42721B0
:10D29000E4E72221444B1A6811701A68511C196086
:10D2A00021795170FAE024213F4B1A6811701A68F5
:10D2B000511C19606168517062681968120A4A70DD
:10D2C0001A68E18891701A68E17973E76378012B35
:10D2D00005D1354A11680B70136801339BE7022BA7
:10D2E000F7D0032BF5D0E468002C7FF424AFBDE821
:10D2F000F0816378012B04D104212B4B1A68117043
:10D30000CCE0022B03D1284B05211A68F7E7032B49
:10D31000E9D1254B06211A68F1E76378012B03D187
:10D32000214B0D211A68EAE7022B03D11E4B0E2177
:10D330001A68E4E7032BD6D11B4B0F211A68DEE7EE
:10D340006378012B03D1184B07211A68D7E7022B0A
:10D3500003D1154B08211A68D1E7032BC3D1124B17
:10D3600009211A68CBE76378012B03D10E4B0A2100
:10D370001A68C4E7022B03D10B4B0B211A68BEE7D6
:10D38000032BB0D1084B0C211A68B8E76378012B46
:10D3900003D1054B10211A68B1E7022B06D1024BCD
:10D3A00011211A68ABE700BFA4BE0020032B9AD15D
:10D3B000A34B12211A68A2E76378012B03D1A04B7B
:10D3C00013211A689BE7022B03D19D4B14211A6885
:10D3D00095E7032B87D19A4B15211A688FE763785D
:10D3E000012B03D1964B16211A6888E7022B03D133
:10D3F000934B17211A6882E7032B7FF474AF904B8D
:10D4000018211A687BE76378012B03D18C4B192113
:10D410001A6874E7022B03D1894B1A211A686EE748
:10D42000032B7FF460AF864B1B211A6867E7637894
:10D43000012B03D1824B1C211A6860E7022B03D118
:10D440007F4B1D211A685AE7032B7FF44CAF7C4BAE
:10D450001E211A6853E76378012B03D1784B1F21F3
:10D460001A684CE7022B03D1754B20211A6846E756
:10D47000032B7FF438AF724B21211A683FE72369F1
:10D48000002B3FF430AF0022DB6853B92C206C4BEB
:10D49000196808701968481C18604A701A680132C7
:10D4A0008BE6DB680132F0E723691A78012A13D191
:10D4B0005B78022B17D0032B1ED0012B08D128211B
:10D4C0005F4B1A6811701A68511C19602D21E8E62B
:10D4D000032000F06DFA06E7192A7FF404AF5B78A9
:10D4E00003F00F03E5E72921554B1A6811701A68FC
:10D4F000511C19602E21D4E62A21514B1A68117053
:10D500001A68511C19602F21CBE62369002B3FF4C8
:10D51000EAAE187801287FF4E6AE61789B680229AC
:10D5200022D0032940D001297FF4DDAE2525444ACD
:10D530001433106805701068451C1560437010683E
:10D540001D0A457010681D0C857010681B0EC37095
:10D55000222013681871597199712821D9712F21CE
:10D56000093303F8011C56E62626354A143315689C
:10D570002E7015686E1C16606B7015681E0A6E7032
:10D5800015681E0CAE7015681B0EEB701368232512
:10D59000587100201D719871D971292119722F219C
:10D5A0000A3303F8011C36E62726254A143315688A
:10D5B0002E7015686E1C16606B7015681E0A6E70F2
:10D5C00015681E0CAE7015681B0EEB7013682425D1
:10D5D000587100201D719871D871187259722A21E2
:10D5E00099722F210C3303F8011C14E62369002BD8
:10D5F0003FF479AE187801287FF475AE61789B68A6
:10D6000002291FD0032937D001297FF46CAE2525CC
:10D610000B4A1433106805701068451C1560437080
:10D6200010681D0A457010681D0C857010681B0E6F
:10D63000C370222013685971187104218CE700BF50
:10D64000A4BE00202625BE4A143311680D7011684F
:10D650004D1C15604B7011681D0A4D7011681D0C32
:10D660008D7011681B0ECB70232113681971002176
:10D670005871997105218FE72725B14A1433116834
:10D680000D7011684D1C15604B7011681D0A4D70AE
:10D6900011681D0C8D7011681B0ECB70242113684E
:10D6A0001971002158719971D9711972062195E784
:10D6B0002369002B3FF417AE1D78012D7FF413AEC4
:10D6C00060789B6802282FD003285BD001287FF464
:10D6D0000AAE24259A4914330A685FFA83FC157050
:10D6E0000A68C3F30726551C0D6082F801C00A685A
:10D6F000C3F3074556700A6895700F681A0EFA70E2
:10D700000B6825271A7222221F7183F805C09E71AB
:10D71000DD715A729872D87228221A732B220E3336
:10D7200003F8012C0B60DEE52426854914330A68D2
:10D730005FFA83FE16700A68C3F3072C561C0E604E
:10D7400082F801E00A68C3F3074682F801C00A685C
:10D7500096700F681A0EFA700B6826271A72232229
:10D760005A7200221F7183F805E083F806C0DE714B
:10D770009D72DA72187329225A732B220F3303F821
:10D78000012CCFE724266E4914330A685FFA83F828
:10D7900016700A68C3F3072E571C0F6082F80180C9
:10D7A0000A68C3F3074C82F801E00A6882F802C0F5
:10D7B0000F681A0EFA700B6827271A7200221F7161
:10D7C00083F8058083F806E083F807C05E729D72D7
:10D7D000DA721A735A7398732A22DA732B2211336E
:10D7E00003F8012C9EE72369002B3FF47CAD1D78E4
:10D7F000012D7FF478AD60789B68022829D003283A
:10D800004ED001287FF46FAD24254D4914330A68AA
:10D810005FFA83FC15700A68C3F30726551C0D6078
:10D8200082F801C00A68C3F3074556700A6895700C
:10D830000F681A0EFA700B6825271A7222225A7284
:10D8400004221F7183F805C09E71DD719872DA722F
:10D8500062E724203A4914330A685FFA83FC1070A7
:10D860000A68C3F30726501C086082F801C00A68E2
:10D87000C3F3074056700A6890700F681A0EFA706A
:10D880000B6826271A7223225A720022DA720522A6
:10D890001F7183F805C09E71D8719D721A736AE773
:10D8A0002420274914330A685FFA83FE10700A683F
:10D8B000C3F3072C561C0E6082F801E00A68C3F31C
:10D8C000074682F801C00A6896700F681A0EFA704F
:10D8D0000B6827271A720022DA721A735A7306220B
:10D8E0001F7183F805E083F806C0DE7158729D72DF
:10D8F0009A7371E70022124B19680A7019684A700E
:10D9000019688A701968CA7055E4A3781B073FF537
:10D91000EAAC6378022B08D0032B0AD0012B7FF4EA
:10D92000E2AC074B2D211A68E9E4054B2E211A6859
:10D93000E5E4034B2F211A68E1E40820C9E500BFA4
:10D94000A4BE00202DE9F04100210446FFF79AFB18
:10D95000104B80220021184627F056FA00270E4A65
:10D960000E490F4D17600A6028607CB14FF02B08FC
:10D97000E6682046E760FFF7DBFB3EB12B683446E4
:10D9800083F800802B6801332B60F1E70020BDE8AD
:10D99000F08100BF48C10020C8C10020A8BE0020FF
:10D9A000A4BE00200020014B18707047ACBE0020C0
:10D9B000014B187000207047ACBE0020014B187856
:10D9C000704700BFACBE0020014B53F820007047E9
:10D9D0005CC7051203680BB9016070478B4202D91E
:10D9E0004B60F9E723B11A465B688B42FAD94B606A
:10D9F0005160704708B57C220021074827F004FADF
:10DA00000549064B0A1F1A607823002041F8043CA0
:10DA1000034B186008BD00BFBCBE0020B4BE002090
:10DA2000B0BE002038B5274AA0F1080113680446AB
:10DA300099421DD150F8043C1360002340F8043C87
:10DA40002148FFF7C7FF026854F8045C91421CD1DB
:10DA50008DB354F8083CE21895422CD12A6808335B
:10DA6000134444F8083C6B6844F8043C23E0134634
:10DA7000002BE5D05A689142F9D154F8042C5A6031
:10DA8000DEE75368994203D01A46002AF9D1DFE74E
:10DA9000106800F1080313449942D9D154F8083CA6
:10DAA00055B1E1188D4207D1296810330B44034466
:10DAB00013606B68536038BD08330344136054F837
:10DAC000043CF7E7B0BE0020B4BE002070B52B4E7A
:10DAD000C51C25F00305346805F108031CB3226852
:10DAE0009A421ED96FF0070320685B1B05F10801FD
:10DAF0000344635063686218256053603368626052
:10DB00009C4234D132600026214666601C480834AD
:10DB1000FFF760FF2A463146204627F075F9204678
:10DB200070BD6468DAE7164B186848B9346805F1C7
:10DB30000803002CF3D022689A42D3D26468F8E735
:10DB40000023104A00F10801547C14B154698C423E
:10DB500004D00133082B02F11802F5D1082B4468D8
:10DB600002D10830FFF75EFF2046DEE70B46002BB0
:10DB7000C9D059688C42F9D15A60C4E7B4BE0020BC
:10DB8000B0BE00207CC0002008B501F031F800F0E4
:10DB900019F801F035F8FFF705FFFFF72BFF00201C
:10DBA00008BD0000014B1868704700BFC8C10020C5
:10DBB00008B501F01DF800F005F8FFF7F3FE0020AE
:10DBC00008BD000008B54FF4A0720021024827F0FC
:10DBD0001BF9002008BD00BF38BF002070B500232E
:10DBE00004461425064905FB03F28E5C501826B145
:10DBF0000133102BF7D1002070BD8C54FCE700BF1F
:10DC000038BF002038B5054601F036F8044670B933
:10DC1000284601F049F8044680B9284601F08AF800
:10DC2000044668B90D20FFF7C3FE002038BD01256A
:10DC30000120FFF7D3FF28B90620F4E70225F7E714
:10DC40000425F5E784608570F0E738B505460220C5
:10DC5000FFF7C4FF044620B90620FFF7A9FE2046BF
:10DC600038BD0571FBE738B505460320FFF7B6FF61
:10DC7000044620B90620FFF79BFE204638BD4560CC
:10DC8000FBE738B505460420FFF7A8FF044620B996
:10DC90000620FFF78DFE204638BD4560FBE770B5D6
:10DCA00005460520FFF79AFF044620B90620FFF736
:10DCB0007FFE204670BD28460CF01CFF0130FFF7A8
:10DCC00005FF0646606028460CF014FF2946024610
:10DCD00030460BF091FC28460CF00CFF00226368E4
:10DCE0001A54E6E738B505460620FFF777FF0446E5
:10DCF00020B90620FFF75CFE204638BD4560FBE7F3
:10DD000070470000064B1A6812F8081C12F8040C41
:10DD1000014402F8081C1A68043A1A60704700BFF0
:10DD200044C10020064B1A6832F8081C32F8040C73
:10DD3000014422F8081C1A68043A1A60704700BFB0
:10DD400044C10020054B1A6852E90210014442F810
:10DD5000081C1A68043A1A60704700BF44C10020CA
:10DD6000064B1A6812F8081C12F8040C091A02F87B
:10DD7000081C1A68043A1A60704700BF44C10020AA
:10DD8000064B1A6832F8081C32F8040C091A22F8FB
:10DD9000081C1A68043A1A60704700BF44C100208A
:10DDA000054B1A6852E90210091A42F8081C1A6851
:10DDB000043A1A60704700BF44C10020064B1A683D
:10DDC00012F8081C12F8040CB1FBF0F102F8081C60
:10DDD0001A68043A1A60704744C10020064B1A685A
:10DDE00032F9081C32F9040C91FBF0F122F8081CFE
:10DDF0001A68043A1A60704744C10020054B1A683B
:10DE000052E9021091FBF0F142F8081C1A68043A3A
:10DE10001A60704744C1002010B5084A116811F813
:10DE2000083C11F8040CB3FBF0F400FB143301F8C8
:10DE3000083C1368043B136010BD00BF44C10020C0
:10DE400010B5084A116831F9083C31F9040C93FB0C
:10DE5000F0F400FB143321F8083C1368043B136012
:10DE600010BD00BF44C1002010B5074A116851E938
:10DE7000023093FBF0F400FB143341F8083C1368C4
:10DE8000043B136010BD00BF44C10020064B1A685C
:10DE900012F8081C12F8040C11FB00F102F8081C1F
:10DEA0001A68043A1A60704744C10020064B1A6889
:10DEB00032F8081C32F8040C11FB00F122F8081C9F
:10DEC0001A68043A1A60704744C10020054B1A686A
:10DED00052E90210414342F8081C1A68043A1A60D9
:10DEE000704700BF44C10020064B1A6812F8081C96
:10DEF00012F8040C014002F8081C1A68043A1A606F
:10DF0000704700BF44C10020064B1A6832F8081C55
:10DF100032F8040C014022F8081C1A68043A1A600E
:10DF2000704700BF44C10020054B1A6852E9021037
:10DF3000014042F8081C1A68043A1A60704700BF92
:10DF400044C10020064B1A6812F8081C12F8040C91
:10DF5000014302F8081C1A68043A1A60704700BFAF
:10DF600044C10020064B1A6832F8081C32F8040C31
:10DF7000014322F8081C1A68043A1A60704700BF6F
:10DF800044C10020054B1A6852E90210014342F8CF
:10DF9000081C1A68043A1A60704700BF44C1002088
:10DFA000064B1A6812F8081C12F8040C414002F8DB
:10DFB000081C1A68043A1A60704700BF44C1002068
:10DFC000064B1A6832F8081C32F8040C414022F85B
:10DFD000081C1A68043A1A60704700BF44C1002048
:10DFE000054B1A6852E90210414042F8081C1A68B1
:10DFF000043A1A60704700BF44C10020034B1A68FE
:10E0000012F8043CDB4302F8043C704744C1002092
:10E01000034B1A6832F8043CDB4322F8043C704797
:10E0200044C10020034B1A6852F8043CDB4342F819
:10E03000043C704744C10020064B1A6812F8081CC3
:10E0400012F8040C814002F8081C1A68043A1A609D
:10E05000704700BF44C10020064B1A6832F9081C03
:10E0600032F9040C814022F8081C1A68043A1A603C
:10E07000704700BF44C10020054B1A6852E90210E6
:10E08000814042F8081C1A68043A1A60704700BFC1
:10E0900044C10020064B1A6812F8081C12F8040C40
:10E0A000014102F8081C1A68043A1A60704700BF60
:10E0B00044C10020064B1A6832F9081C32F9040CDE
:10E0C000014122F8081C1A68043A1A60704700BF20
:10E0D00044C10020054B1A6852E90210014142F880
:10E0E000081C1A68043A1A60704700BF44C1002037
:10E0F000064B074A186811680078087011680431E7
:10E1000011601A6801321A60704700BF40C10020D8
:10E1100044C10020064B074A18681168008808802F
:10E120001168043111601A6802321A60704700BF2A
:10E1300040C1002044C10020064B074A18681168FE
:10E14000006808601168043111601A6804321A60AE
:10E15000704700BF40C1002044C10020064B074A61
:10E16000186811680068007808701168043111603F
:10E170001A6804321A60704740C1002044C1002070
:10E18000034B1B6853F8042C127803F8042C7047D7
:10E1900044C10020074B084A186811680068B0F9AC
:10E1A000000008801168043111601A6804321A6096
:10E1B000704700BF40C1002044C10020044B1B68D1
:10E1C00053F8042CB2F9002023F8042C704700BF48
:10E1D00044C10020064B074A1868116800680068AF
:10E1E00008601168043111601A6804321A607047BF
:10E1F00040C1002044C10020034B1B6853F8042C8D
:10E20000126843F8042C704744C10020054B1A687B
:10E2100012F8041C52F8082C11701A68043A1A609B
:10E22000704700BF44C10020054B1A6832F9041C36
:10E2300052F8082C11801A68043A1A60704700BF1F
:10E2400044C10020044B1A6852E9022111601A6887
:10E25000043A1A60704700BF44C10020024A1368A4
:10E26000043B1360704700BF44C1002030B5844AAE
:10E27000844C13689DB0591C11601B7822680CA84F
:10E28000043A00EB83012260814252F8045914D110
:10E29000013B0F2B14D8DFE813F01C001E002200F6
:10E2A00027002D0035003F004B00590069007B001E
:10E2B0008F00A500BD00D700F70041F8045DE2E73C
:10E2C0000020A847236818602368043323601DB02A
:10E2D00030BD0C98F5E7DDE90C01A847F2E70C9892
:10E2E000DDE90D12A847EDE7DDE90E23DDE90C01BC
:10E2F000A847E7E7109BDDE90C010093DDE90E2359
:10E30000A847DFE7119BDDE90C010193109B009307
:10E31000DDE90E23A847D5E7129BDDE90C01029346
:10E32000119B0193109B0093DDE90E23A847C9E7D9
:10E33000139BDDE90C010393129B0293119B019344
:10E34000109B0093DDE90E23A847BBE7149BDDE992
:10E350000C010493139B0393129B0293119B019353
:10E36000109B0093DDE90E23A847ABE7159BDDE981
:10E370000C010593149B0493139B0393129B02932C
:10E38000119B0193109B0093DDE90E23A84799E7A9
:10E39000169BDDE90C010693159B0593149B0493D2
:10E3A000139B0393129B0293119B0193109B009369
:10E3B000DDE90E23A84785E7179BDDE90C010793EC
:10E3C000169B0693159B0593149B0493139B039331
:10E3D000129B0293119B0193109B0093DDE90E2386
:10E3E000A8476FE7189BDDE90C010893179B07937B
:10E3F000169B0693159B0593149B0493139B039301
:10E40000129B0293119B0193109B0093DDE90E2355
:10E41000A84757E7199BDDE90C010993189B08935E
:10E42000179B0793169B0693159B0593149B0493C8
:10E43000139B0393129B0293119B0193109B0093D8
:10E44000DDE90E23A8473DE71A9BDDE90C010A939D
:10E45000199B0993189B0893179B0793169B069388
:10E46000159B0593149B0493139B0393129B029398
:10E47000119B0193109B0093DDE90E23A84721E730
:10E4800040C1002044C100201B9BDDE90C010B931F
:10E490001A9B0A93199B0993189B0893179B079340
:10E4A000169B0693159B0593149B0493139B039350
:10E4B000129B0293119B0193109B0093DDE90E23A5
:10E4C000A847FFE670B5061D0546304600F0B8FCCB
:10E4D000A0F11403DBB2042B16D8A0F11503DBB2B4
:10E4E000032B2BD800EB4000A0F13C04E4B23046F3
:10E4F00000F0A6FC052823D1033CE4B20A2C29D85D
:10E50000154B1C5D204670BD19281CD1304600F00B
:10E5100097FCA0F11403DBB2042B08D8A0F115037B
:10E52000DBB2032B0FD800EB40043B3CDEE70123BA
:10E5300002206B71FFF73CFA0024D8E70124D6E7EC
:10E5400001236B71DEE7012303206B71FFF730FAC3
:10E550000024D7E70224D5E75CC8051270B50D4644
:10E560001646FFF73BFB044625B118B10561EE6086
:10E57000204670BD0E20FFF71BFAF9E738B50446B8
:10E5800004300D4600F05CFC1F2804D00120FFF78A
:10E590000FFA01236371284604F114011022BDE82B
:10E5A00038400BF029B800002DE9F047054686B049
:10E5B000061D304600F044FC0128044616D12846CA
:10E5C000FFF780FF0746304600F03AFC022803D0F0
:10E5D0002046FFF7EDF96C712846FFF7E5FF04468A
:10E5E00020B14770204606B0BDE8F08701243046D0
:10E5F0006C7100F025FC05380B284DD801A353F8A9
:10E6000020F000BF7DE60312B3E5031235E60312E6
:10E610004BE6031261E6031299E6031299E6031230
:10E6200099E603128BE6031299E6031299E60312A8
:10E630006FE603122846FFF7B7FF002201461520B8
:10E6400006B0BDE8F047FFF789BF2846FFF7ACFFEB
:10E6500004460020FFF715FB224601460820EFE79D
:10E660002846FFF7A1FF002201461620E8E72846CA
:10E67000FFF79AFF002201460F20E1E72846FFF747
:10E6800093FF002201461920DAE72846FFF78CFFA6
:10E69000002201461A20D3E730466C7100F0D0FB0F
:10E6A0000128074618D0A0F11A03DBB2052B44D885
:10E6B000A0F11B07042F33D8DFE807F02A2E363BE2
:10E6C0000300012328466B7101A9FFF757FF01A83A
:10E6D000FFF798FA04460CE0284600F024F90446B7
:10E6E000304600F0ADFB022803D03846FFF760F952
:10E6F0006F71304600F0A4FB4FF001080746072F6A
:10E7000020D0092F33D0012F27D001236B7169E767
:10E710002869FFF7A8FADDE72869FFF7B2FAD9E719
:10E72000287CFFF792FAD5E705F11400FFF7B7FA56
:10E73000D0E70020FFF7D6FACCE70120FFF738F941
:10E740000024D6E7002221461720FFF707FF0446E2
:10E75000304600F075FB0746D1E7304600F070FB0D
:10E76000022808D100273A4621461220EDE7002270
:10E7700021461820E9E76F71284600F0D4F80746D3
:10E7800038B1304600F05CFBBA4603280CD085F85F
:10E790000580304600F054FB0228E4D00120FFF74A
:10E7A00007F985F80580DEE7284600F0BCF88146C9
:10E7B000CAF80C0018B90520FFF7FAF8D146304620
:10E7C00000F03EFBCA46E0E7F8B50646FFF7ECFE70
:10E7D0000446371D384600F033FB0528054608D0AF
:10E7E000A0F10A03DBB2012B03D901237371204688
:10E7F000F8BD3046FFF7D8FE024618B90520FFF7EE
:10E80000D7F8E7E70A2D214606D00B2D04D00920C2
:10E81000FFF7A4FE0446DDE72846F9E7F8B506460B
:10E82000FFF7D2FF0446371D384600F009FB0828E1
:10E83000054605D0062803D0012373712046F8BD94
:10E840003046FFF7C1FF024618B90520FFF7B0F8C0
:10E85000EAE7062D214614BF08200720FFF77EFEB9
:10E860000446E1E7F8B50646FFF7D8FF0446371D32
:10E87000384600F0E5FAA0F11103DBB2012B0546A2
:10E8800003D9012373712046F8BD3046FFF7C6FF58
:10E89000024618B90520FFF78BF8E9E7122D21464B
:10E8A00014BF10201120FFF759FE0446E0E770B5B1
:10E8B0000546FFF7D7FF04462E1D304600F0C0FA8C
:10E8C0000D2803D001236B71204670BD2846FFF749
:10E8D000C9FF024618B90520FFF76AF8EDE721469F
:10E8E0000C20FFF73BFE0446E7E770B50546FFF74F
:10E8F000DEFF04462E1D304600F0A2FA0F2803D09A
:10E9000001236B71204670BD2846FFF7D0FF0246F9
:10E9100018B90520FFF74CF8EDE721460E20FFF768
:10E920001DFE0446E7E7F8B50546FFF7DEFF04469F
:10E930002E1D304600F084FA0E2810D001273046F4
:10E940006F7100F07DFA0C2818D12846FFF7EBFF15
:10E950002146BDE8F84002461320FFF7FFBD2846D8
:10E96000FFF7C3FF024618B90520FFF721F8E0E7DB
:10E9700021460D20FFF7F2FD0446DAE76F712046CD
:10E98000F8BDF8B5071D0446384600F059FA0428CA
:10E9900010D0012620466671FFF7C5FF05463846B0
:10E9A00000F04EFA042803D03046FFF701F86671F4
:10E9B0002846F8BD0025FBE72DE9F04786B006465E
:10E9C000FFF780FD804601A93046FFF7D7FD41469D
:10E9D00001A800F01FF9002802DA0420FEF7E8FF82
:10E9E000371D384600F02CFA0428054600F0B280A6
:10E9F0000C2866D0032840F0AA80304601A9FFF712
:10EA0000BDFD414601A800F005F9002802DA042006
:10EA1000FEF7CEFF384600F013FA0C2805464ED11B
:10EA20003046FFF780FF044660B101A8FFF7EAF81F
:10EA3000224601461320FFF791FD0446384600F0B8
:10EA4000FFF90546A24628E0304601A9FFF796FDEA
:10EA5000414601A800F0DEF8002802DA0420FEF7A3
:10EA6000A7FF384600F0ECF90C28054615D13046D2
:10EA7000FFF759FF0546A0B101A8FFF7C3F82A46E2
:10EA800001461320B4B1FFF769FD8146CAF80C00B6
:10EA9000384600F0D5F9CA460546032DD4D0042DDA
:10EAA00004D00120FEF784FF01237371204606B0D5
:10EAB000BDE8F087FFF752FD04468146E8E70024F1
:10EAC000C0E73046FFF72FFF044660B101A8FFF70B
:10EAD00099F8224601461320FFF740FD04463846C8
:10EAE00000F0AEF90546A24629E0304601A9FFF73D
:10EAF00045FD414601A800F08DF8002802DA042007
:10EB0000FEF756FF384600F09BF90C28054616D153
:10EB10003046FFF708FF05460028C2D001A8FFF7DE
:10EB200071F82A460146132064B1FFF717FD8146AC
:10EB3000CAF80C00384600F083F9CA460546032D92
:10EB4000D3D0ACE7FFF70AFD04468146F2E7022086
:10EB5000FEF72EFF0024A9E72DE9F041064646F80E
:10EB6000041B0546304600F02DF9304600F068F9E8
:10EB70004FF000080127A0F12003DBB2012B01D8E0
:10EB8000BDE8F0811F28D5F8983012D128466F7162
:10EB90005BB3FFF7F6FE0446C8F80C0000B9444624
:10EBA000D5F89830002BEBD0304600F049F9A0465C
:10EBB000E1E71438C0B205286F71284609D813B1AF
:10EBC000FFF7FAFEE7E7FFF7F7FE0446C5F89800FF
:10EBD000E6E753B1FFF7D5FE0446C8F80C0000285D
:10EBE000DED1304600F02CF9D9E7FFF7CAFEECE79A
:10EBF00008B59C22002126F007F9002008BD00007E
:10EC000008B5C0220021024826F0FEF8002008BD09
:10EC10007CC000202DE9F843164D074689464FF089
:10EC2000FF344FF000082E461022394628460AF0DD
:10EC3000A9FCD8B16B7C1BB9B4F1FF3F08BF4446B7
:10EC400008F10108B8F1080F05F11805ECD1631CB3
:10EC500009D0182303FB04631022394618460AF032
:10EC6000CBFC80F811902046BDE8F8834FF0FF34CC
:10EC7000F9E700BF7CC00020F8B50A4E0746002522
:10EC800034461022394630460AF07CFC30B101355A
:10EC9000082D06F11806F4D10020F8BD182303FB57
:10ECA0000540FAE77CC0002070B505460F4B1C6894
:10ECB0000F4B1E68A6420ED80E4B1C684CB128465E
:10ECC0000BF018FF2946024660680AF05BFC50B959
:10ECD0000434204670BD294620680BF019FD002839
:10ECE000F7D01034E6E72468E8E700BF94BE0020C0
:10ECF00090BE002078C0002070B5094B094A0A4C2C
:10ED00000A4D0B4E1A60256023685A1B7F2A00D9D2
:10ED100070BD5A1C22601B7856F823309847F3E7E1
:10ED200044C10020C8C1002040C1002048C10020CB
:10ED300098C7051270B505460F4B1C680F4B1E682F
:10ED4000A6420ED80E4B1C684CB128460BF0D2FEE2
:10ED50002946024660680AF015FC50B90434204682
:10ED600070BD294620680BF0D3FC0028F7D00C3486
:10ED7000E6E72468E8E700BF9CBE002098BE0020BC
:10ED80003CC1002070B50378044673B9D0F8906098
:10ED9000456830460BF0AEFE854202D0735D0A2B0B
:10EDA00005D10123237000236360002070BD6B1C1C
:10EDB0006360705DFAE703781BB943680BB1013BF0
:10EDC0004360704738B504460D469422002126F072
:10EDD0001BF8C4F8905038BD38B504460D46FFF70F
:10EDE000D1FF2378024643B92B70A0F13003DBB288
:10EDF000092B0DD82046FFF7DEFF4FF0FF3038BD5E
:10EE0000237893B905F8012B2046FFF7BBFF024694
:10EE100022F02003413BDBB2192BF1D9A2F13003E0
:10EE2000DBB2092BECD95F2AEAD00022636822709A
:10EE300013B900202A70E2E7013B6360F9E70000A4
:10EE40002DE9F04143780446A0B0C3B99C4D20465B
:10EE5000FFF798FF0938C0B2172803D825FA00F049
:10EE6000C307F4D404F1100620463146FFF7A3FF90
:10EE7000FFF7B2FF257845B12123237201E000237B
:10EE80004370207A20B0BDE8F081237C83B18D4FA0
:10EE9000314657F8350007EBC5080BF039FC10B9BF
:10EEA00098F80430E9E70135082DF1D11F23E4E794
:10EEB0002046FFF767FF3E2825D8212829D9A0F151
:10EEC00022031C2B00F27381DFE813F0CC007101E8
:10EED00071016A002F007200270029003100330001
:10EEE0002B003F0071014B00710171017101710133
:10EEF00071017101710171017101710171012D00C7
:10EF00005500700061007C2848D07E284AD05E28D9
:10EF10004AD00B20FEF74CFD37E00123ADE702237A
:10EF2000ABE70323A9E70423A7E70D23A5E7052300
:10EF3000A3E72046FFF726FF2B2801D107239CE7F4
:10EF40002046FFF738FF062397E72046FFF71AFF12
:10EF50002D2801D1092390E72046FFF72CFF082335
:10EF60008BE72046FFF70EFF2F2885D02046FFF7BE
:10EF700022FF0A2381E72046FFF704FF3C2801D146
:10EF800011237AE72046FFF716FF202375E7204676
:10EF9000FFF7F8FE3E28F5D112236EE70E236CE74B
:10EFA0000B236AE7102368E70F2366E70C2364E767
:10EFB0002046FFF7E7FE5C2805462AD12046FFF7EA
:10EFC000E1FE7628054607D86D2807D85C2820D0B2
:10EFD000622843D027281CD06E4631E0A0F16E0392
:10EFE000082BF9D801A252F823F000BF11F0031248
:10EFF000D9EF0312D9EF0312D9EF031233F0031242
:10F00000D9EF031261F00312D9EF03122FF00312AC
:10F010000A252046FFF7B6FE272805D02046FFF731
:10F02000CAFE0920FEF7C4FC1A23257325E70B2529
:10F03000EFE70D25EDE7FFF7A5FE054606F8010B06
:10F04000303DEDB2092D2046F5D9FFF7B4FE00237F
:10F050003046337008F050F8C5B2DAE70825D8E733
:10F060000925D6E737462046FFF78CFE257803466C
:10F0700025B10A20FEF79CFC1D23FEE65C2840F02B
:10F0800092802046FFF77EFE782856D860281BD84D
:10F09000222800F08480582860D0A0F13003072B8C
:10F0A0004FF0000549D8A0F13003072B66D800EBDC
:10F0B000C500A0F130052046FFF764FEF3E700BF6E
:10F0C0001100800068C80512A0F16103172BE4D875
:10F0D00001A252F823F000BF59F103124DF10312BF
:10F0E0009BF003129BF003129BF0031255F10312E5
:10F0F0009BF003129BF003129BF003129BF0031290
:10F100009BF003129BF003129BF0031239F10312E0
:10F110009BF003129BF003129BF0031251F10312B8
:10F120009BF00312A3F103129BF0031249F10312A7
:10F130009BF003125DF103120A25EBB207F8013BC5
:10F14000BB1B7F2B8FDD97E70B25F6E70825F4E740
:10F150000D25F2E70C25F0E70725EEE72046FFF73F
:10F1600011FE0025A0F13003DAB2092A0AD940F0D5
:10F170002002D2B2A2F16101052909D92046FFF788
:10F180001AFEDAE72D0120461D44FFF7FBFDE9E7F3
:10F1900040284FEA051588BFA2F15703F3E705465B
:10F1A000CBE70925C9E72228C8D13D7064E730388C
:10F1B000C0B209283FF6ADAE2046FFF7FCFDFFF7D1
:10F1C000E1FD3028054640F08F802046FFF7DAFD4C
:10F1D00000F0DF03582B054630D12046FFF7D2FD63
:10F1E0006E460546A5F13003DBB2092B1FD945F069
:10F1F0002003DBB2613B192B19D900233370102691
:10F2000068460BF077FC082E4CD0102E0CBF04275C
:10F21000012700266A463146884245DC1B2305F05B
:10F22000DF054C2DE660237261D11C2325E606F82C
:10F23000015B2046FFF7A6FD0546D3E7422B14D11C
:10F240002046FFF79FFD6E460546A5F13003DBB271
:10F25000012B03D9002333700226D1E706F8015BA6
:10F260002046FFF78FFD0546EFE7A0F13003DBB244
:10F27000072B15D92046FFF79EFD0023E3601B23D3
:10F28000FBE506F8015B2046FFF77CFD0546A5F18E
:10F290003003DBB2072BF4D9002333700826AFE725
:10F2A0006E46F4E70327B4E712F8013BA3F1610CC3
:10F2B000BCF1050F04D8573BBE401E430131ABE7FC
:10F2C000A3F1410CBCF1050F94BF373B303BF3E792
:10F2D000204607FB0636FFF755FD0546A5F130032E
:10F2E000DAB2092AF4D999E700260A27F6E7204678
:10F2F000FFF761FDC5E500BF83070FD1642290FBD6
:10F30000F2F302FB13035BB94FF4C87390FBF3F203
:10F3100003FB1200B0FA80F04009704700207047EC
:10F3200001207047F8B5334A0D460446D0E9000184
:10F33000002313F0B9FE104619463C22002313F0B7
:10F34000B3FE00232A603C2213F0AEFEC5E9012083
:10F350000023D4E90001274A13F0A6FE0446043036
:10F360000E464FF007024FF0000341F1000113F089
:10F370009BFE40F2B271AA610846FFF7BDFF00F2A2
:10F380006D13DA179C4276EB020705DBE31A66EB96
:10F3900002061C460131EFE70123A1F26C7169619D
:10F3A000EC61EB6060B13B2C76F1000308DBA4F16B
:10F3B0003B03334308BF0220013CE86066F10006CE
:10F3C0000B2300210C4F37F91320D017944276EB12
:10F3D000000006DB2B61EB68284623449B1AEB6098
:10F3E000F8BD013B61F1000153EA0102EBD10022BB
:10F3F000F0E700BF80510100B6C8051270B50C4699
:10F40000064670B10A48F7F7F7FB054620B98B228C
:10F4100008490948F9F754F8324616212846F7F703
:10F420005DFD1CB1054B03CB20606160002070BD09
:10F430009A470512A8C805125C450512ECC20020C7
:10F4400030B50446002085B00D4602A9CDE9020082
:10F45000FFF7D4FF3C23029A68465A43D4E90031AF
:10F460009B1841EBE2722946CDE90032FFF75AFFC3
:10F4700005B030BD0149FFF7E3BF00BFC8C200209F
:10F4800008B5F8F731FF10B1022100F00DF804487B
:10F4900007F0F8FF034807F0F5FF002008BD00BFA4
:10F4A000116C05121B6C051270B588B003460C4632
:10F4B00068461F211A4A09F083FD0023022C8DF8AB
:10F4C0001F301BD01749184B012C08BF194668463E
:10F4D00009F070FC154E0546C0B100230222194602
:10F4E00009F09CFC306808B109F0CEF9022C104BF1
:10F4F000356005D15D60C3E9025507E00D49E6E7D7
:10F5000000225A60002CF6D1C3E90244306818B1D9
:10F5100009F086FA08B070BD4FF0FF30FAE700BF7F
:10F520002F6C05122C6C0512296C0512F4C20020F8
:10F53000A8930020266C0512034B186808B109F047
:10F540006FBA4FF0FF307047F4C20020F8F7ECBA02
:10F550000846FBF795BE862303604FF0FF307047E7
:10F56000022983BF862303604FF0FF3001207047DC
:10F57000084611461A46FBF7D8BE084611461A46F9
:10F58000FBF74CBE084611461A46FBF794BE0846E8
:10F5900011461A46FBF7ACBE10B504460846F9F70B
:10F5A000A7F808B90C23236010BD10B5044608461F
:10F5B0001146F9F775FA08B90C23236010BD10B590
:10F5C000044608461146F9F78FF908B90C23236061
:10F5D00010BD0846F9F796B908B5F9F7D9FD60B13D
:10F5E000F9F7D6FD0446024608210448F8F7A0FEC4
:10F5F0002046F9F747FEF9F787FCFEE7376C05125E
:10F6000037B5002300220F4D04462868CDE90023BA
:10F6100020B90D48F7F7F0FA286058B10021F7F744
:10F620005FFB38B96A4610212868F7F757FC28684D
:10F63000F7F7B2FBDDE900010CB1C4E9000103B04A
:10F6400030BD00BFF8C200209A47051210B504462D
:10F6500008B3006805F0B0FD38B9237F2BB901234A
:10F660006068237705F0A8FD6077206805F0A4FDA9
:10F67000012810D1237F012B0DD10023606823774F
:10F6800005F09AFD637FC0B2012B0AD118B9237B24
:10F6900083B1012B00D010BD2369013B23610323FB
:10F6A0000CE0002BF7D10128F5D1237B002BF3D000
:10F6B000012BF0D123690133236102236375EAE74B
:10F6C0002DE9F0410D4617461E46044698B3DFF873
:10F6D000708098F80030042B2DD8132200210D30B3
:10F6E00025F092FB9DF818300221237340F2094364
:10F6F000A38208232846A375C4E90057A66005F035
:10F7000031FE0221384605F02DFE0221304605F07B
:10F7100029FE23460221094A284605F09FFE0121C1
:10F72000284605F0C3FE012098F80030013388F820
:10F730000030BDE8F0810020FBE700BF4DF603126A
:10F74000FCC20020034600B30422407D5A759A7D16
:10F75000052A09D0072A0ED1022812D003280CBF8F
:10F760000B2007201875704702280CD003280CBF07
:10F770000D200520F6E70228F4D0032818BF092041
:10F78000F0E70A20EEE70C20ECE7704738B50446B6
:10F79000B0B1F7F77DF90546A06805F00DFDA37D32
:10F7A00078B9062B05D0082B0AD10623A375A561CD
:10F7B00006E0A369ED1AB5F5167F01D30523A375FD
:10F7C00038BD062B09D1A369ED1A40F24D23A5F1EE
:10F7D0000A029A42EFD80723F1E70823E6E7F8B5D3
:10F7E0000D4617461E460446B0B1A9B1002150226D
:10F7F00025F00AFB94F84030C4E9017643F0040395
:10F8000084F840300C34204600F012FB2946204694
:10F81000BDE8F84000F01DBBF8BD70B50B460446CE
:10F8200086B0002853D090F84810C8074FD494F8F9
:10F830004050E9064BD4A08EE16B984203D1A06BF7
:10F84000101A884243D3A2630022322984BF283988
:10F85000E1638DF808200392AA07A38639D5216BAE
:10F86000002936D00A6856693EB11A466846B04744
:10F87000DDE9000102AB83E803009DF80830002BAE
:10F8800035D0012B2DD1039B5BB394F82C3043B3BF
:10F8900004EB8303986860B1036853B1DB6943B13B
:10F8A00002238DF8103000230593036804A9DB6957
:10F8B000984794F8483043F0010384F84830039B9C
:10F8C000E36494F8403043F0040384F8403006B019
:10F8D00070BD94F82C20002ACFD004EB82029168EE
:10F8E000C0E702A904F10C0000F02CFBEFE74FF495
:10F8F0009673E363EBE737B5044600283DD090F8F4
:10F900002C3013B1836803B1984794F8482094F8D9
:10F910004030D20733D59D0617D501238DF800302E
:10F92000E36C694604F10C00019300F00BFB00222C
:10F9300094F84830E26423F0010384F8483094F8E6
:10F94000403062F3451384F8403094F8401094F846
:10F950002C30C1F3800213B1C1F3C000024394F80C
:10F960004800C00714D401F01000024310D194F8ED
:10F97000403023F0040384F8403003B030BD03F07E
:10F980003003302BE1D104F10C0000F025FBDCE763
:10F99000002BECD06268002AE9D004EB83039D6859
:10F9A00000238DF8003001938B0722681DD5236B4F
:10F9B000DBB11969B9B919680968A1B11A61206B7D
:10F9C00003681B6898470323206B8DF80030019073
:10F9D0000368DB690BB1694698476368226B294667
:10F9E00020469847C3E71A61F7E72B699BB92B6854
:10F9F000196881B12A611B6828469847012301953F
:10FA00008DF800302B68DB6913B1694628469847AA
:10FA100000226368E3E72A61FAE700000A4A1368F4
:10FA200083B178B1834209D15968116000225A60CC
:10FA30007047834202D159685160F7E71A465B6804
:10FA4000002BF6D1704700BF08C30020B1F5FA7F44
:10FA500008B507DA4FF4FA72002381FB010113F0B5
:10FA600023FB08BDC1F57A714FF4FA72002381FBC4
:10FA7000010113F019FBC0F57A70F2E7B1F52F7FA1
:10FA800007DA40F24C4359434FF42F7391FBF3F0E4
:10FA900070476FF06303A1F52F7058434FF49673CE
:10FAA00090FBF3F000F24C407047B1F5167F07DA97
:10FAB0004FF47A7359434FF4167391FBF3F0704788
:10FAC000B1F5487F06DA4FF6FE72A1F516714FF4D4
:10FAD0007A7307E0B1F5617F07DA04224FF41673F9
:10FAE000A1F5487111FB0230704740F2B5339942DD
:10FAF00004DC4FF6FD72A1F56171E8E701EB41010D
:10FB0000A1F5FA60704700004FF47072002108B54B
:10FB1000094825F079F900230F21084A1360084AA3
:10FB2000184601395060481C1346A2F13C02F7D137
:10FB3000044B014A1A6008BD10C3002008C300200E
:10FB400094C600200CC3002090B103787BB1816182
:10FB5000C169416102B14262022B4FF0000208BF4D
:10FB600001230262826208BF0370012070471846B9
:10FB7000704700002DE9F041044600283BD0C568DD
:10FB8000002D35D0DFF878808368D8F800501DBB91
:10FB90001A4B1D68002D2BD000272E466A686F6017
:10FBA0001A600FCC0FC60FCC0FC60FCC0FC60123A7
:10FBB00094E8070086E807002B70EB682F626F60FF
:10FBC00013B16969A86898476B69EB61D8F8003090
:10FBD000C8F800506B600BE0AA68934201D12A7804
:10FBE0000AB96D68D3E72846626AA169FFF7ACFFDE
:10FBF0002846BDE8F0810546FAE700BF0CC30020A7
:10FC000008C30020F8B50026124B0446124D1868B0
:10FC100000B9F8BDD0E90173A34218D190F838308B
:10FC20007BB190F839201F2A0BD801230B49934050
:10FC30000A6822EA03020A6009490A6822EA030202
:10FC40000A60FFF7EBFE2B680670436028603846B9
:10FC5000DEE700BF08C300200CC3002004C300205F
:10FC600000C300202DE9F04105464FF47A764F4B52
:10FC70001C680CB9BDE8F0812378D4F80480002B0F
:10FC80005FD0206A08B928462562A36A1844A842B2
:10FC900057D8626A281A824211D90023A0FB0601B4
:10FCA00013F002FA0027014694F83130013B062B8D
:10FCB00019D8DFE803F00811484C505456000127CA
:10FCC0004FF47A71F0E74FF47A72002381FB01015F
:10FCD00013F0EAF9014606E0C1F5FA634B434FF42D
:10FCE0007A7193FBF1F1D4E90523207802283ED103
:10FCF00094F8300000283AD0D21A4A434FF47A716F
:10FD000092FBF1F29918E368E1610BB1A0689847A2
:10FD1000BFB194F838304BB194F839101F2905D889
:10FD20000123234A8B4011680B43136094F8303051
:10FD300013B32378022B1FD00223237000232562E4
:10FD4000A362444695E72046FFF780FEC2E72046BF
:10FD5000FFF794FEBEE72046FFF7A7FEBAE7A169CA
:10FD6000C1E7636B002BBED020469847B2E79B1AD1
:10FD70004B4393FBF6F3C5E7A38D43B14FF6FF72F8
:10FD800093421CBF03F1FF33A3850123D5E7236909
:10FD90000BB1204698472046FFF740FE0023237012
:10FDA000044B1A681C606260CBE700BF08C30020E8
:10FDB00000C300200CC300200023024A1360024A43
:10FDC0001360704704C3002000C30020024B186872
:10FDD000003818BF0120704708C30020044B054AB3
:10FDE0001B68126893430CBF01200020704700BFBE
:10FDF00004C3002000C3002030B570B180F8381073
:10FE000059B100230125094C216805FA03F20A4281
:10FE100004D10A43226080F8393030BD0133202BF1
:10FE2000F3D14FF47F430387F7E700BF04C30020FB
:10FE300010B5044660B14422002124F0E5FF4FF4E0
:10FE40009673236394F8343043F0010384F834301C
:10FE500010BD98B191B190F82030072B0ED890F8D2
:10FE60003420D2070AD540F82310013380F820301F
:10FE700090F8343043F0040380F83430704710B504
:10FE80000446C8B190F83430DB0715D590F820301F
:10FE9000012B11D9013B50F8230003685B6803B1C3
:10FEA000984794F82030013B84F8203094F834309F
:10FEB00043F0040384F8343010BD58B151B190F8C8
:10FEC0003430DA0741BF23F0060343F006034162F2
:10FED00080F83430704710B5044698B190F834304B
:10FEE000DB070FD5406A18B103685B6803B1984718
:10FEF0000023636294F8343023F0060343F00403D4
:10FF000084F8343010BD0246D0B190F8343013F08C
:10FF1000010016D092F8200098B1D90610D423F031
:10FF2000140343F0140382F834309B0704D5536A5A
:10FF300013B1012093637047431E52F82330F8E752
:10FF40000020704710B5044600283FD000293DD05E
:10FF500090F83430DB0739D50B78013B052B35D8C9
:10FF6000DFE803F003091E242E35496871B3BDE8AC
:10FF70001040FFF76EBF90F82030012B26D9013BCF
:10FF800050F823000368DB692BB198472046BDE891
:10FF90001040FFF7B8BF2046BDE81040FFF76FBF25
:10FFA000496899B1BDE81040FFF787BF406A036810
:10FFB000DB69002BE9D12046BDE81040FFF78BBF7D
:10FFC00090F8343043F0040384F8343010BD90F8D6
:10FFD000343023F00103F7E738B5044678B390F8DE
:10FFE0003430D9062BD59A07806B03D5636A0BB1E1
:10FFF000834225D030B30025036813B15B6803B199
:020000041204E4
:10000000984794F8343020469B071DD5636ADBB1CE
:10001000FFF761FF6DB994F8203053B1013B54F8FC
:10002000230030B1036823B19B6913B1C289114623
:10003000984794F8343023F0300384F8343038BDD6
:100040000125D9E70546DCE7FFF719FFE2E700B134
:100050000180704700B10180704700B101607047B6
:1000600018B183680BB100229A70704721B1182231
:1000700051438368585E70470846704718B18368DB
:100080000BB100229A70704729B1083A022A8CBF3E
:1000900000220122910000230170436070474B69E8
:1000A00033B11A6822B1CB89B3FA83F35B091370B9
:1000B000002303704360704737B50446084631B9E2
:1000C0000023204623700023636003B030BD043A50
:1000D000C989062AF4D8DFE802F0041616041A24A7
:1000E0001A008289013A914209DB92B29142C2819F
:1000F000E6D003689B6903B198470523E1E74A1CF2
:1001000092B2C281F5E70029DAD04A1EF8E7182238
:10011000836802FB01331D691DB101465A696846B7
:10012000A8470423CDE738B505460C4651B1043A3B
:100130004B69062A24D8DFE802F00A1A1A0A0404D6
:100140000400042400232C706B60284638BD1B6813
:1001500023B1DA6812B101211868904723689B69BE
:100160001BB100222046114698470524EAE71B6888
:10017000002BF3D0DA68002AF0D04FF0FF31EBE724
:100180000024DFE738B50446084619B90023237078
:10019000636029E0043AC989062AF7D8DFE802F04B
:1001A000041616041A2A1A008289013A914209DBC0
:1001B00092B29142C281E9D003689B6903B198472A
:1001C000052318E04A1C92B2C281F5E70029DDD070
:1001D0004A1EF8E71822836802FB01331D692DB11E
:1001E00001465A692046A847204638BD0423656069
:1001F0002370F9E7042323700023C9E710B50446F0
:10020000FFF7C0FF204610BD07B588B118238068EE
:10021000002203FB0100032180680DF1070302F0B7
:1002200080FC28B19DF80730312B05D82F2B07D83B
:10023000002003B05DF804FB322BF9D11420F8E75D
:100240000A20F6E72DE9F843044600284FD0456917
:10025000002D4CD006694349434803F08EFE052328
:10026000C0B228802B81616811B1097801B1011DEC
:1002700000234FF0180E1A46B4F80CC09FB2BC45CC
:1002800037D8E38B0531053B1B1A9BB26B80AB80E3
:10029000E38B08300F18BB4236DD1B1A5B1A9BB28A
:1002A0009A4231D29B1A03EBD373C3F34F030B442F
:1002B00000214FF0180C0846EB80A3681960A38951
:1002C0001FFA81F8434521D800236B826B81AB81F3
:1002D000A368DB68002B3ED1EB812B823368A28BB5
:1002E000B3F904309B1A03EBD3735B102362BDE8B0
:1002F000F883A7680EFB0377FF681FB17F689742FA
:10030000C8BFBAB20133B9E70023D0E78FB20CFB04
:1003100007F7A368B5F806E003EB0709D9F80C3036
:100320002BB15B68D31A03EBD3730EEB630EC9F8E2
:1003300004E0B8F1000F0CD0D4F808E00EEB07038E
:1003400053F80C3C1BB11B680F30034418B24EF835
:1003500007000131B3E71A680432EA815B680433AD
:100360009BB2BAE7E4520512B0C9051208B5064BB4
:10037000197839B9012205481A70242224F044FD65
:10038000024808BD0020FCE7D0C60020D4C60020EB
:1003900038B5044630B3456915B305F10800FFF7D9
:1003A00031FCA81CFFF72EFC281DFFF72BFCA81D15
:1003B000FFF728FCA0680430FFF724FC05F11800C3
:1003C000FFF720FC63694BB1074A9B1AC42B05D881
:1003D0000021064A9B105343054AD1540023636110
:1003E0000023236138BD00BFE8C70020B76DDBB62E
:1003F000E0C7002038B5054628B344690CB38068CF
:10040000FFF700FC04F10A00FFF7FCFB04F10C000D
:10041000FFF7F8FB201DFFF7F5FB04F11600FFF7CF
:10042000F1FB04F11800FFF7EDFB074BE41AC42CB5
:1004300005D80022054BA4105C43054B1A55002338
:100440006B6100232B6138BD00C70020B76DDBB6A0
:10045000F8C6002010B5044650B1406930B10830EC
:10046000FFF7D0FB0023034A63611370002323616D
:1004700010BD00BFD0C6002038B5044698B145690C
:100480007DB105F11000FFF7BDFB05F10C00FFF792
:10049000B9FB05F10A00FFF7B5FB0023024A6361CF
:1004A00013700023236138BDD0C6002038B5044640
:1004B00078B145695DB105F12000FFF7A3FB05F1B7
:1004C0000C00FFF79FFB0023024A636113700023B7
:1004D000236138BDD0C6002038B50446A0B14569B7
:1004E00085B105F11200FFF78DFB281DFFF78AFB90
:1004F0002846FFF787FBA81CFFF784FB0023034A6D
:10050000636113700023236138BD00BFD0C6002093
:1005100038B50446A8B145698DB105F11600FFF75D
:1005200071FBA068FFF76EFB05F11200FFF76AFB95
:10053000281DFFF767FB0023024A63611370002345
:10054000236138BDD0C6002030B593B003210DF132
:1005500005030DF10602054602F0E3FAC8B1BDF845
:100560000600A0B13F2828BF3F2004460246294686
:1005700002A80AF049FA04F148030DEB0300002336
:1005800002A900F8403C044803F0E9FB80B213B034
:1005900030BD2946F7E700BFB0C9051270B5044663
:1005A000A8B145699DB1066909490A4803F0E5FC0F
:1005B00068803368A28BB3F9043007499B1A03EBB8
:1005C000D3735B100348236203F0C9FB288070BD1E
:1005D000E4520512B0C905120244051270B5044672
:1005E00000282ED04569002D2BD0066915491648E4
:1005F00003F0C3FC2881A3681348996803F0AFFB9C
:10060000A880A3681048196A03F0A9FBE880336842
:10061000A28BB3F90430A1689B1A03EBD3735B1070
:100620002362A888121AE888121A143A02EBD272CE
:1006300003EB62030B60A268AB8811680B441433B0
:10064000936170BDE4520512B0C90512F8B50546B4
:10065000002830D04469002C2DD00669164917486F
:1006600003F08BFC20813368AA8BB3F904309B1A0A
:1006700003EBD3735B102B6223689BB15A688AB17A
:100680009F687FB104F10E060F2218683146B84703
:1006900031460A4803F063FB23686081D3E9000216
:1006A0009047A081AB8B62899B1A2A6A03EBD373B4
:1006B00002EB63036360F8BDE4520512B0C9051292
:1006C000F0B50F4616461D469FB040B3446934B39B
:1006D0003C220021684624F097FB3C2200210DEBD0
:1006E000020024F091FBA31C0293B4F902300D4ADE
:1006F000CDE905370223211D039209958DF831308C
:100700001191B4F904106846CDE9141612921895A7
:100710008DF86D30FFF72EFA0FA8FFF72BFA1FB0F8
:10072000F0BD00BF5500041270B50D46144690B0E0
:1007300098B146698EB13C22002101A824F064FBE7
:100740000396338801A8CDE90635054B0A94049336
:1007500002238DF83530FFF70DFA10B070BD00BFE1
:100760004F00041210B590B0B8B14469ACB1A17E8D
:1007700099B93C2201A824F047FB04F11803039324
:1007800008230693064B01A80493FA230A93054B0A
:100790000593FFF7EFF90123A37610B010BD00BF5A
:1007A0004F0004126100041210B590B0B8B1446952
:1007B000ACB1A17E99B93C2201A824F025FB04F13B
:1007C0001803039308230693064B01A80493FA2306
:1007D0000A93054B0593FFF7CDF90123A37610B0DB
:1007E00010BD00BF4F0004127D0004122DE9F04F30
:1007F000C1B0934606460291002800F0C1804469CA
:10080000002C00F0BD800369002B00F0B9804FF090
:10081000180A1B68C5895F68B3F908302946019337
:10082000FFF724FC0AFB05FAB368804603EB0A02D3
:10083000D268002A00F0A780B2F900903C22002183
:1008400004A8039324F0E0FA039BBFB20693A7EB3E
:1008500009071B6807EBD777C8EB670809930227DE
:100860000FFA88F34FF496780A93494B04A807933C
:100870008DF84170CDF83480FFF77CF93C220021DF
:1008800013A8B6F80C9024F0BFFA04F10A031593EC
:10089000638913A818934FF47A7305FB033505EBAE
:1008A0005905B5FBF9F5ADB29D4228BF1D46199516
:1008B000384D8DF87D7004F116071695CDF87080CF
:1008C000FFF758F93846FFF79DF94FF47A73E2893C
:1008D000618AB4F816C0891A0CFB01F191FBF3F19F
:1008E000208A0A44A18A92B2091A0CFB01F191FBF9
:1008F000F3F31844B36880B25344D968002944D054
:100900000B684968043304319BB289B24FF0000888
:10091000E28120823C226382A182A4F816804146B3
:1009200022A824F071FA4FF47A73259528930225B2
:100930004FF4C873249722A8271D2B938DF8B95024
:10094000FFF718F93846FFF75DF93C22414631A818
:1009500024F05AFA019B33973693B4F9023031A848
:1009600037930D4B8DF8F55034934FF416733A933B
:10097000FFF700F9029B5B4502D13046FFF714FFF9
:1009800041B0BDE8F08F914658E70B46BEE700BF87
:100990005B0004124F0004125500041210B590B011
:1009A00000B34469F4B13C22002101A824F02CFAE0
:1009B000231D039303230693E38801A8C3F1FF23B8
:1009C00003F57F03E7330793074B049341F64C533A
:1009D0000A934FF6FF73ADF830304FF4C8730B93A2
:1009E000FFF7C8F810B010BD550004122DE9F0470C
:1009F0000546AEB0002800F096804469002C00F057
:100A000092800369002B00F08E80C7892289838B36
:100A10003946A3EB42039EB2FFF728FB18235F433E
:100A2000D5F808A080460AEB0703DB68002B7DD0D1
:100A3000B3F900903C22002101A824F0E5F9CDF89B
:100A40000CA0DAF8003001A80693A6EB090303EB2B
:100A5000D373C8EB63080FFA88F30793354B04F19F
:100A6000120604934FF496730A9302238DF83530DF
:100A7000FFF780F83046FFF7C5F84FF47A7C6189BC
:100A8000E389608A5B1A434393FBFCF3A289194410
:100A9000238A89B29B1A434393FBFCF31A44AB6845
:100AA00090B23B44DA68002A42D01368526804339B
:100AB00004329BB292B200276181A0813946E38162
:100AC000228267823C2210A824F09EF94FF47A73A8
:100AD0004FF4C878129602261693174B04F10409B6
:100AE00010A81393CDF864808DF87160FFF742F879
:100AF0004846FFF787F83C2239461FA824F084F9BE
:100B0000CDF884902288EB8B1FA813441BB224934A
:100B1000B4F90230CDF8A0802593084B8DF8AD6074
:100B20002293FFF727F82EB0BDE8F087994681E7BA
:100B30001346C0E75B0004124F0004125500041274
:100B40002DE9F04F0D4692469B46064685B0F0B122
:100B5000E9B14C68DCB12378CBB18F8B063FBBB2D7
:100B60003FB2002F13DD0FFA82F9B945D1E908121F
:100B700002F1030200680FFA82F80BDC02930123F2
:100B80004246CDE900431D4B033103F085F905B022
:100B9000BDE8F08F8BEAEB72A2EBEB72033A1344E1
:100BA0001BB24B45A8BF4B46012723EAE373CDE9AF
:100BB000004702934246114B594403F06DF9AC8B48
:100BC000DA44033CA4B2A4EB0A031BB2182BDEDD0B
:100BD0000AF11B0AA4EB0A0424B24C45A8BF4C46F8
:100BE00024EAE474296ACDE901746B6842460093F3
:100BF0003068024B01FA8AF1C7E700BFB0C905129D
:100C00002DE9F04F0646D1B0002800F0F38000290E
:100C100000F0F0804469002C00F0EC800269002AAA
:100C200000F0E8800B78012B40F0C880E37E002BB9
:100C300000F0BC8013684FF0180BD3E901930293C6
:100C40000023E376C5892946FFF710FA0BFB05FB65
:100C5000B368804603EB0B02D7680FB1B7F9007099
:100C60001FFA89F20FFA89F9C3F8009005AB002149
:100C7000184601923C2224F0C7F8B2684FF0000AEF
:100C80008260019AC0F81490D71B07EBD777C8EBA6
:100C900067080FFA88F202274FF4C878A1468261EC
:100CA000564AC0F82480C26080F83170FEF762FFB7
:100CB000B3893C22514629F80AAF14A8039324F0C3
:100CC000A3F8CDF858904FF47A7905FB0995039B6A
:100CD000CDF8748005EB5305B5FBF3F5ADB24D458A
:100CE00028BF4D46A0461A95454D14A817958DF876
:100CF0008170FEF73FFF3C22514628F80CAF23A835
:100D000024F082F8019B23A8013B2993CDF894801D
:100D10002695CDF8B0908DF8BD70FEF72BFFB36827
:100D20005B44DB68A4F80EA0A4F810A0002B43D00D
:100D30001A68043262825B6804339BB20027A046C3
:100D40003C223946A38232A828F8167FBDF90890C4
:100D500024F05AF84FF47A73CDF8D08035954FF4DB
:100D6000C878022504F1040A32A83893CDF8EC8043
:100D70008DF8F950FEF7FEFE5046FEF743FF3C2289
:100D80003946A4F8049041A824F03EF8CDF80CA10F
:100D9000CDF81891B4F9023041A84793194BCDF81A
:100DA000288144938DF83551FEF7E4FE304651B06A
:100DB000BDE8F04FFFF7F8BC6382BFE7022B19D103
:100DC000A17EB9B93C2241A824F01EF804F1180311
:100DD0004393082347930A4B01214493FA2341A8E4
:100DE0004A93FFF709F8084B41A84593FEF7C2FE66
:100DF0000123A37651B0BDE8F08F00BF5B00041261
:100E00004F000412550004127D0004122DE9F04F2A
:100E100005468DB0002800F08C804469002C00F05D
:100E200088800769002F00F084803868466833B2F4
:100E30000593AB895BB10322237A02926289019206
:100E4000321F92B200920222114601F09BFD4FF038
:100E50000008E388B6B2023B0993731ECDF82080E8
:100E60000A93638808A9043B0B93386802F021F9C0
:100E7000AB681B680493AB891FFA88FA5345D7F80F
:100E800000B059D8584602F04BF9A28962B1638884
:100E90002189023B9BB202318B4205DD0121009189
:100EA0003868002102F0F4F96968B4F90490023E50
:100EB000002900F099800B78002B00F095804C48B9
:100EC00002F04DFF012380466288029001936B6817
:100ED00008F1060800930221454B386802F0DCFF58
:100EE000B045A8BFB0461821EA89AB6801FB0233C0
:100EF0009D68C5B129463E4802F031FF0123A6EBAB
:100F0000080626EAE676301ACDE9005300EBD070E9
:100F100008EB6001029641454A46B8BF4146344B52
:100F2000386802F0B9FFA37E1BB1217E386802F059
:100F300074FE0DB0BDE8F08F18231FFA88F903FB8B
:100F400009F9AA684A44D368CDE90632002B48D093
:100F500051462846FFF78AF8049B1844069B01B2C5
:100F6000B3F900C00CFA80F000283ADB059A9142F0
:100F700037DC0120079AB2F904200090584601F0AE
:100F8000E2FEEB8953452CD14FF47A70E389618AF4
:100F9000B4F816C0C91A0CFB01F191FBF0F1228ADA
:100FA0000B44A18A9BB2891A0CFB01F191FBF0F171
:100FB000A8680A4400EB090CDCF80C00F11A01EBFC
:100FC000D171DCF804C092B2491018B1406800EB4E
:100FD000D0704010844400923868ACEB520201F0AB
:100FE000C7FD08F1010846E74FF002087BE700BFA4
:100FF000B0C905122DE9F041044688B0002848D058
:101000004569002D45D0016A838B426A0B440693E3
:10101000C38B0669134404910592079304A93068B1
:1010200002F047F8D4E9081205200127A38BCDE987
:101030000107E08B0B4410440090306802F0BFFDC4
:10104000B5F9083021463046EA88FFF779FD2B795B
:10105000E3B1A18B2B88E28BC91A236A01EBD17112
:10106000646A03EB61080C4B144400930F3C019736
:1010700022464146094B306802F099FE2A78AB7847
:10108000009241462246306801F0F4FC306802F0DC
:1010900047F808B0BDE8F08102440512B0C9051256
:1010A000F0B5044689B0002852D04669002E4FD0D2
:1010B0008389012B4CD9416AC38B82680B440F3B57
:1010C00005695360016A838B426A0B440693C38BA4
:1010D000049113440592079304A9286801F0E9FFDD
:1010E000D4E9081201270520A38BCDE90107E08B85
:1010F0000B4410440090286802F061FD2146284608
:10110000B6F91030F289FFF71BFDA16801978B68D3
:101110000093D1E900120F4B286802F048FEA26844
:10112000B188136801971944136A14310093526807
:10113000084B286802F03BFE307BA268337A718945
:1011400000902868526801F095FC286801F0E8FFDB
:1011500009B0F0BDB0C905122DE9F04F04468FB0BB
:1011600000287CD04569002D79D00669002E76D004
:10117000016A838B426A0B440893C38B0691134424
:101180000792099306A9306801F093FFD4E9081289
:1011900005200127A38BCDE90107E08B0B44104408
:1011A0000090306802F00BFDB5F91630214630464C
:1011B000AA8AFFF7C5FC636823B11B7813B12B889B
:1011C00004339BB200272989206A42180A92626A76
:1011D000134402330B93A38B03445B1A0C936B8869
:1011E0000AA91344023B0D93306801F062FF2A897B
:1011F000236A1344A268126813441FFA83FAA3896E
:101200001FFA87F84345D6F800902BD8484601F0DE
:1012100087FF1821E289A36801FB02339F68DFB1D1
:101220003946464802F09BFD0123A28B216AA2F1B8
:101230000A0C121A092AB5F90400C8BF01EB6201B1
:10124000626ACDE90073CDF808C002443B4B3068B8
:10125000D8BF053102F020FE306801F061FF0FB009
:10126000BDE8F08F1821A368BAB201FB0233D3F8AE
:101270000CB00593BBF1000F5ED041462046FEF74F
:10128000F5FEBBF900E0228CB5F808C0504401B26D
:101290000EFA80F002EB0C0E0FFA8EFE70454BDB5F
:1012A000A08B0244A2EB0C0212B2914244DC059BDB
:1012B000626A5B6848461A44012312B200935B4697
:1012C000059201F040FDE389059A434534D14FF47E
:1012D0007A7C6B89E889B5F812E0C01A0EFB00F041
:1012E00090FBFCF0A9890344288A0FFA83F8401A7E
:1012F0000EFB00F090FBFCF00844DBF804E02989C9
:101300001FFA80FCC0F34E09A08B0EEBDE7EA0EB33
:10131000410002EB6E0E00B2226AA0EB080000EB67
:10132000D0701144CDF800C001EB60019BB2306871
:10133000AEEB090201F01CFC013760E7B0C90512F1
:1013400070B58842DDE9044504D8002323800138C4
:10135000288008E0934207D20023013989B28142F4
:1013600023802980F3D270BDA0EB5106B3420ADA84
:101370009B1A01339BB2013923800B449BB29842E4
:101380002B80E4D9EFE7411A2180E0E72DE9F04F07
:101390000546A1B000286DD04469002C6AD00769C9
:1013A0000368386808934368B0F908800FFA83F936
:1013B0009BB205936B68A3B11A7892B1059A012686
:1013C000033A12B202920022CDE9003611467E4B5A
:1013D00002F062FD237DE28800960021386801F06A
:1013E00057FF012301932388A9F1030600930022EC
:1013F00003233146386801F02AFB0DF13203228ABB
:10140000E18901930CAB0093EB89A889FFF798FF62
:1014100000230D93237DCDF840800233CDE90E36B5
:101420000DA9386801F045FEEB89BDF830800A93BC
:10143000089BDB680993638A0693AB68069AB3F945
:10144000043002FB08330493BDF83230434514D214
:10145000386801F065FEA178637DB4F9042000913D
:101460003868002101F006FBA37E1BB1217E38689D
:1014700002F0D3FB21B0BDE8F08F182303FB08FA7C
:10148000AB68BDF910B05344C3F804B0099B002BFE
:1014900000F08280089B41462846DB68984703306D
:1014A00080B2059B181AAB6886B253440FFA80F9D4
:1014B00098680A9B984571D1A37D9B076ED5B4F9B6
:1014C0000810B4F90A30B4F80A90079381EAE1737E
:1014D000A3EBE173033B079A33441BB29342A8BFCB
:1014E000134623EAE37302930123CDE900035A462E
:1014F000354B38680B9102F0CFFC0B9909EB0103D7
:10150000F31A1BB2182B17DD09F11B094944079B7D
:10151000761A36B29E42A8BF1E46012326EAE67618
:1015200002960193AB685A4653449B6809B20093F4
:101530003868254B02F0B0FCA37D13F0010123D1E4
:1015400043F00103A3756E69F6B13C2211A823F0A4
:101550005BFC06F10803139303231693738911A808
:10156000C3F1FF2303F57F03E7331793174B14935E
:1015700041F64C531A934FF6FF73ADF870304FF4A9
:10158000C8731B93FEF7F6FA049B069A08F101084C
:101590001FFA88F8134456E7032082E7FEF7D4FFCA
:1015A00000B24845A8BF4846012320EAE0700290F7
:1015B0000193AB685A4653449B68032100933868F3
:1015C000014B02F069FCDFE7B0C9051255000412B7
:1015D0002DE9F04F044693B0002864D04569002DF2
:1015E00061D00DF1360306696A89298901930DAB33
:1015F0000093C3898089FFF7A3FE216AA38B626AE7
:101600000B441093E38B0E9113440F9211930EA988
:10161000306801F04EFDD4E9081205200127A38BA4
:10162000CDE90107E08B0B4410440090306802F0D4
:10163000C6FA6368002B39D01B78002B36D0B5F979
:101640001230214630462A8AFFF77AFAAB7B03F143
:10165000060BE389626A0893A38B03320593063B6A
:101660001BB20993AB89BDF834700693A3685B681D
:101670001344069A5B447A4302FA83F30493BDF859
:101680003630BB4214D2626A698803320A44297830
:10169000AB7B5A4400913068216A12B201F0EAF93A
:1016A000306801F03DFD13B0BDE8F08F9B46D0E7F8
:1016B000182303FB07FAA368BDF910205344986868
:1016C000089B9F4258D1EB7B990755D5B5F9063059
:1016D000B5F904900793236A05990A9389EAE97397
:1016E000A1F1090CA3EBE973079963441BB28B4288
:1016F000A8BF0B4623EAE373B5F8068002930123E3
:10170000CDE900030A99294B494430680B9202F055
:10171000C3FBA38B08EB0901033B9BB2591A09B227
:1017200018290B9A19DD08F11B08C8440798A3EB88
:1017300008031BB28342A8BF034623EAE373216A6E
:10174000029301230193A36801FA88F153449B6833
:1017500000933068154B02F09FFBEB7BDA0705D452
:1017600043F001032046EB73FFF718F9049B069A38
:101770000137BFB2134481E70792FEF7E5FE099BEC
:1017800000B29842A8BF1846012320EAE070216AFF
:1017900002900193A368079A53449B680331009316
:1017A0003068024B02F078FBE0E700BFB0C90512D9
:1017B00038B5043A04460846C989062A2AD8DFE81B
:1017C00002F004161604192519008289013A914283
:1017D00009DB92B29142C2811CD003689B6903B1BC
:1017E0009847052313E04A1C92B2C281F5E789B1FC
:1017F0004A1EF9E71822836802FB01331D694DB1C7
:1018000001465A692046A847204638BD0223237066
:10181000002301E0002323706360F5E710B5044660
:1018200021B9002323706360204610BD4B6913B1BA
:101830009B7E002BF5D12046FFF7BAFFF4E710B5E9
:10184000044621B9002323706360204610BD4B6914
:1018500013B19B7E002BF5D12046FFF7A9FFF4E7DB
:10186000F8B5044608B3234B00251A4613F8011BAC
:10187000C1B9012353551C231F4E1A4603FB0567AC
:10188000384623F0C1FA6168676179B91C230022E8
:1018900003FB05631A75A3681848996802F06DFB8D
:1018A000C3B20BE00135082DE0D1F8BD0B78002B59
:1018B000ECD0124802F061FBC3B23B751C2101FB66
:1018C0000561DA1C4B754A822369087D1B689B6899
:1018D000023B1B1A1BB293FBF2F3CB819BB2013389
:1018E0005B100B8203238B8100230B834FF48073E7
:1018F0004B83DAE7E0C70020E8C70020B0C9051233
:101900002DE9F0470546002867D00369002B64D015
:101910004C4B00261A4613F8017B002F5AD10123A5
:1019200093551C2202FB06FA474C39460AEB040881
:10193000404623F069FA2B69C5F814801B684349B7
:101940004348B3F8089002F018FB0323C0B224F810
:101950000A00A8F808303946A9EB000338461827D2
:101960009BB29A1E92B2A8F80220A8F80420B5F8FB
:101970000CC08AB2944532D81A1F072A3AD90B3BB9
:101980009BB2984236D21B1A03EBD373C3F34F03B7
:101990004FF01C0C0CFB064C0733ACF80630002350
:1019A0004FF018091946AA681360AA891FFA83F82C
:1019B000424521D81C2303FB064400236381A381F5
:1019C000E38123826382A382E38223834FF48073C3
:1019D000638302E00136082E9DD1BDE8F087AA6836
:1019E00007FB0122D2681AB152688242C8BF90B286
:1019F0000131BEE70023CBE79FB209FB07F7AA68D6
:101A0000BCF806E002EB070ADAF80C202AB15268AB
:101A1000821A02EBD2720EEB620ECAF804E0B8F141
:101A2000000F0CD0D5F808E00EEB070252F80C2C92
:101A30001AB112680F31114409B24EF80710013380
:101A4000B3E700BFF8C6002000C70020E45205122B
:101A5000B0C9051270B50E461546044690B098B14F
:101A60003C22002101A823F0CFF9A36801A81A1D88
:101A700003925B680A95CDE90636044B0493022372
:101A80008DF83530FEF776F810B070BD5B000412AB
:101A90002DE9F74F8A4604460192002800F0938012
:101AA0004769002F00F08F8018210269B0F80E906E
:101AB0001268D0F800B055688268B0F80C8001FB5D
:101AC00009229068FEF740FD7881DBF81020064679
:101AD000002A61D0494620469047033080B2AA1EB2
:101AE000121A92B2B242B88106F104052CBF00204E
:101AF00001202DB212B29542A8BF1546B97DB7F8A4
:101B000010E021F0020141EA4001F889B975397D00
:101B1000404525EAE57501F1020109F1010B3DD2CD
:101B2000CE453BD8A8EB50024A45D4BFA8EB0002F3
:101B3000ABEB0E0292B2B7F812C0A9EB020616FB8D
:101B40000C16404536B22BD3324629464FF4C873A3
:101B50002046FEF7B5FD03233B81BB7D07F108005E
:101B600023F00103BB75FEF74DF84FF47A734FEA8B
:101B7000580103FB0B11B1FBF8F14FF496722046AC
:101B800089B2FEF7D1FD019B9A451CD1204603B0D6
:101B9000BDE8F04FFEF7E6BD0320A0E70022CAE74C
:101BA000CE4504D9E6222046FFF754FFCCE71CFBC4
:101BB00002FCA8EB5000A1EB0C01484509B2F1DC96
:101BC000A3685960C0E703B0BDE8F08F30B50D469B
:101BD000144691B020B3838B063B1BB2002B1FDD54
:101BE00012B29A421CDD3C22002101A823F00CF91C
:101BF000032306930B4BC4F1FF24049341F2941387
:101C00000A934FF6FF73ADF830304FF4C87304F504
:101C10007F04E73401A8039507940B93FDF7AAFF0F
:101C200011B030BD5500041238B50546FEF7B6FCBC
:101C30009DB16C698CB1696879B10B786BB107485B
:101C400002F08DF82146032382B2E28021F8083F9A
:101C50002846BDE83840FFF7B9BF38BDB0C9051206
:101C600038B50546FEF7BAFC9DB16C698CB1696860
:101C700079B10B786BB1074802F071F82146032364
:101C800082B2E28121F8103F2846BDE83840FFF7D4
:101C90009DBF38BDB0C9051238B50546FEF7D6FC64
:101CA0009DB16C698CB1696879B10B786BB10748EB
:101CB00002F055F82146032382B2E28321F8203F47
:101CC0002846BDE83840FFF781BF38BDB0C90512CE
:101CD000F8B50446002859D04669002E56D0002297
:101CE000836805695A6083682A48996802F045F953
:101CF000C0B2C31CB073B3816168002947D00F78AC
:101D000067B1871D234802F02AF83146032382B2C7
:101D10003282204621F8123FFFF758FFE38BB28949
:101D2000DB1B1BB223EAE373B3FBF2F3012BB8BF57
:101D300001239BB233810133C3F34E0373812B68BC
:101D4000A28BB3F9043013489B1A03EBD3735B10D7
:101D50002362A368996802F002F880B2F080A38B36
:101D6000063B9BB2834200F1040000B21BB22CBFC1
:101D7000002201229842A8BF184600237380032343
:101D8000520020EAE070F2733080B380F8BD0F4655
:101D9000C4E700BFB0C9051238B50546FEF752FAD0
:101DA0009DB16C698CB1696879B10B786BB10748EA
:101DB00001F0D5FF2146032382B2A28221F8163F0B
:101DC0002846BDE83840FFF701BF38BDB0C905124D
:101DD000F0B5044689B0002851D0D0E90465016A05
:101DE000838B426A0B440693C38B04911344059280
:101DF000079304A9306801F05CF9D4E908120520C2
:101E00000127A38BCDE90107E08B0B441044009020
:101E1000306801F0D4FEB5F9203021463046EA8B17
:101E2000FEF78EFE2B683BB39B6873B16B89E18B29
:101E3000626ACDE9017305F10E03009302EB5102D2
:101E4000104B6968306802F027F82B685B689BB11B
:101E5000E38B626A216A02EB53022B8902311A4436
:101E600003230293A8891A440190A08B043880B2FE
:101E70000090306800F086FD306801F051F909B03B
:101E8000F0BD00BFB0C9051230B50C4691B0A8B185
:101E900085689DB13C22002101A822F0B5FF2B1DD1
:101EA00003936B6801A8CDE90634054B0493E62340
:101EB0000A9302238DF83530FDF75CFE11B030BD7A
:101EC0005B00041270B50E4615469EB048B34469D7
:101ED0003CB33C220021684622F096FF3C220021C0
:101EE0000DEB020022F090FF2346029433F9022BFF
:101EF0004FF4C871CDE9052602220B4809910390E1
:101F00008DF831201193B4F9023012906846CDE972
:101F1000143518918DF86D20FDF72CFE0FA8FDF7F4
:101F200029FE1EB070BD00BF5500041270B50C46EE
:101F300090B0E8B14569DDB105F10C063046FDF71A
:101F400061FEAB89A34213D03C22002101A822F0FC
:101F50005BFFAB8901A8CDE90634064B03960493D9
:101F60004FF4C8730A9302238DF83530FDF702FE53
:101F700010B070BD4F000412F8B5044648B345696F
:101F800085B12B6873B15A6862B19F6857B105F18A
:101F90000E060F2231461868B84731460D4801F049
:101FA000DEFE6881A38B6A899B1A226A03EBD373D6
:101FB00002EB63022B686A604BB1596811B1186873
:101FC000884701462046BDE8F840FFF7AFBF1946F5
:101FD000F8E7F8BDB0C9051270B50E4615469EB0BB
:101FE00050B3446944B33C220021684622F00CFF00
:101FF0003C2200210DEB020022F006FF04F10C034D
:102000000293A3894FF4C872CDE9053602230B4928
:1020100004F10A00039109928DF831301190608922
:102020001291CDE91405684618928DF86D30FDF7D0
:10203000A1FD0FA8FDF79EFD1EB070BD5500041256
:1020400070B1C389416982682BB1B2F91820B1F926
:102050000610FFF7C1BFB2F90020B1F90410F8E78C
:1020600070470000F0B50F4616461D46044691B075
:10207000B0B13C22002101A822F0C6FE094B01218B
:1020800004934FF4C873243401A8CDE90676039471
:102090000A938DF83550FDF7AFFE01A8FDF76AFDF4
:1020A00011B0F0BD5B0004122DE9F04F0446AFB053
:1020B000002800F0A180002900F09E804569002DD5
:1020C00000F09A800769002F00F096800B78032BB0
:1020D00040F09980B0F80E904946FDF7C7FF1823ED
:1020E00003FB09F9A268064602EB0903DB68002B33
:1020F00000F08580B3F900A02B89B4F81C80002182
:10210000A8EB43081FFA88FB0FFA88F8C2F8008092
:1021100001A83C2222F078FEA36801A80393ABEB50
:102120000A0303EBD373C6EB63063E4B36B204934C
:102130004FF4C8730A930223CDF818808DF8353018
:102140000796FDF717FD00236B826B81AB81A368B7
:102150004B44DB68002B54D01A680432EA815B6878
:1021600004339BB23C2200212B8210A822F04CFEAB
:1021700005F1120312934FF47A734FF4C8780226D4
:102180001693294B05F1040910A81393CDF8648028
:102190008DF87160FDF7EEFC4846FDF733FDE38BEB
:1021A0002A8800211344AB803C221FA822F02CFE79
:1021B000CDF884902A88E38B1FA813441BB2249384
:1021C000B5F90230CDF8A0802593184B8DF8AD609D
:1021D0002293FDF7CFFC3B68E18BB3F90820204642
:1021E000521AC1F1FF2102EBD27201F57F010423E3
:1021F0005210F631FFF736FF2FB0BDE8F08F9A4648
:102200007AE7EB81AEE7042BF6D10323C28B416A58
:10221000C2F1FF2202F57F02F6322FB0BDE8F04F87
:10222000FFF720BF5B0004124F0004125500041298
:1022300010B428B121B10B78032B04D0042B15D096
:102240005DF8044B70470369C18B1B68B3F9082024
:102250000423521AC1F1FF2102EBD27201F57F0172
:102260005210F6315DF8044BFFF7FCBEC28B03231E
:10227000C2F1FF2202F57F02416AF632F2E770B541
:10228000044628B121B10B78032B02D0042B18D0BF
:1022900070BDD0E904539989FFF748FE2B682046AA
:1022A000B3F908200423E18B521AC1F1FF2102EB9C
:1022B000D27201F57F015210F631BDE87040FFF790
:1022C000D1BEC28B0323C2F1FF2202F57F02416A15
:1022D000F632F2E770B5044628B121B10B78032B32
:1022E00002D0042B1CD070BD436982680569B3F924
:1022F0000410B2F90020FFF76FFE2B682046B3F9F7
:1023000008200423E18B521AC1F1FF2102EBD272A3
:1023100001F57F015210F631BDE87040FFF7A2BE13
:10232000C28B0323C2F1FF2202F57F02416AF6321B
:10233000F2E710B428B121B10B78032B04D0042BA1
:1023400015D05DF8044B70470369C18B1B68B3F966
:1023500008200423521AC1F1FF2102EBD27201F5C9
:102360007F015210F6315DF8044BFFF77BBEC28B44
:102370000323C2F1FF2202F57F02416AF632F2E73F
:10238000F0B5054687B0E0B1D0E90446182303FB59
:1023900001F783680321D81980680DF109030DF155
:1023A0000A0200F0BEFB60B120689DF80930416868
:1023B000312BA1F1030109B216D0322B22D0302BE0
:1023C00002D0002007B0F0BDAA6808240025737D64
:1023D0003A445268033BCDE90045DBB201320A3989
:1023E00000F057FB0A20EDE70023AA68747D3A4409
:1023F0005268009303230532B4FBF3F3073900F06E
:1024000070FBEFE70023AD6803933D446A690493D2
:10241000ADF81430B2F9002003AE9A4205DA2D234C
:102420008DF80C300123524212B242F20F708242F8
:1024300041DD42F2107092FBF0F05F1C18336B44E8
:10244000303003F80C0CFBB24FF47A7092FBF0F0D2
:102450000A2780B2B0FBF7FE07FB1E0003F1010C58
:1024600018336B44303003F80C0C5FFA8CF36420A3
:1024700092FBF0F00A2780B2B0FBF7FE07FB1E00CC
:1024800003F1010C18336B44303003F80C0C5FFA85
:102490008CF30A2792FBF7F080B2B0FBF7FE07FB44
:1024A0001E0003F1010C18336B44303003F80C0CA0
:1024B0005FFA8CF306E0B2F57A7FC5DA632AD6DCE0
:1024C000092AE6DC03F118000DEB00070A2092FB55
:1024D000F0FC00FB1C22303207F80C2C013306AA5A
:1024E00052FA83F3002203F80C2C0123CDE9006398
:1024F0000F39034B6A68206801F059FC142061E72A
:10250000B0C9051270B5044690B030B129B10B784E
:102510004569012B03D0022B5CD010B070BD002D9B
:1025200052D0EB7E002B4FD00021E9764569002D7B
:102530004AD006693C2201A822F066FCAB1D039339
:102540003368B3F90430033B0793314B04934FF4E2
:1025500016730A9302238DF83530636823B11B7814
:1025600013B101A8FDF706FB4FF47A71E289A38944
:1025700002FB011101EB5301B1FBF3F14FF41672B1
:1025800089B22046FEF7D0F8A3689868FDF7DCFF13
:102590002A7D011D961C324609B24FF4167320465F
:1025A000FEF78EF8A3689868FDF7CEFF2B7D688153
:1025B000A268C3EB8371C3EB8103536031464FF4D0
:1025C00016722046FFF746FA204610B0BDE870406C
:1025D000FEF7C8B8002DA0D0A97E00299DD13C22CD
:1025E00001A822F011FC05F11803039308230793B7
:1025F000074B01210493FA2301A80A93FDF7FCFB82
:10260000044B01A80593FDF7B5FA0123AB7684E7E7
:102610004F000412610004122DE9F843054600281A
:102620005ED04669002E5BD01822B0F80E80836819
:10263000878902FB08339868FDF786FFF080AB8B33
:10264000041D063B9BB283422CBF0021012124B212
:102650001BB29C42A8BF1C46F27B708922F002028A
:1026600042EA4102F273328924EAE474BA4223D284
:10267000404521D8A7EB52039845B6BF08F10103A6
:10268000BB1A1B1A9BB2B189A8EB030919FB01F90C
:10269000BA420FFA89F911D328464A462146FFF774
:1026A00011FC0323B380F37B301D23F00103F3738C
:1026B000BDE8F843FDF7A6BA0023E4E7404504D996
:1026C00000212846FFF7E0FBE6E711FB03F1A7EB4B
:1026D00052074942B84509B2F3DBAB685960DBE702
:1026E000BDE8F883F8B50E4617461D46044658B1B6
:1026F00051B14BB10E220021104422F085FB034B57
:10270000C4E901762360A581F8BD00BF90C9051218
:10271000F8B50D4617461E46044678B172B16BB146
:102720000E220021104422F06FFB054BA760002D04
:1027300008BF1D46034B6560A6812360F8BD00BF3E
:10274000BC62051270C90512F8B50D4617461E4643
:102750000446A0B120220021083022F055FB084B8E
:10276000A7832360074BE683002D08BF1D466560E5
:10277000FDF7FCFD10B19DF8183003716061F8BDE4
:1027800050C90512BC620512F8B50D4617461E4623
:102790000446B8B11A2200210E3022F035FB0A4B54
:1027A000A7832360094BE683002D08BF1D46022343
:1027B000A381074B6560A360FDF7D8FD08B1069BB8
:1027C00003606061F8BD00BF30C90512BC6205122C
:1027D000EC8F0020F8B50D4617461E46044698B10A
:1027E00020220021083022F00FFB084BA783236032
:1027F000074BE683002D08BF1D466560FDF7B6FD5B
:1028000008B1069B03606061F8BD00BF10C90512E6
:10281000BC6205122DE9F8430D46DDE9089817461C
:102820001E460446D0B1B9F1000F17D0B8F1000F21
:1028300014D01A2200210E3022F0E6FA084BA783AA
:102840002360084BE683002D08BF1D46C4F808909E
:102850006560A4F80C80FDF789FD6061BDE8F88330
:10286000F0C80512BC6205122DE9F8430D46DDE9FA
:10287000089817461E460446D0B1B9F1000F17D08C
:10288000B8F1000F14D01A2200210E3022F0BCFA49
:10289000084BA7832360084BE683002D08BF1D4625
:1028A000C4F808906560A4F80C80FDF75FFD6061D6
:1028B000BDE8F883D0C80512BC6205122DE9F347C4
:1028C000012791460C4606461D4603EB010A02F11C
:1028D00002085346CDE9008700F022FEBDF828101B
:1028E00053464944A1F10209CDE900174A46214661
:1028F000304600F015FEEB07CDE9009704EB5501DB
:1029000008D442460B460139304600F009FE02B0B9
:10291000BDE8F087032D0CBF0B464B1C4246F3E786
:102920002DE9F34701278A46144606461D4603EB68
:10293000020901F102084346CDE9009700F0F0FDDD
:10294000BDF8283022465344A3F1020A51463046CE
:10295000CDE9009700F0E4FDEB0704EB5502019789
:1029600009D453460092013A4146304600F0D8FD62
:1029700002B0BDE8F087032D0CBF1346531C009333
:102980005346F1E72DE9F74316461F460D468146AB
:10299000BDF82840BDF82C209DF83030002853D0D9
:1029A0000C2C51D9B2F57A7F4ED8A4F10A081FFA3F
:1029B00088F802FB08F84FF47A72B8FBF2F8032BA0
:1029C00042D8DFE803F0021631233B46324600943A
:1029D000FFF774FF0123A219053ACDE90A237B19F9
:1029E000A2EB08022946484603B0BDE8F04300F0D8
:1029F00097BD3B4632460094FFF760FF0123721DEE
:102A00000B9308EB02030A937B19EBE73B46324634
:102A10000094FFF785FF0123691D37440B9332466D
:102A20000A9708EB0103DEE73B4632460094FFF7C6
:102A300077FF01232C44053C37440B933246234651
:102A40000A97A4EB0801CEE703B0BDE8F0837FB599
:102A50009DF8246060B1D0E90145012E98BF2C4655
:102A6000BDF82050A4B2029601950094FFF78AFFAA
:102A700004B070BD1FB54FF0020C01241344009345
:102A80009DF81830CDE9014C0B4401F003F804B077
:102A900010BD2DE9F3470E4617461C4605469DF826
:102AA00028809DF82C90C8B14FF0010A8844144446
:102AB0004346CDE9004A00F01CFEB9F1000F0DD0ED
:102AC0002846023CA8F10203BA1CB11CCDF82CA088
:102AD0000A9402B0BDE8F04700F022BD02B0BDE8A4
:102AE000F0872DE9F7430D4616461F4604469DF82C
:102AF000289098B14FF00108CDF8008000F0D8FE82
:102B0000B9F1000F0AD0324629462046BB1ECDF847
:102B1000288003B0BDE8F04300F07BBE03B0BDE801
:102B2000F083F8B50F4615461E46044630B902B18B
:102B300010800EB100233370002014E007F0DAFF9C
:102B4000022811D9044414F8033CBB420CD114F8F8
:102B5000023C2F2B08D10DB10338288016B114F890
:102B6000013C33700120F8BD002DE2D02880E0E761
:102B70002DE9F04F85B0914688460446BDF83820CF
:102B800000286CD0072B6AD9072A68D91EB20B2EF1
:102B9000D8BF032603EB010A4FEA5303C8BFB610A0
:102BA000591EB14215B2DCBF023B1EB20B2DD8BF7D
:102BB00003254FF0010702EB090B4FEA5202C8BF91
:102BC000AD10531EAB42D8BF023A06EB0803D8BF84
:102BD00015B20AF1FF3A06EB08024146039300974B
:102BE0004B4600F055FBAAEB060605EB09034A46E7
:102BF00041462046009700F0EAFB4B4652463146DC
:102C00002046009700F044FB0BF1FF3B05EB090366
:102C10004A4651462046009700F0D9FBABEB05052C
:102C20005B4641462046039A009700F031FB5B4625
:102C30002A4641462046009700F0C9FB5B465246B3
:102C400031462046009700F023FB5B462A4651465A
:102C500020460E9705B0BDE8F04F00F0B8BB05B0B8
:102C6000BDE8F08FF0B50D46164685B048B141B1CC
:102C700004680027204600F0C7FA204600F072FAE8
:102C800008B905B0F0BD204600F09CFAE368009753
:102C90000193236869465B68013B029323690393B0
:102CA000206800F006FA2B6828469B6898471EB1FA
:102CB000336830469B689847206800F031FA00225C
:102CC0002046024900F091FAD7E700BF716903126C
:102CD00010B504460846FCF7C5FFFDF777F894F8F1
:102CE0004030B8B123F00C0343F00C0384F84030BB
:102CF000FDF774F894F8403038B143F0200384F8BD
:102D00004030BDE81040FDF757B860F3451384F834
:102D1000403010BD23F02803EFE738B505460846DC
:102D2000144619461060BDF81430BDF8102000F0AC
:102D300091F92046BDF81820216800F0F9F9FCF758
:102D4000E3FE2C6038BD2DE9F04F89B08C469DF82C
:102D50004810039100286DD0002B6BD09968002992
:102D600068D01F68002F65DD5968002962DD446E58
:102D7000674400EB0419D9F82440013F6445B8BF0B
:102D800064460094D9F82C40A742A8BF2746009C6F
:102D9000A7424FDBD0F818E0D9F828509645744682
:102DA000B8BF1446AC42B8BF2C4601EB0208D9F8B4
:102DB000305008F1FF384545A8BF4546066AB54280
:102DC000A8BF3546A54235DB009EA6EB0C06029651
:102DD000009EBE1B41EA020717F00707019637D194
:102DE000A24235D1454533D1A4EB0E0EC9104FEAAE
:102DF000EE0EC268009C07EB0E0502FB054502685B
:102E0000029C15441A68019E02FB07449A682244FA
:102E10006C1E3544039E013A7EB114F801CF12F8BE
:102E2000018FA5424CEA080C84F800C0F5D10137A7
:102E3000B942DED109B0BDE8F08F14F801CF12F825
:102E4000018FA5422CEA080C84F800C0F5D1EEE70A
:102E500004F0070104F007060691291B0131C6F1B1
:102E60000807B942A8BF39468B468169C768009EEA
:102E7000611AC91007FB0161DDE90169076839447E
:102E800001F1FF3C31440591A11A079119689F682F
:102E9000049100218E464F44079E06EB0108049ED4
:102EA0004FEAE80A06FB0AFA17F80AA008F0070832
:102EB0002AFA08FA1AF0010F09D0069E06EB01085B
:102EC000012606FA08F84EEA08085FFA88FE013182
:102ED0008B45E1D1039E9CF8011066B14EEA0101D9
:102EE0000CF8011F059909F101096145CED15C4437
:102EF000A542ADDA9EE721EA0E01F1E72DE9F04F98
:102F00008BB09DF85040884602949DF854409446FA
:102F10001F4606460394002800F08E80002B00F028
:102F20008B80012C06D9029C14940BB0BDE8F04FA5
:102F3000FFF709BF9B68002B7ED03B68002B7BDD31
:102F40007C68002C78DD416E434400EB01114A6A35
:102F5000013B4245B8BF42469646CA6A9342A8BF63
:102F60001346734568DB826964446245B8BF6246B4
:102F700015468A6A013C9542B8BF15460A6B9442D1
:102F8000A8BF1446026A9442A8BF1446AC420194FA
:102F900052DBA3EB0E03AEEB08020133059207935D
:102FA000019B05F007095B1B0133C9F1080293423D
:102FB000A8BF1346B1699A46691AF368C91003FBA2
:102FC00001E133681944079B0B440693059B5B1A88
:102FD0000893A5EB0C0309930020089BBC685A18C2
:102FE0003B68224404930346099C04EB0008049CBC
:102FF0004FEAE80B04FB0BFB12F80BB008F00708D4
:103000002BFA08FB1BF0010F08D0012409EB000884
:1030100004FA08F843EA08085FFA88F301308245A9
:10302000E2D1039A5AB963B9069B01318B42D3D1DD
:10303000019B5544AB42B3DA0BB0BDE8F08FFF2BD8
:10304000F2D002980A7810B11A430A70ECE722EA2B
:103050000302FAE7B0B1A9B1002A13DD002B11DD9C
:10306000C0E90012D91001610021C0E90232013A21
:10307000013BC0E90511C0E90723C0E90911C0E916
:103080000B234166704798B191B10B6843618B681F
:10309000C3614B6823F007038361CA68836842F009
:1030A00007029A42A8BF03F1FF330262A8BF03627E
:1030B0007047F0B588B389B3436E022B2EDC03F161
:1030C000010C00EB03130A685E6A9C6A9642B8BF63
:1030D00016465E634A68DD6A9442B8BF14469C6334
:1030E0008A6800EB0C1E9542A8BF1546CEF82C50FE
:1030F0001A6BC9684FEA0C178A42A8BF0A46AE424B
:10310000CEF8302001DC944204DD01225A63002213
:10311000C319DA62C0F864C00120F0BD0020FCE7EA
:1031200028B1436E002BC4BF03F1FF3343667047E1
:1031300038B50446A8B1A1B153071CBF073222F02D
:103140000702082A4FF00005B8BF0822016042605C
:10315000C0E90355856010222946143021F054FE41
:10316000656238BD024630B550B3006838B3916827
:103170008368994224DA0025D160546883680C443E
:103180009C42D4BF04F1FF3303F1FF331361556157
:10319000456843F0070321F00701013D1362D56143
:1031A0009161806894608342A8BF00F1FF334FF0C3
:1031B0000100A8BF13625B1A0133DB10536230BDFC
:1031C0000020FCE710B5044670B1006860B104F15E
:1031D0001401FFF758FFC368626A0021BDE8104080
:1031E0005A43006821F010BE10BD13B50C4648B11B
:1031F00041B1019203681B680093D0E90723D0E92D
:103200000501A04702B010BD38B5044658B10368A7
:103210004BB100251022C0E90355856029461430C2
:1032200021F0F2FD656238BD30B520B3446E00EB8D
:103230000414656A8D421EDCE56A8D421BDBA56ABB
:10324000954218DC246B944215DB8469A24212DBA0
:10325000056AAA420FDCC568141BE41005FB0411C3
:10326000012402F007029440012B0068E2B207D06B
:10327000022B01D03BB130BD435C5A404254FAE7C7
:10328000435C1A43FAE7435C23EA04034354F2E73E
:1032900070B59DF8106080B39142DEBF15460A46B6
:1032A0002946446E00EB0414656AAA42B8BF2A4658
:1032B000E56AA942A8BF294691421EDBA56A246B94
:1032C000AB42B8BF2B469C42A8BF1C468569A542AD
:1032D00013DC036AA34210DBC368651BED1003FB1C
:1032E00005250368012004F00704A040012E2B44AB
:1032F000C4B20CD0022E21D0A6B170BD13F8010BC0
:10330000204303F8010C98188142F7DAF5E7D21A46
:10331000F9E713F8014B044003F8014C9C18A14253
:10332000F7DAEAE7C043D21AF8E713F8010B604076
:1033300003F8010C98188142F7DADEE7D21AF9E7B0
:103340002DE9F04F4FF0000807460D4693461C4606
:103350009146464685B09DF840A00F9BCDF800A051
:1033600004FB03B303930E9B012B4B4622D129464A
:1033700038462A19FFF78CFFB44207D02946039B31
:10338000CDF800A0AA193846FFF782FF013608EBF6
:10339000460808F10108A045A1BF04F1FF3463000D
:1033A000C3F1010398440F9BA6429944D5DD05B0B3
:1033B000BDE8F08F2A463846291BFFF769FFB44263
:1033C000E4D02A46039BCDF800A0A91BDBE72DE93A
:1033D000F0419DF8185000284BD09A42DEBF1E469F
:1033E00013463246446E00EB041EDEF82840A3422A
:1033F000B8BF2346DEF83040A242A8BF224693421F
:1034000037DC8469944234DC066A9E4231DBDEF8A4
:103410002470A342B8BF2346B242A8BF3246B94285
:10342000B8BF394688461C1BC168E4104C43DEF81F
:103430002C700168B845D4BF4444E419D610B6EBEB
:10344000E30F4FEAE30C01EB040803F007071DD17B
:1034500002F00702531C4FF0FF329A404FF0FF3347
:10346000BB4023EA0203012DDBB204D0022D0AD0B7
:103470002DB1BDE8F0810A5D13430B55F9E70A5DF4
:1034800022EA0303F9E70A5D5340F6E74FF0FF0E27
:10349000012D0EFA07FE5FFA8EF71DD0022D24D003
:1034A000F5B1FF27C3680CF101014344B1421FDBB2
:1034B000B445DEDA012102F0070201329140C9B2BF
:1034C0004A1E012DD2B224D0022D26D0002DD0D1FB
:1034D0001A7849420A401EE00B5D1F430F55E0E792
:1034E0000B5D23EA0E030B55DBE70B5D5F40F5E751
:1034F000012D06D0022D08D02DB1C468013123441E
:10350000D4E71F70F9E71D70F7E71C78E4431C70DF
:10351000F3E719780A431A70ABE719784A40FAE7DB
:103520002DE9F04F85B00C4615461F4680460E9E8D
:103530009DF83CA0002839D09942DCBF1C460F46BC
:10354000B542D8BF3346426ED8BF2E4600EB0212BA
:10355000D8BF1D46536A9F42B8BF1F46D36A9C42DC
:10356000A8BF1C46BC4221DB936A9E42B8BF1E46E0
:10357000136B9D42A8BF1D46B54217DB83699E426F
:10358000B8BF1E46036A9D42A8BF1D46B5420DDB6B
:10359000E41B621C0192FF22F310994606F0070615
:1035A000B2404FEAE50B0292D94502DD05B0BDE815
:1035B000F08F5B450CD14FF0FF3205F00701013170
:1035C0008A404FF0FF31B14021EA0201C9B203E065
:1035D000994518D19DF80810D8F81820D8F80C0093
:1035E000A9EBE20200FB0272D8F80000BAF1010F69
:1035F000104413D0BAF1020F35D0BAF1000F20D029
:1036000009F10109D0E7D94506D1012105F00702EA
:10361000013291400139D9E7FF21DDE7FF2905D1CA
:10362000019A039321F0F0FB039BE9E7421E20443B
:1036300012F801CF41EA0C0C824282F800C0F7D1A7
:10364000DEE7FF2903D15146019A0393EAE7C94314
:10365000421E204412F801CF0CEA010C824282F88B
:1036600000C0F7D1CCE7421E204412F801CF81EA16
:103670000C0C824282F800C0F7D1C1E72DE9F74374
:103680000A9D0E4614461F4680469DF82C9068B34E
:103690009942DCBF1E460F46AA42DEBF2B461546A6
:1036A0001C4632462B463946CDF80090FFF7F0FD18
:1036B0002346324639464046CDF80090013CFFF79C
:1036C000E7FDAC4212DD013523462A463946404625
:1036D000CDF80090FFF77BFE23462A463146CDF811
:1036E000289003B0BDE8F043FFF771BE03B0BDE81A
:1036F000F0832DE9F743DDF828900E4617469846EB
:1037000005469DF82C4020B1012C0BD0022C09D08D
:1037100014B103B0BDE8F0830B9403B0BDE8F043EF
:10372000FFF7FEBE4FF0000CCDE9009CFFF7F8FE5E
:1037300043463A4631462846CDE90A9403B0BDE8EF
:10374000F043FFF79BBF2DE9F74F91461C46054616
:103750009DF830800091002858D0002B56DB0026C1
:103760005F00C7F10307009B09EB040A03EB060B9C
:103770005246594643462846FFF756FD009B52469F
:10378000991B8A4643462846FFF74EFDA9EB0402E3
:103790005946434628460192FFF746FD51464346A7
:1037A0002846019AFFF740FD009B06EB090A03EB50
:1037B000040B5246434659462846FFF735FD009B09
:1037C0005246191B8A4643462846FFF72DFDA9EBB2
:1037D00006024346594628460192FFF725FD434617
:1037E00051462846019AFFF71FFD002FA9BF331B42
:1037F00007EB860707EB830304F1FF3406F10106AC
:10380000B4BF063703F10A07A642ACDD03B0BDE83A
:10381000F08F2DE9F04F85B0884691461C4607464B
:103820009DF838A0002840D0002B3EDB002635460E
:10383000A8EB040B08EB040259463846CDF800A06B
:1038400009EB05030392FFF723FD039A3DB15946A7
:103850003846CDF800A0A9EB0503FFF719FDAC42EF
:1038600015D0A8EB050B08EB05025946384609EBC5
:103870000403CDF800A00392FFF70AFD594638462D
:10388000039ACDF800A0A9EB0403FFF701FD013571
:1038900006EB45060136A642A1BF04F1FF346300E2
:1038A000C3F10103F618A542C2DD05B0BDE8F08FF3
:1038B0002DE9F3410F4690461E4605469DF82040EF
:1038C00030B1002B04DB012C0BD0022C09D014B139
:1038D00002B0BDE8F081089402B0BDE8F041FFF706
:1038E00098BF4FF0000CCDF800C0FFF792FF3346B1
:1038F000424639462846089402B0BDE8F041FFF739
:1039000022BF2DE9F04F89B09A4689469346054675
:10391000129B9DF85060002800F0B9805145DEBF31
:1039200052468A4691469B45DEBF1A465B46934601
:10393000A9EB0A020132ABEB03014F1C02EBD27878
:1039400013994FEA68088845A8BF884607EBD771E6
:1039500049108845A8BF884628EAE8740AEB0401A4
:10396000059119190391A9EB04010691ABEB040130
:103970000491B2EB440F4FEA440107910FDDA9EB2C
:1039800004020AEB04010096FFF782FC5B4628461E
:103990000096A9EB04020AEB0401FFF779FC63002F
:1039A000BB420CDADDE90323514628460096FFF7B7
:1039B0000EFDDDE9032349460096FFF708FDB8F147
:1039C000000F64DD4FF000086300C3F10307059B9F
:1039D0002846A3EB0809039B4946A3EB040A524679
:1039E0003346FFF721FCA04508D0039A05993346DA
:1039F0002846A2EB0802091BFFF716FC069B52465D
:103A000003EB080B594633462846FFF70DFCA0454B
:103A100008D0039A069933462846A2EB08022144AF
:103A2000FFF702FC049B594603EB040A5246334657
:103A30002846FFF7F9FBA04507D0049A06993346BC
:103A4000284642442144FFF7EFFB3346524649469D
:103A50002846FFF7E9FBA04507D0049A05993346AD
:103A600028464244091BFFF7DFFB002FA9BFA8EB44
:103A7000040307EB880707EB830304F1FF3408F125
:103A80000108B4BF063703F10A0744459FDA09B0BD
:103A9000BDE8F08F2DE9F04F87B00D461746194667
:103AA000DDE9108306469DF84890002800F08480E8
:103AB0008D42DEBF0A46294615464745D8BF4246D5
:103AC000A5EB0104D8BFB84604F10104D8BF1746DE
:103AD00004EBD47464109C42A8BF1C46A7EB0803F7
:103AE000013303EBD3735B109C42A8BF1C4624EA4E
:103AF000E47AA7EB0A0308EB0A0B9B45049307DC67
:103B0000CDE900395A462B460591FFF709FD059985
:103B1000002C45DD01EB0A04A5EB0A050BF1FF3390
:103B20004246214630460093CDF804902B46FFF7DD
:103B3000F7FCCDE900794FF0FF374FF00108049A08
:103B40002B46214630460132FFF7EAFC53465A46DF
:103B500021463046CDE90077CDF80890FFF7F0FB1D
:103B600053465A4629463046CDE90179CDF80080C2
:103B7000FFF7E6FB534629463046049ACDE9018912
:103B8000CDF80080FFF7DCFB534621463046049A0F
:103B9000CDE91189109707B0BDE8F04FFFF7D0BB12
:103BA000B84509D143462A463046CDF8409007B083
:103BB000BDE8F04FFFF76CBB07B0BDE8F08F2DE913
:103BC000FF470E46DDE90C9A1746984605469DF8D4
:103BD000384020B1012C0BD0022C09D014B104B014
:103BE000BDE8F0870E9404B0BDE8F047FFF752BF80
:103BF0004FF0000CCDF80090CDE901ACFFF74AFF83
:103C000043463A4631462846CDE90DA4CDF83090DA
:103C100004B0BDE8F047FFF774BEF0B568B161B11C
:103C2000082928BF0821AA270026036A82690F41B4
:103C30009D1A0135ED10AE4200DBF0BDC36802688D
:103C400003FB06220023C4689C4201DC0136F2E734
:103C5000B3FBF1F401FB143492F800C047FA04F40A
:103C60000CEA040402F8014B0133ECE710B50A88B2
:103C70008456835C002C04DB1846013292B20A8021
:103C800010BD03F0E004C02C09D1104440789B0122
:103C900000F03F0003F4F86318430232EEE703F04C
:103CA000F004E02C0DD11044847840781B0304F01C
:103CB0003F049BB28001234300F47C60184303322D
:103CC000DCE703F0F804F02C13D11044C4789B0413
:103CD00004F03F0403F4E013234344788078240382
:103CE00004F47C348001234300F47C6018430432E4
:103CF000C4E701323F2092B2C1E770B530B18368AA
:103D000023B1047B03EB0414A34202D14FF0FF3034
:103D100024E09A7B012A14D19A686AB100229D8915
:103D200090B285420BD99E6836F8126001328E42FD
:103D3000F6D1DB88184410E09A89002AEED01033BF
:103D4000E2E7002AEAD11A688A42F8D89888104433
:103D50008842F4D9D8880844801A00B270BD73B57F
:103D60000E4605460024F0B1F9B1ADF80640BDF8A5
:103D70000630F35C13B9204602B070BD0DF10601A8
:103D80003046FFF773FF01462846FFF7B6FF031ED4
:103D9000A9BF6A686B7B02EBC3029378B4BF04EBE4
:103DA0005304E418E3E70446E5E70C46E3E72DE9AE
:103DB000F04F89B01C469DF84C300E4690460746A1
:103DC000DDF848A00393D0B1002C61D0BAF1000F08
:103DD00060D0606898B1206888B1207B78B10023FA
:103DE0008B46ADF812303546BDF812301AF8032074
:103DF00042B95D45ACBFC6EB0500C6EB0B0009B090
:103E0000BDE8F08F0A2A09D1627BAB4503F10103BB
:103E1000B8BFAB469044ADF81230E4E70DF11201A3
:103E20005046FFF723FF01462046FFF766FF0028B4
:103E300003DA637B05EB5305D6E7636813EBC00930
:103E4000D2D033F830204FF6FF739A42CCD099F895
:103E50000500C8B199F80610B1B123689B18C3D00A
:103E600007930023CDE9050194F90E2099F9040088
:103E700099F903100193039B42440093024405AB5C
:103E800038462944FFF73AF899F802301D44ABE769
:103E90002046B4E75046B2E72DE9F04F89B01D4601
:103EA0009DF84C30884603930746DDF848A0149BE4
:103EB000029200285FD0002D5DD0BAF1000F5AD0D9
:103EC000002B58DB6868A0B1286890B1287B80B1CE
:103ED00000220C464FF6FF7BADF8122003EB0109E0
:103EE000BDF812301AF803300BB10A2B04D1A4EB41
:103EF000080009B0BDE8F08F0DF112015046FFF740
:103F0000B5FE01462846FFF7F8FE002806DA6B7B6F
:103F100004EB53034B45EADC1C46E1E76B6813EB0B
:103F2000C00601D12346F7E733F830205A45F9D0CF
:103F3000B37823444B45DADC7079C8B1B179B9B1B3
:103F40002B689B18EED095F90E200793029BCDE9C4
:103F500005011A44002396F9040096F90310019311
:103F6000039B02440093384605AB2144FEF7C6FF8D
:103F7000B3782344D0E70020BBE721B10B7823B10D
:103F800020B1407B7047084670471846704737B5E8
:103F900004468DF80710806E002101F067F9E06E8D
:103FA000002101F063F9012300220DF10701201D1A
:103FB00002F00AFB05460121E06E01F057F92846A0
:103FC00003B030BD2DE9F3470D46DDE90AA7DDE971
:103FD0000C891E460446002800F0D580002900F018
:103FE000D280BAF1000F00F0CE802160A0F87020DE
:103FF0000021A4F87230C0E91978C0F86C903846F6
:1040000001F0B0F94046002101F0ACF904F10408D8
:104010000021484601F0A6F929464B465246404643
:1040200002F07FFA0546002840F0AF8040F6040316
:10403000ADF80030564B69464046019302F094FAC1
:1040400040F602014046F2F74BFE18B1022140460D
:10405000F2F746FE0121384601F008F96420F5F731
:10406000F6F90021384601F001F96420F5F7EFF97F
:104070000121384601F0FAF86420F5F7E8F9AE219D
:104080002046FFF784FFDC212046FFF780FF002158
:104090002046FFF77CFF81212046FFF778FF7F2134
:1040A0002046FFF774FF20212046FFF770FF022112
:1040B0002046FFF76CFFA0212046FFF768FFC021D4
:1040C0002046FFF764FFA8212046FFF760FF711E1E
:1040D000C9B22046FFF75BFFD3212046FFF757FF09
:1040E00000212046FFF753FFD5212046FFF74FFF61
:1040F000F0212046FFF74BFFD9212046FFF747FF6D
:1041000022212046FFF743FFDB212046FFF73FFF38
:1041100035212046FFF73BFFB0212046FFF737FF50
:10412000DA212046FFF733FF202E94BF022112210F
:104130002046FFF72CFFAD212046FFF728FF302156
:104140002046FFF724FF8D212046FFF720FF142192
:104150002046FFF71CFF00212046FFF718FF102123
:104160002046FFF714FFA4212046FFF710FFA621E9
:104170002046FFF70CFFAF212046FFF708FF284637
:1041800002B0BDE8F0870125F9E74FF0FF35F6E70B
:10419000809698002DE9F04F8846044685B00028A7
:1041A0003BD000264FF0100BB246B0F8725000F131
:1041B00004090735C5F3C705F3B29D4206D80121AE
:1041C000E06E05B0BDE8F04F01F050B8B4F8707083
:1041D0000021A06E17FB06F7019301F047F8019B41
:1041E000002263F04F038DF80C3003A903234846E7
:1041F000BFB28DF80DA08DF80EB002F0E5F90121E7
:10420000A06E01F033F800224846B4F8703008EB95
:10421000070102F0D9F90136CEE705B0BDE8F08F0D
:1042200020B1008800EB8000400080B2704740B1B0
:104230000029038806DD632B98BF01339BB20380FE
:1042400001207047002B18BF013BF7E738B506493E
:10425000044615460623054A0548FEF759FA012388
:1042600065602370204638BD556C05121C900020F7
:10427000F4C80020032313B504460193074B6422BE
:104280000093074932230748FEF7EEFA064B93E8FE
:10429000030084E80300204602B010BD6C910020AA
:1042A0005B6C0512CCC80020D0D20512042313B5D4
:1042B00004460193074B64220093074932230748C1
:1042C000FEF7A8FA064B93E8030084E803002046B3
:1042D00002B010BDB4910020726C0512CCC8002051
:1042E000D0D2051213B50446074B64220093074948
:1042F00032230748FEF76EFA064B93E8030084E882
:104300000300204602B010BD14920020906C0512EC
:10431000CCC80020D0D2051213B504460092322337
:10432000642206490648FEF72FFA064B93E803007D
:1043300084E80300204602B010BD00BFA46C051243
:10434000CCC80020D0D20512012313B50446009337
:104350006422322305490648FEF7F6F9054B93E837
:10436000030084E80300204602B010BDB76C0512BC
:10437000CCC80020D0D2051210B50C46114640B171
:104380000388044A204603F05BF9204606F0B2FB9E
:10439000C0B210BD464805120823024A024903482C
:1043A000FEF7A0B9C86C0512AC90002010C900201F
:1043B00010B5044620B95B2207490848F4F780F895
:1043C0000023C4E92333236D9B681BB12046BDE85D
:1043D00010401847184610BDB0D5051237470512D2
:1043E00073B5044620B9222218491948F4F768F831
:1043F000D4F88C00694601AA043002F0D1FC0546CD
:1044000060B120F099FC0022D4F88C306FF00305E5
:104410001A6020F049FD284602B070BD236D5E6A27
:104420004EB9D4F88C004FF0FF33694601AA04302E
:1044300002F0F8FBEFE70246019B20460099B047E7
:10444000019B9842EDD06FF00605E4E702D6051215
:10445000C66D051270B516461D46044628B94FF4C0
:104460008D7215491548F4F72BF8238B9B070ED551
:10447000D4F88C0058B14FF0FF332A46314604304F
:1044800002F034FB30B16FF00200F3F73DFB002582
:10449000284670BD20F050FCD4F88C301A68012AF0
:1044A00007D001221A6020F0FFFC2046FFF798FF9A
:1044B000EEE720F0F9FCEBE7F1D5051237470512DE
:1044C0002DE9F0410D4616461F46044628B94FF423
:1044D00086720A490A48F3F7F3FF238BDB070AD5F4
:1044E000D4F8900038B13B4632462946BDE8F04149
:1044F0004068F2F783BC0020BDE8F081E1D50512E9
:104500003747051213B5044620B9DA222349244857
:10451000F3F7D6FF238B9A0711D50021236D5B6932
:1045200020469847D4F88C00694601AA043002F06E
:1045300037FC20B3238B23F002039BB22383DB07DA
:104540001AD5236D01215B6920469847D4F8903035
:1045500073B15868F2F720FCD4F89030586800F036
:104560009CFAD4F89000F4F7CDF90023C4F8903009
:10457000238B23F001032383002002B010BDD4F865
:104580008C004FF0FF33694601AA043002F04AFB69
:10459000236A002BC6D00099C2E700BFD0D5051210
:1045A000374705122DE9F0410D46044688B020B981
:1045B0006D225C495C48F3F783FF202200216846A6
:1045C00020F022FC15F001066F4603D0E38AD907DC
:1045D00040F1A58015F0020303D0E28A920740F172
:1045E0009E80EDB22583C3B1D4F88C80B8F1000F62
:1045F0000FD12820F4F77CF8054600286FD04346F9
:1046000001220221043002F04BFAC5F80080C4F800
:104610008C50238B43F00203238326B900252846C0
:1046200008B0BDE8F081D4F8900000285AD10820E5
:10463000F4F75EF80646002851D0D4F89400F3F75A
:1046400016FB05463948F3F712FB05441F2D04D924
:10465000A32234493648F3F733FFD4F89450284660
:10466000F3F705FB294602463846F3F76BFAD4F810
:104670009400F3F7FCFA05462C48F3F7F8FA2B49B7
:1046800002467819F3F75EFA2A49D4F89400F3F752
:10469000F6FA58B14FF420720521384600F0DEF9E1
:1046A000054668B13046F4F72DF9B8E72249D4F849
:1046B0009400F3F7E4FA0028ECD14FF4A072EBE792
:1046C00030603846C4F89060F2F796FA7060D4F81B
:1046D0009000456835B9F4F715F9C4F890506FF0BB
:1046E00004059CE701214068F2F7FAFA054688B113
:1046F000C8220C491148F3F7E3FED4F8903058680B
:1047000000F0CBF9D4F89000F4F7FCF80023C4F8DB
:10471000903084E7238B43F0010323837EE76FF01F
:1047200007057CE7C0D5051237470512D76D05127E
:10473000E06D05121A6E05121E6E0512E452051286
:1047400013B5D0F88C3004463BB1D4F88C006946E0
:1047500001AA043002F024FB08B102B010BDD4F865
:104760008C004FF0FF33694601AA043002F05AFA78
:10477000236A002BE9D0204600999847E5E700001E
:1047800070B50C461646054628B94FF4A172264965
:104790002648F3F795FEA4F111022B6D062A3CD8AA
:1047A000DFE802F0040C0E171B262D001C68ECB18C
:1047B000314628462346BDE8704018475C68F6E756
:1047C000DC6814B12846A04704462846FFF7B8FF26
:1047D0000CE01C6954B13168EBE75C6936681CB1C8
:1047E00031462846A0470446002EEED0204670BD34
:1047F0001C69002CFAD028469B693168DBE71C69EC
:10480000366824B131462846DB6998470446002EB5
:10481000ECD12846FFF7E4FDE8E73246214628467A
:10482000BDE870401B6A18471BD6051237470512B2
:10483000F8B50E4615461F46044628B94FF4E372F4
:1048400010491148F3F73CFE062323750023C4E901
:1048500007330E4B45F0040263620D4BC4F89460BD
:10486000A3620C4BE764E3620B4B314623630B4BB3
:10487000204663630A4B92B2A363BDE8F840F2F7A7
:10488000EDB900BF2ED60512C66D0512B143041254
:10489000A545041205450412C144041255440412EE
:1048A0008147041270B504460D462046FFF798FD77
:1048B0000028FAD0236A23B129462046BDE870407B
:1048C000184770BD70B50446D0F8900013461546E1
:1048D00040680A460021F2F7C9FAE36923B1294684
:1048E0002046BDE87040184770BD00002DE9F84330
:1048F00017461E46054620B98D2217491748F3F77B
:10490000DFFDB6F5803F04D38E2213491448F3F738
:10491000D7FD20F011FA5035B5F9109080462846A1
:1049200002F092FAA9EB0009B14509D20D4B1C78AF
:104930000134E4B2012C1C7002D10B48F3F7F8FCEF
:104940003946B2B2284602F099FA0446404620F0B1
:10495000ABFA2046BDE8F8834DD60512226E05124B
:10496000326E05122CC90020486E0512F8B51746A4
:104970001D46044620B931220D490E48F3F7A0FD2B
:10498000B5F5803F04D3322209490B48F3F798FD6F
:1049900020F0D2F939460646AAB204F1500002F0DE
:1049A000AFFA0446304620F07FFA2046F8BD00BF3B
:1049B00040D60512226E0512326E0512142938B542
:1049C000144607D132B1B0F96050503002F03CFAD1
:1049D0002D1A2560002038BDF8B5069F0E461D46ED
:1049E000044620B9FB2215491548F3F769FD25B99E
:1049F000FC2212491348F3F763FDB7F5803F04D357
:104A0000FD220E491048F3F75BFD29463AB204F146
:104A1000500002F0F9F90F2323750023C4E909338C
:104A2000E3620A4B31462363094B20466363094B1B
:104A30000322A363BDE8F840F2F710B95BD6051274
:104A4000DB6D05125B6E0512326E05126D490412A4
:104A5000ED480412BD490412F2F7A6B8F7B50646B0
:104A60000F4601206C21D41CF3F73EFF24F0030411
:104A7000054638B12046F3F73BFE034630B92846D9
:104A8000F3F740FF6FF0040003B0F0BD3A46314643
:104A900028460094FFF7A0FFF6E710B5044648B19A
:104AA000FFF7DAFF606DF3F72DFF2046BDE81040F9
:104AB000F3F728BF10BD08B5036D02461B6923B18B
:104AC0001F2158329847002008BD6FF00500FBE712
:104AD00010B5036D04461B684BB1002198470020B8
:104AE000E38A23F01003E3820023E36110BD6FF03B
:104AF0000500F5E7022938B50546144604DC00290F
:104B000013DC6FF0050026E0A1F11F03032BF8D89A
:104B1000203902290BD8DFE801F0021F25002B6D98
:104B20009B68002BEDD028469847002013E00CB37B
:104B30006A6D236811688B421FD8526893421CD358
:104B40002B6D1B69002BDCD022461F21284698477D
:104B500008B92368AB6538BD64B16B6D0FCB84E8D1
:104B60000F00E2E734B123785A1E012A05D885F8F0
:104B70007430DAE76FF00300EDE74FF0FF30EAE75B
:104B800010B5426DD2E900130C4A914203DD0132A7
:104B90009342B8BF1346002401218365036D80F85A
:104BA00074104466C465C46604671B6813B19847F3
:104BB000204610BD6FF00500FBE700BF3F420F002D
:104BC000F7B51F46036D0546DC681646BCB3A04723
:104BD00095ED167A07EE900A6B6DF8EEC76A1B7BAF
:104BE000D5ED185A022B02BFF8EE677AD6EEA57AF9
:104BF000FCEEE77AF8EE677A95ED176A87EEA67A0B
:104C0000B8EEC66AF0EE477AE6EE257ABDEEE77AB0
:104C10008DED007AB8EEC77A77EEC77A9FED097A04
:104C200067EE877A082F3C4628BF0824FDEEE77A16
:104C3000224669463046CDED017AF2F783FF2046E1
:104C400003B0F0BD0024744970B51646026D0546E8
:104C5000516800295CD09268002A5BD0082B4FF085
:104C6000000459D19047EC6596ED017A9FED2B6ACF
:104C7000B8EEC77AD5ED167AC7EE066A96ED007AD9
:104C8000F8EEE77AB8EEC77AB7EE006A76EE876A92
:104C900086EE277AF4EEC76AF1EE10FA12D46B6D45
:104CA000012493ED027AB8EE477A87EE276A07EE81
:104CB000104AF8EEC75A86EEA57AB4EEC76AF1EE4E
:104CC00010FA1DDB67EE877A012C85ED187AFCEE71
:104CD000E77AC5E9194405F16C0113DC95F87420F5
:104CE000012A0FD10023EB664B602B6D17EE901A53
:104CF00028465B689847B0FA80F04009C00070BD54
:104D00000134D4E733680222EB6673684B60ECE74A
:104D10000846F4E71046F2E72046F0E7002474491D
:104D200010B5044628B94FF4A67211491148F3F79B
:104D3000C7FBE36D0133E365636EA3B9A36E6366DE
:104D400094F87430012B07D1236D9B680BB120467A
:104D500098470023E3662367E36943B12046BDE833
:104D6000104008211847013B6366002BE6D010BDB8
:104D700089D605120B44051270B50D461646044639
:104D800028B940F2791216491648F3F799FB236DBA
:104D90002BB94FF4BD7212491348F3F791FB636DC1
:104DA0002BB940F27B120E491048F3F789FB11230F
:104DB00023750023C4E907330D4BE66463620D4B92
:104DC0002946A3620C4B2046E3620C4B0B22236363
:104DD0000B4B63630B4BA363BDE87040F1F73EBF21
:104DE0006ED605120B4405125F6E0512756E051224
:104DF000814B0412B74A0412D14A0412C14B041267
:104E0000494C0412F54A04120020704770B504465C
:104E10000D461646084900225830F2F7E3FAE36FD0
:104E200013B94FF47A73E367324629462046BDE84A
:104E3000704000F093B900BF8C6E051270B50C463F
:104E4000054620B9302222492248F3F739FB14F4F1
:104E5000007302D0EA8A920537D514F4006002D0BC
:104E6000EA8A160531D514F4807202D0E98AC905A0
:104E70002BD514F4806102D0EE8A760525D5E4B2F4
:104E80008BB14FF4007244F4007423462C8388B134
:104E900044F400642C8342F400622B6D10212846F8
:104EA0009B6898470FE0002AEFD04FF4807244F4DB
:104EB0008074EAE729B143F480632B8342F4806273
:104EC000EBE7002AE9D1002070BD6FF00700FBE797
:104ED000CED605123747051210B5044620B9732205
:104EE00018491948F3F7ECFAA37E012B28D8238B35
:104EF00013F480721FBF4FF4807223F480739BB24F
:104F00002383590541BF23F480639BB2238342F47A
:104F10008062980541BF23F400739BB2238342F45F
:104F2000007219050AD523F40063238342F400625A
:104F3000236D112120469B68984701E0002AF7D194
:104F4000002010BDC1D605123747051270B50D46B9
:104F50001646044620B9A62213491448F3F7B0FABE
:104F6000022D0BD0032D13D0012D0DD0236D324611
:104F700029462046BDE870409B681847E38A43F005
:104F80002003E382002070BDE38A23F02003F8E7CA
:104F9000002EF7D0A37E002BF4D0236D2046BDE871
:104FA00070400021DB681847B2D60512374705125A
:104FB0002DE9F041036D05461C680E46174684B185
:104FC00000F158084FF0FF314046F2F72BFA2B6DF5
:104FD0003A46314628461B68984704464046F2F751
:104FE000F7FA2046BDE8F0811FB5069C02F00402E6
:104FF000ADF80010ADF8062069460122ADF8084072
:105000000393FFF7D5FF0028C8BF204604B010BDAA
:105010002DE9FF41DDF828800F4614461E4605465F
:1050200028B94FF496720D490D48F3F749FA04F088
:10503000040401226946284644F00104ADF80070DA
:10504000ADF80640ADF808800396FFF7B1FF0028E1
:10505000C8BF404604B0BDE8F08100BF9FD605122E
:105060007645051270B5C66C0C46154626B9502219
:1050700005490648F3F724FA2A4621463046BDE89A
:105080007040FFF763BF00BF2CD7051276450512AD
:10509000F7B5C76C0C4615461E4627B93E2209498E
:1050A0000948F3F70DFA25B93F2206490748F3F7F7
:1050B00007FA2B4638460096220CA1B2FFF794FF60
:1050C00003B0F0BD17D7051276450512996E05128B
:1050D000F7B5C76C0C4615461E4627B92A22094962
:1050E0000948F3F7EDF925B92B2206490748F3F7EC
:1050F000E7F92B4638460096220CA1B2FFF788FF4D
:1051000003B0F0BD03D7051276450512996E05125E
:1051100010B5C46C24B91B2204490548F3F7D0F933
:105120002046BDE81040FFF7D7BE00BFEED60512FF
:105130007645051238B5C56C0C4625B912220549CD
:105140000548F3F7BDF921462846BDE83840FFF78A
:1051500075BE00BFDAD6051276450512F8B50D46C4
:105160001646044620B98D220C490D48F3F7A8F9DC
:105170000823002723750B4B2946A3620A4B2046C0
:10518000E3620A4BE4642363094B67626363094B80
:10519000B2B2A363F1F762FD3846F8BD43D70512FA
:1051A000764505123551041211510412D1500412E2
:1051B000915004126550041270B5094D0446D5F89B
:1051C000D0302BB94FF4957206490748F3F778F9B8
:1051D000D5F8D0302146BDE870409B68004818479C
:1051E00030C9002061D70512AB6E051270B51546A7
:1051F0001C46064620B9222208490948F3F760F9FF
:1052000055B1042C08D1D6F8D03030469B68298897
:1052100098476880204670BD0024FBE7B9D7051287
:10522000C26E05124FF6FE73994270B504460D46E4
:10523000164604DD6E220B490B48F3F741F90023B3
:1052400004F1500232F823108D4203D00133202B99
:10525000F8D170BD143304EB8304E37866F347039D
:10526000E370F6E7C3D70512D16E051270B50D4E87
:105270000446D6F8D0300D462BB94FF491720A4946
:105280000A48F3F71DF92A4621460648FFF7CAFFE8
:10529000D6F8D0302A462146BDE870405B68014808
:1052A000184700BF30C900206DD70512AB6E05123C
:1052B00070B514461D46064620B931220B490C48EC
:1052C000F3F7FEF87CB1042D0DD1304662882188B9
:1052D000FFF7A8FFD6F8D03030465B686288218897
:1052E0009847284670BD0025FBE700BFD4D70512BC
:1052F000C26E05124FF6FE73994270B504460D4614
:10530000164604DD402214491448F3F7D9F8FE2E5E
:1053100004DD412210491248F3F7D2F800234FF67A
:10532000FF7004F1500131F82320954205D08242EC
:1053300003D00133202BF6D170BD04EB830214336C
:10534000A2F8505082F8526004EB8304E37823F013
:105350000103E370F0E700BFDFD70512D16E05123D
:10536000E36E051270B50D4E0446D6F8D0300D46EA
:105370002BB94FF48D720A490A48F3F7A1F82A466F
:1053800021460648FFF7B6FFD6F8D0302A46214618
:10539000BDE870401B680148184700BF30C90020B5
:1053A0007AD70512AB6E051270B50E461546044647
:1053B00020B9A02212491348F3F782F8022E08D12F
:1053C000D4F8D0309B6913B10021204698470020C3
:1053D00070BD012E03D1D4F8D030DB69F3E765B19D
:1053E0002046AA782988FFF785FFD4F8D0302046D8
:1053F0001B68AA7829889847E9E74FF0FF30E7E76C
:10540000ECD70512C26E051238B512240F4B104DA1
:105410001C750024DA644FF6FF721D630D4DC3E95D
:1054200007445D630C4DC3E90944DC629D63C3F826
:10543000D010503323F824200134202CFAD1014617
:1054400003220248F1F70AFC002038BD30C90020D1
:10545000ED510412B1520412A95304122DE9F34183
:10546000DFF844801F46D8F8D03004460D46164673
:1054700023B9FB220A490B48F3F722F8D8F8D030B9
:10548000D3F80C80B8F1000F08D033462A462146E5
:1054900005480097C04702B0BDE8F0810620FAE752
:1054A000A7D70512AB6E051230C9002070B51A4E91
:1054B0000446D6F8D0300D462BB94FF48772174901
:1054C0001748F2F7FDFFD6F8D0305B6913B34FF6FB
:1054D000FE739C4204DD592212491348F2F7F0FF93
:1054E0000023124A32F823108C420BD00133202BB8
:1054F000F8D1D6F8D0302A462146BDE870405B6925
:1055000005481847143306EB8303DA7865F3000285
:10551000DA70EEE7062070BD30C9002095D705127D
:10552000AB6E051286D70512D16E051280C9002018
:1055300037B50D46044620B9852206490648F2F7DC
:10554000BFFF236D294620465B6801AA9847019852
:1055500003B030BD7FD80512BF5E051238B50D46C9
:10556000044620B9902208490848F2F7A9FF236DA4
:105570001B6833B1012229462046984700B965656A
:1055800038BD6FF00500FBE771D80512BF5E05124C
:1055900038B50D46044620B9A62209490948F2F754
:1055A0008FFF236D1B683BB1002229462046984798
:1055B00008B9FF23636538BD6FF00500FBE700BF46
:1055C00062D80512BF5E051201282DE9F04105469B
:1055D0000C467EDDD1F804804549404605F098F838
:1055E000A8B9032D0FD1A068F1F706FB414B424A41
:1055F0001860424BA168002818BF1A464048F2F7CD
:1056000097FE00200BE03F48F2F792FEF9E7394E93
:10561000376837B93C48F2F78BFE4FF0FF30BDE8F2
:10562000F0814046394905F073F8C0B9032D5CD1CB
:10563000A06801F061FD01463846FFF78FFF2F4D4E
:105640002D4B3668002818BF1D46A06801F054FD98
:105650002B46314602462E48F2F76AFED1E7404615
:105660002C4905F055F8A0B9032D10D1A06801F020
:1056700043FD01463846FFF75BFF0546A0683668E4
:1056800001F03AFD2B46024631462348E4E7234821
:10569000BAE74046224905F03BF8C0B9032D14D1C2
:1056A000A06801F029FD01463846FFF771FF134D50
:1056B000114B3668002818BF1D46A06801F01CFD7C
:1056C0002B46024631461748C6E717489CE717485D
:1056D0009AE71748F2F72CFE0A48F2F729FE0F481E
:1056E000F2F726FE1048F2F723FE12488CE700BFBF
:1056F000F76E051204CA0020EF6E0512514B051219
:10570000FD6E05120B6F0512376F0512626F0512E1
:10571000696F0512305A0512B16F0512D76F051265
:105720000F700512177005123270051260700512A5
:105730008E700512846F0512036D1B6803B1184744
:1057400018467047F0B505460F468BB01646002147
:1057500022220DF106001C461FF056FB2B6DADF802
:1057600004701B6813B920460BB0F0BD8321284696
:1057700001AA984710B9039B3360F4E70020F3E7D0
:10578000F0B505460F468BB01646002122220DF1DA
:1057900006001C461FF038FB2B6DADF804701B682B
:1057A00013B920460BB0F0BD8321284601AA9847C3
:1057B00008B10020F6E73368822103932B6D284659
:1057C0001B6801AA98470028EBD0F2E7F8B5044619
:1057D0000D461746002154221E461FF015FB084BAC
:1057E000C4E913672363074B29466363064B2046CE
:1057F000A363122323750322BDE8F840F1F72EBA04
:105800004557041281570412395704122DE9F0410B
:1058100005468CB0002090460C46F9F7F1FECDE924
:105820000001F3F719FC6846F9F724FE034603AEBE
:1058300000F12002374618685968083303C79342BD
:105840003E46F7D11868A5F26C753860F3F712FC84
:10585000013C03A8CDE90684089504F041FACDE99E
:1058600000010748F1F7C8F930B16A461121F1F794
:1058700035FB0CB0BDE8F0814FF0FF30F9E700BF19
:105880009A4705122DE9F04180468CB0002016465B
:105890000F46F9F7B5FECDE90001F3F7DDFB6846E9
:1058A000F9F7E8FD034603AC00F12002254618682D
:1058B0005968083303C593422C46F7D1186828600D
:1058C000F3F7D8FB03A8CDE90478039604F008FAAF
:1058D000CDE900010648F1F78FF930B16A46112190
:1058E000F1F7FCFA0CB0BDE8F0814FF0FF30F9E7BA
:1058F0009A47051207B50020F9F782FECDE90001AD
:10590000684604F0DBF801460248F2F711FD03B0E7
:105910005DF804FBAA68051201282DE9F7430C463F
:105920000ED10020F9F76CFECDE90001684604F0C5
:10593000C5F801462C48F2F7FBFC03B0BDE8F08344
:1059400006284CD9486801F0D7FB0746A06801F04B
:10595000D3FB5FFA80F8E06801F0CEFB8146206956
:1059600001F0CAFB0546606901F0C6FB0646A06966
:1059700001F0C2FBA7F2B2739BB2812B05D91B4881
:1059800003B0BDE8F043F2F7D3BC08F1FF330B2BB3
:1059900001D91748F4E709F1FF33DBB21E2B01D917
:1059A0001448EDE7EDB2172D01D91348E8E7F6B238
:1059B0003B2E01D91148E3E7C4B23B2C01D9104872
:1059C000DEE741465FFA89F2B8B2FFF71FFF2246D1
:1059D0003146284603B0BDE8F043FFF753BF0948FE
:1059E000F2F7A6FC0848CBE7475F0512977005124F
:1059F000B9700512D7700512F370051210710512F7
:105A00002F7105124E7105128871051238B5C56DDA
:105A100004462DB940F261120B490C48F2F750FDD3
:105A2000AA88EB889A4205D1A86810B1A06DC0F38E
:105A30008F2038BD9DBFA06D9B1AC0F38F20D01A58
:105A400098BFC01AF5E700BF2DDA0512AF71051235
:105A500010B5044628B940F2312209490948F2F745
:105A60002FFD0023C4E91733236D1B682BB120469B
:105A700004F15401BDE810401847184610BD00BF9E
:105A800096D905123747051270B5066A05460C46C9
:105A900026B9B42210491148F2F712FD6B69DA07F2
:105AA00017D42CB123681BB1214606F1400098475A
:105AB000F46D1FF041F9E288A3889A4207D1A468E7
:105AC000631E5C425C411FF0EFF9204670BD01246B
:105AD000F9E70024F9E700BF6DDA05125C4505120D
:105AE00070B50E461546044628B940F2AF32234938
:105AF0002348F2F7E5FC022E27D00CDC214B9E4216
:105B00002DD0012E27D0236D2A4631462046BDE8F0
:105B100070405B681847032EF5D1D5B16A68A36D54
:105B2000C2F38F22C3F38F239A42A67E00D016BB06
:105B300095E8030004F1540383E803004EB1236D9C
:105B4000294620461B68984703E0E38A43F0200378
:105B5000E382002070BDE38A23F02003F8E71FF002
:105B6000EBF806462046FFF751FF044630461FF08B
:105B70009BF92C60EDE70720ECE700BF4ADA05123D
:105B8000374705127F6604801346006A0A464FF0C5
:105B9000FF31F1F76BB92DE9F04205460E46174685
:105BA000046A04F140093B4632464FF0FF3120467B
:105BB000F1F724F900280BDC6B6913F4804105D15F
:105BC0004FF0FF32484601F037FAECE76FF00A0079
:105BD000BDE8F082006AF1F781B910B5046A0021CE
:105BE0002046F1F7A3F92046F1F7D6F8002010BDC2
:105BF00070B5066A054626B943221D491D48F2F7CD
:105C00005FFC6B6903F00303012B2CD0022B0ED039
:105C10005BB31948F2F78CFB6969184801F003017E
:105C2000F2F786FB1648F2F783FB00240CE0F38AB8
:105C300040F6030413F4006F08BF03249B054CBF18
:105C400044F4007444F480746B6903F00303012B83
:105C500003D030460B49F1F769F921463046BDE8DB
:105C60007040F1F73DB80224EEE740F20114EBE793
:105C70005CDA05125C450512C2710512CC71051281
:105C8000F25C0512895C041208B50121403001F074
:105C9000A8F9002008BD00002DE9F0410D4604469A
:105CA00028B94FF411727A497A48F2F709FC15F4D1
:105CB000007303D0E28A910540F1E68015F4006795
:105CC00003D0E28A120540F1DF8015F4807203D020
:105CD000E18ACE0540F1D88015F4806803D0E18ACE
:105CE000480540F1D180690658BF267EE16D5CBF52
:105CF000C6F38016B601EDB24CBF4026B6B225837E
:105D0000002940F08A80002A4CD0A06DC0F38F207B
:105D10000C30F2F7EDFC054628B940F263225C49ED
:105D20005D48F2F7CDFB05F10C002860A26D002163
:105D3000C2F38F221FF04CF80023C5E90133238BF7
:105D4000E56543F480732383236D4FF48072102143
:105D500020465B689847236E002B40F08880B8F19E
:105D6000000F64D00C20F2F7C3FC054628B940F2BE
:105D7000A52247494948F2F7A3FB284600F0E6FD73
:105D80004FF480621021238B256643F480632383C4
:105D9000236D5B68204698470020238B1E43268393
:105DA000BDE8F081002BD6D0A06D3D4B034093B9E8
:105DB0000420F2F79DFC054628B940F277223449C9
:105DC0003848F2F77DFB00232B60E565238B43F415
:105DD00000732383BFE7C0F38F200C30F2F788FCF9
:105DE000054628B940F2822229492B48F2F768FB80
:105DF00005F10C002860A26D0021C2F38F221EF075
:105E0000E7FF0023C5E90133236DE5654FF4007218
:105E1000032120465B689847D8E71AB145F480759E
:105E2000258398E7002B96D045F40075F8E7002FFE
:105E3000B2D02820F2F75CFC054628B94FF42D7249
:105E400013491948F2F73CFB002328460422082195
:105E500040F8043B00F024FE238B256643F40063E6
:105E60002383236D4FF4006203215B6892E7238B49
:105E7000B8F1000F03D043F4806323838CE7002F35
:105E80008AD043F40063F8E76FF0070088E700BFAB
:105E9000A5D9051237470512AF710512FC7105121D
:105EA00000FCFF03EA7105120F7205122DE9F041A3
:105EB00015461E46044628B940F232323049314870
:105EC000F2F7FEFAFEB1238B13F480681ED0D4F8EB
:105ED0006080B8F1000F05D140F24B122A492B48DF
:105EE000F2F7EEFA3746236D297820469B689847EB
:105EF0000146481C03D1404600F040FDF3E7013F56
:105F000005F10105EFD13046BDE8F0811A0520D535
:105F1000276E4FF0FF3332462946381D00F0E6FD6C
:105F200098B91EF009FF3B68012B0BD001233B60A1
:105F30001EF0BAFF236D32461F6929460223204610
:105F4000B847E0E71EF0B0FFDDE7F1F7DDFD4646BC
:105F5000D9E7AF1915F8013B0A2B07D1238B5B0654
:105F600004D5236D0D2120469B689847236D20465C
:105F70009B6815F8011C9847AF42EBD1C3E700BFFF
:105F80001DDA0512374705120EDA051221720512C5
:105F90002DE9F04717461D46044628B94FF44672CE
:105FA0007A497B48F2F78CFA002D7CD0238BD905F7
:105FB0003CD5D4F85C90B9F1000F05D14FF48D7247
:105FC00074497548F2F77CFA2E464FF000081BE042
:105FD000D9F80020084612F803A001339BB2A9F8B3
:105FE0000630A26DC2F38F229A4298BF0023BCF103
:105FF000010F08BFC9F80880A9F806301EF054FF49
:10600000013E07F801AB0FD01EF096FEB9F806303E
:10601000B9F8042001469A42D9F808C0D8D1BCF199
:10602000000FD5D11EF040FFAD1B3CE09A0540F1BA
:106030009A802FB94FF4E87258495948F2F740FA5C
:106040001EF07AFEA26D574B80461340D4F85C9048
:106050007BBBB9F1000F05D14FF4ED724F495248A7
:10606000F2F72EFAD9F80030012B1FD00123C9F81E
:106070000030236D1B692BB940F2DF1247494B48B2
:10608000F2F71EFA236D20461E692A46012339467F
:10609000B047002440461EF007FF24B16FF0060011
:1060A000F1F732FD00252846BDE8F0876FF00604C1
:1060B000F0E72046FFF7AAFC0646B9F1000F05D12C
:1060C00040F2EF1235493448F2F7FAF9AE42A8BF70
:1060D0002E46B9F80620A36DD9F80010C3F38F231C
:1060E00090199842354611442DD232463846F1F780
:1060F00029FDE76D2FB94FF4C6722D492648F2F7F6
:10610000DFF92046FFF782FCB04205D240F28D1243
:1061100027492848F2F7D4F9BB6813B10EB1002320
:10612000BB60FB8840461E44B6B2FE80A36DC3F33D
:106130008F239E4222BFB6FBF3F203FB1266FE8062
:106140001EF0B2FEAFE79A1A3846F1F7FBFCA06DDD
:10615000B9F80630C0F38F201A1AC01AD9F8001007
:1061600032443844C3E72E46236D2046DB68984707
:10617000431C3FF459AF0A2807F8010B06F1FF361C
:106180003FF452AF002EEFD14EE700BFFFD905120A
:1061900037470512F0D90512AF710512E1D9051282
:1061A0002F72051200FCFF03EA71051258720512E6
:1061B000C4D905127D72051238B5044628B94FF4CA
:1061C000367234493448F2F77BF9A37E012B35D877
:1061D000238BD80534D5236D4FF480725B68112171
:1061E00020469847238B23F480732383E36D2BB9D8
:1061F00040F2E32227492948F2F762F9E06DF2F70D
:1062000081FB0023E365238B5A052CD5236D4FF4C6
:1062100080625B68112120469847238B23F48063BA
:106220002383236E2BB940F2F7221A491C48F2F758
:1062300047F9206EF2F766FB00232366002038BD85
:106240009905E0D5236D4FF400725B68112120465B
:106250009847238B23F400732383E36D002BCDD168
:106260004FF43B72C6E71B05E8D5236D4FF400627F
:106270005B68112120469847238B256E23F4006329
:1062800023832DB940F2053202490648F2F718F986
:106290002846CFE7B4D9051237470512A372051275
:1062A000BD7205120F720512F8B50D4616461F464F
:1062B000044628B94FF491620E490F48F2F700F9ED
:1062C0000023C4E9073323750C4B294663620C4B4A
:1062D0002046A3620B4BE764E3620B4BB2B223632D
:1062E0000A4B63630A4BA363F0F7B8FC094BE36303
:1062F000F8BD00BF7EDA05126D430512515A041233
:10630000995C0412B9610412915F0412AD5E04122B
:10631000E15A041294DA05122DE9FF41CBB2013B98
:106320000446032B72D8DFE803F0024F7755C56DA2
:106330002DB940F2B4426A496A48F2F7C1F8012621
:106340000027236D2046DB689847B0F1FF3F804669
:1063500020D01EF0F1FCAB882A6802F80380AB88DD
:1063600001339BB2AB80A26DC2F38F229A4298BFD9
:106370000023EA88AB809A4209D1531C9BB2EB8080
:10638000AE60A26DC2F38F229A4298BFEF801EF0DA
:106390008BFDD6E7E369002B38D01EF0CDFCAA8830
:1063A000EB889A423DBFA56D9B1AC5F38F25D51A80
:1063B00038BFED1A1EF078FD45B3E3692946204643
:1063C00004B0BDE8F0411847006E04B0BDE8F041EC
:1063D00000F03EBB056E02AA2E1D03A90023304625
:1063E00000F020FC304602AA01A900F0D9FC80B9D7
:1063F00001232B60236D2046DDE901121D69022374
:10640000A847236A13B120460399984704B0BDE812
:10641000F08100232B60F4E7826D334B0D121340A3
:10642000B3B9C66D2EB940F213522D492F48F2F779
:1064300047F8E3692BB940F2155229492C48F2F785
:106440003FF8E36929462046984700233360DDE79B
:106450001EF072FCE76D06462FB94FF4D172254944
:106460002048F2F72DF8BB88FA88591989B29A4268
:10647000B98011D8A36DC3F38F238B4219D8B1FB18
:10648000F3F003FB101189B28A42B98011D80123BD
:10649000BB60BA88FA800FE08A420AD8A36DC3F3C2
:1064A0008F238B429EBFB1FBF3F203FB1211B98025
:1064B000EDE7BB68012BECD0A36D2046C3F38F231F
:1064C00093429CBF0023FB80FFF7A0FA05463046AD
:1064D0001EF0EAFCE369002B7FF470AF96E700BF83
:1064E00085D90512AF71051200FCFF03EA71051290
:1064F000D772051268D90512F8B505460F461E4633
:1065000000F0CEF9044650B90246394605F158006C
:10651000F0F768FF01236E65EC6785F85030204680
:10652000F8BD70B5054610460C461E46F0F764FBF4
:10653000B8B1037D0B2B14D12865C28A214622F005
:10654000F00212052846120D00F0D2F9044630B9C7
:106550000146082205F154001EF03AFCEE64204684
:1065600070BD4FF0FF34FAE738B50D46044620B948
:106570004E2213491348F1F7A3FF6B78206D84F87E
:1065800055302B7884F854306B68A3656B88A4F879
:10659000563098B14FF0FF315830F0F743FF68B9EB
:1065A000236DDA6FA24205D15B6D20461B6804F1B2
:1065B00054019847206D5830F1F70AF8002038BD93
:1065C000C8DA05125C4505122DE9F04188461746E8
:1065D0001E46044686B028B94FF4857223492448E4
:1065E000F1F76EFF236D2BB940F20B121F492148C2
:1065F000F1F766FF206D4FF0FF315830F0F712FFD2
:10660000054650BB236DDA6FA24208D05B6D204671
:106610001B6804F154019847B0B9236DDC6700236F
:1066200004939DF81430039623F0030343F003030F
:106630008DF81430236D20465B6DCDE901879B6892
:1066400001A99847054618B96FF00700F1F75CFA01
:10665000206D5830F0F7BCFF04E06FF00700F1F751
:1066600053FA0025284606B0BDE8F081B8DA0512D5
:106670005C4505126E4505120020704770B50C464A
:10668000054620B97C2223492348F1F719FF14F469
:10669000007302D0EA8A920538D514F4006002D063
:1066A000EA8A160532D514F4807202D0E98AC90547
:1066B0002CD514F4806102D0EE8A760526D5E4B29A
:1066C00093B14FF4007244F4007423462C8390B1CC
:1066D00044F400642C8342F400622B6D10215B6D46
:1066E00028465B6898470FE0002AEED04FF480728E
:1066F00044F48074E9E729B143F480632B8342F4C6
:106700008062EAE7002AE8D1002070BD6FF0070040
:10671000FBE700BFD9DA05123747051270B51546F9
:106720001E46044620B9252209490A48F1F7C8FE49
:10673000E36F23B9262206490748F1F7C1FE334625
:106740002946E06F0022BDE87040FFF73DBF00BF63
:1067500056DB051276450512FD72051270B5154619
:106760001E46044620B9172209490A48F1F7A8FE37
:10677000E36F23B9182206490748F1F7A1FE334613
:106780002A46E06F0021BDE87040FFF71DBF00BF43
:1067900041DB051276450512FD72051270B51546EE
:1067A0001E46044628B94FF489720A490A48F1F78F
:1067B00087FE236D2BB940F2131206490748F1F703
:1067C0007FFE334629462046BDE870400022FFF791
:1067D000FBBE00BF16DB05125C4505126E450512B7
:1067E00070B515461E46044628B94FF482720A4910
:1067F0000A48F1F765FE236D2BB940F205120649F0
:106800000748F1F75DFE33462A462046BDE8704052
:106810000021FFF7D9BE00BF02DB05125C4505125F
:106820006E45051210B5044620B9CA2219491A4806
:10683000F1F746FEA37E012B29D8238B13F4807237
:106840001FBF4FF4807223F480739BB223835905DA
:1068500041BF23F480639BB2238342F48062980596
:1068600041BF23F400739BB2238342F400721905E5
:106870000BD523F40063238342F40062236D1121BE
:106880005B6D20465B68984701E0002AF6D1002046
:1068900010BD00BFEDDA0512374705120020704722
:1068A00070B50D461646044620B958220B490C48CF
:1068B000F1F706FE0B2323750023C4E90933E362D5
:1068C000084B29462363084B20466363074BB2B24B
:1068D000A363BDE87040F0F7C1B900BF6CDB0512DF
:1068E000764505125D6704121D670412796604126D
:1068F00070B50D461646044628B940F241120C49BF
:106900000C48F1F7DDFD0C232375002363620A4B6D
:106910002946A362094B2046E362094BB2B22363C6
:10692000084B6363084BA363BDE87040F0F796B96A
:106930002BDB0512374705127D6604122568041209
:10694000E16704129D6704129D68041210B50446A5
:1069500020B9152207490848F1F7B2FD1EF0ECF9FD
:106960002346002243F8042BC4E90133BDE810405C
:106970001EF09ABAA9DB051213730512F7B5044687
:10698000019120B924222D492D48F1F799FDF2F704
:10699000FFFB05461EF0D0F923680646012B48D0C0
:1069A0006368271D9F4204D02D2224492548F1F712
:1069B00087FD019B002B3ED0002328462B63F2F776
:1069C00061FCA26805F114031360A268AA61A360C8
:1069D0006F611EF0B1F90746F0F7D8FE40B11749D4
:1069E0001948F1F7A5FC402214491848F1F768FD51
:1069F00038461EF059FA019B002B09DD05F14C07C2
:106A00000021384601AAF2F7B5FF3846F2F7FCFE3E
:106A100030461EF049FAF2F777FA2D6B1EF08CF92A
:106A200006460023236030461EF03EFA284603B097
:106A3000F0BD0025F5E76FF00105F4E796DB0512E0
:106A40001373051229730512E6520512E45205125A
:106A500038B5044620B964220F491048F1F730FDDB
:106A60002368012B17D01EF067F90123236054F827
:106A7000043F0546A3420AD0A3F11400F2F7EEFC4E
:106A800028461EF011FABDE83840F2F73DBABDE8DD
:106A900038401EF009BA38BD83DB051213730512A6
:106AA000F8B50D4616461F46044620B91C220D496E
:106AB0000D48F1F705FD0023A36004F11003C4E9BC
:106AC000043304F11803C4E9063327622580668085
:106AD000E800F1F70DFEE06000280CBF6FF0040045
:106AE0000020F8BDF4DB0512587305122DE9F347B9
:106AF000884617460446019320B93C22454946483A
:106B0000F1F7DEFCF2F744FB05461EF015F90646E8
:106B1000638921892288591A914228D0B3FBF2F166
:106B200002FB1133E2689BB242F83380638922880A
:106B3000B3FBF2F102FB1133E2689BB202EBC3023A
:106B40005760638901336381234653F8180F9842D5
:106B50005DD01438F2F782FC30461EF0A5F9F2F74A
:106B6000D3F94FF00009484602B0BDE8F087019B19
:106B7000002B49D01EF0E0F88146F0F707FE40B147
:106B800024492648F1F7D4FB4D2222492448F1F745
:106B900097FC4FF0000A48461EF086F92846C5F8D3
:106BA00030A0F2F76FFB626905F1140313606269AC
:106BB000AA61636104F110036B61019B534509DD18
:106BC00005F14C095146484601AAF2F7D3FE484662
:106BD000F2F71AFE30461EF067F9F2F795F9D5F88C
:106BE00030901EF0A9F80646B9F1000F90D030465B
:106BF0001EF05AF9B9F1000FB5D1236A002BB0D0BD
:106C0000022120469847ACE76FF00109EFE74FF00B
:106C10000009ECE7E1DB051258730512E652051294
:106C2000E45205122DE9F3478846174604460193BE
:106C300020B9952254495548F1F742FCB8F1000FAC
:106C400004D1962250495248F1F73AFC27B99722CD
:106C50004D495048F1F734FCF2F79AFA06461EF017
:106C60006BF80546238962899A4237D02288B3FBA4
:106C7000F2F102FB1133E2689BB252F83330C8F8EC
:106C8000003023892288B3FBF2F102FB1133E26862
:106C90009BB202EBC30253683B60238962890133D4
:106CA0009BB22381D31A6288934269DC234653F84E
:106CB000100F98425DD01438F2F7D0FB28461EF032
:106CC000F3F8F2F721F9236A13B10321204698471C
:106CD0004FF00009484602B0BDE8F087019B002B49
:106CE0004BD01EF029F88146F0F750FD40B12649FF
:106CF0002948F1F71DFBA72223492848F1F7E0FBBB
:106D00004FF0000A48461EF0CFF83046C6F830A0D3
:106D1000F2F7B8FAE26906F114031360E269B261AE
:106D2000E36104F118037361019B534509DD06F12A
:106D30004C095146484601AAF2F71CFE4846F2F7B4
:106D400063FD28461EF0B0F8F2F7DEF8D6F8309072
:106D50001DF0F2FF0546B9F1000F83D028461EF062
:106D6000A3F8B9F1000FB5D1236A002BB0D00121EF
:106D7000ACE728461EF098F8A5E76FF00109EDE7AB
:106D80004FF00009EAE700BFCFDB05125873051288
:106D9000697305127D730512E6520512E45205125D
:106DA00070B50E461546044620B9F8221449154818
:106DB000F1F786FB1DF0C0FF238962899A4204D156
:106DC0001EF072F86FF0030070BD2288B3FBF2F181
:106DD00002FB1133E2689BB252F8333033602288F1
:106DE0002389B3FBF2F102FB1133E2689BB202EBA1
:106DF000C3035B682B601EF057F80020E4E700BF78
:106E0000BCDB05125873051270B50E4615460446D4
:106E100020B92A2209490A48F1F752FB002D04DC67
:106E20002B2206490748F1F74BFB0023C4E9006613
:106E3000C4E9023325F00305258270BD3FDC05124D
:106E40008D7305129B730512D0E902310246080CBE
:106E5000B0EB134F08D0D189538999420BD8B2F9BE
:106E600010005B1AC01A70474B4013F0FF00FAD0B5
:106E7000B2F910007047C81A704700002DE9F041C0
:106E80000E469046044620B960221B491B48F1F784
:106E900017FB2046FFF7D8FFB4F910703D1AADB2CA
:106EA0007DB1454528BF4546E3896068FA1AAA4284
:106EB000184409DD2A46314603F0A6FDE3892B4438
:106EC000E3812846BDE8F081314603F09DFDE3896A
:106ED000B4F910106068C91A6A1A314403F094FDBD
:106EE000E289238AD21AA3892A44DB439BB243EA6C
:106EF0000243E360E5E700BF2DDC05128D73051248
:106F0000F8B50E461746044620B9CB221849194851
:106F1000F1F7D6FA2046FFF797FF054690B163894F
:106F2000B4F91020874288BF87B22168D21ABA42CA
:106F30003D46194408DD3A46304603F065FD638955
:106F40002B4463812846F8BD304603F05DFD63891C
:106F5000B4F910002168C01A3A1A304403F054FD05
:106F60002389228ADB43238163899B1AE8E700BFD8
:106F70001BDC05128D73051210B5044628B94FF4B9
:106F8000DA7204490448F1F79BFA0023C4E902339A
:106F900010BD00BF07DC05128D730512002070477D
:106FA00038B504460D461DF0C7FEA2682B1D1360C0
:106FB000A2680434AA6063606C60BDE838401DF0CC
:106FC00073BF10B504461DF0B7FED4E901124A6044
:106FD0006168231D1160C4E90133BDE810401DF054
:106FE00063BF2DE9F041044605460F461DF0A4FE9F
:106FF0000123064645F8043B6468A54208D10024F5
:1070000030461DF051FFACB1BDE8F041F1F77CBF57
:10701000A4F1040839464046A368984740B954F89B
:10702000040CF2F71BFA4046FFF7CBFF0124E7E719
:107030002468E2E7BDE8F0812DE9F04186B00F4613
:1070400014460646F2F7A4F805461DF075FE804684
:10705000F0F79CFB40B124492448F1F769F9562226
:1070600021492348F1F72CFA40461DF01DFF204628
:10707000EFF72AFD009097BB88B3F2F789F81D4B14
:107080000190049302ABCDE9023305971DF054FE45
:1070900033680446012B1AD0304601A9FFF780FF60
:1070A0002846F2F7EFF8009B013308D04C356A46CA
:1070B00039462846F2F75EFC2846F2F7A5FB204643
:1070C0001DF0F2FEF1F720FF1DF036FE044600230E
:1070D000204633601DF0E8FE01A8FFF772FF002094
:1070E00006B0BDE8F08100BF52DC0512E652051281
:1070F000E45205129D6F04120A22002100F00AB921
:10710000024B0A4601461868F8F759BAA4930020C2
:10711000024B01461868F8F73FBA00BFA49300205D
:10712000024B01461868F8F754BA00BFA493002038
:107130002DE9F04F81468E466D4875461EF801BB1D
:1071400010F80B4014F00804F7D1BBF12D0F23F019
:1071500010075DD0BBF12B0F10D0AFB9BBF1300FD2
:1071600000F08D80002B00F0858010236FF07846B2
:107170000F27984600246FF0004A0DE09EF800B0FB
:1071800005F1020E002F60D06FF000479846B7FB64
:10719000F3F6BA4603FB1677002528460EE0ABF15E
:1071A000370C9C451DDA013504D0B04202D822D1FB
:1071B000BC4520DD4FF0FF351EF801BBABF1300CB4
:1071C000BCF1090FEDD9ABF1410CBCF1190FE6D9B7
:1071D000ABF1610CBCF1190F03D8ABF1570C9C4516
:1071E000E1DB6B1C0BD004B1404212B1002D57D132
:1071F0001160BDE8F08F08FB00C00125DCE7222309
:10720000C9F80030002A4DD00EF1FF315046EFE7AB
:107210009EF800B005F1020E67B9BBF1300F44D003
:10722000002B50D10A23334E0827012498464FF0F3
:10723000004AB1E74FF0004A98460124BAFBF3F642
:1072400003FB06F7AAEB0707A6E7BBF1300F89D1CE
:10725000A87800F0DF0058281ED1102395F803B05D
:1072600005F1040E98466FF00047B7FBF8F608FBEF
:1072700016777FE70A231F4E072798467AE79EF87E
:10728000000000F0DF00582806D110239EF801B05E
:1072900005F1030E9846E6E723BB08239846E2E78C
:1072A0008246B1E75046BDE8F08FA87800F0DF00D5
:1072B000582810D0CBB1102398464FF0004A012433
:1072C000BAFBF8F668E710234FF0006601244FF090
:1072D000004A984660E7102395F803B005F1040EC4
:1072E0009846EAE710239846BDE708239846E4E766
:1072F00065DC0512CCCCCC0C242B03D8012B01D09F
:10730000FFF716BF10B5F8F721F916230360002028
:1073100010BD00BF242A134610B509D8012A07D092
:10732000064C0A4601462068BDE81040FFF700BF42
:10733000F8F70CF916230360002010BDA493002079
:107340002DE9F04707460E464548354616F801EB4D
:1073500010F80EC01CF0080CF7D1BEF12D0F63D051
:10736000BEF12B0F3AD0644633F010003ED04FF000
:10737000FF389A46B8FBF3F803FB08F96FEA0909EE
:10738000002528460EE0AEF1370C63451DDD0135C2
:1073900004D0404502D834D1CC4532DD4FF0FF3522
:1073A00016F801EBAEF1300CBCF1090FEDD9AEF1DE
:1073B000410CBCF1190FE6D9AEF1610CBCF1190F0B
:1073C00003D8AEF1570C6345E1DC6B1C25D004B14A
:1073D00040420AB135BB1160BDE8F08733F01000C0
:1073E00096F800E0644605F10206C0D1BEF1300F08
:1073F0001FD05BB90A234FF00509DFF868809A4671
:10740000BEE70AFB00C00125CAE70BB310234FF00B
:107410000F096FF070489A46B2E7222328463B6076
:10742000002AD9D0711ED6E796F800E00124AE1CE0
:107430009AE7307800F0DF005828E6D1102396F85C
:1074400001E04FF00F0902366FF070489A4697E757
:1074500008234FF007096FF060489A4690E700BF95
:1074600065DC051299999919FFF76ABF10B4044CAD
:1074700013460A46014620685DF8044BFFF760BFDB
:10748000A4930020024B0146186800F003B800BF27
:10749000A493002038B5054602F060F8C8B13D213C
:1074A000044601F0F3FF024678B10021012328468B
:1074B00002F8011B214600F00FF80346214628463A
:1074C0001C46F8F786F8204638BD21462846F8F7CE
:1074D00080F80124204638BD2DE9F04F0C4683B0DA
:1074E00007463D2120461546994601F0CFFF00286A
:1074F00040F09780384603F08DFB284603F0FAFAF7
:1075000001AA80462146384603F090FB0646002833
:1075100049D0B9F1000F3FD003F0ECFA804575D99E
:10752000DFF818B1019BDBF800904FEA830A23785B
:1075300041464BB13D2B07D0214611F8013F0BB11D
:107540003D2BFAD1091B414402313846F8F724F8A3
:1075500049F80A0000286BD0DBF800302146019A78
:1075600053F8220011F8013B037063B13D2B0AD0A0
:10757000421C01E03D2B06D011F8013B104602F8F9
:10758000013B002BF6D13D230246037015F8013B69
:1075900002F8013F002BF9D1384603F041FB0020EF
:1075A00003B0BDE8F08FDFF894B0DBF800100B6893
:1075B000A3B30B4653F8042F30460136002AF9D105
:1075C000C21C92001C480368B3B901231146036032
:1075D0003846F7F7E1FF814650B34FEA860ADBF8F9
:1075E0000010524603F010FACBF80090731C0022F2
:1075F00049F8232001969AE73846F7F7D6FF8146E7
:10760000CBF80000A0B14FEA860AEFE7013E15F87B
:10761000013B06F8013F002BF9D1BDE71E460822C9
:10762000D0E7F7F793FF162303604FF0FF30B7E77B
:10763000384603F0F5FAF8E708CA0020E89400207D
:107640000CB40029214B10B51C689CB038DB4FF0FE
:1076500000034FF4027202901B931FAB0690ADF82B
:10766000142018D001394FF6FF701E9A049107912B
:1076700002A9ADF816002046019300F029F8421C3B
:1076800001DA8B232360029B00221A701CB0BDE834
:10769000104002B070474FF6FF700491079102A9A5
:1076A000ADF8160020461E9A019300F011F8431C15
:1076B00001DA8B2323601CB0BDE8104002B0704794
:1076C0008B234FF0FF302360F5E700BFA493002029
:1076D0002DE9F04FC5B00C46834614AF0B93CDE9AE
:1076E00005213846082200211DF08EFBA3891806CB
:1076F00003D52369002B00F06B861BAA0023DFF85B
:10770000509A92460D9318920793CDE91933CDE91B
:107710000E33059DD9F8E44002F0E4FF2A46034603
:1077200012A958460097A0470028034600F0A480FD
:10773000C0F29A80129A252A01D01D44EAE7059BDF
:107740000446EE1A40F09C8000234FF0FF326C1C80
:1077500019468DF8433008936B78049202910134F6
:10776000A3F120025A2A00F2B780DFE812F0C30228
:10777000B500B500BD02B500B500B5009E02B5006C
:10778000B5009402E802B5007700CD02B5008E0284
:107790005B005B005B005B005B005B005B005B0011
:1077A0005B00B500B500B500B500B500B500B5008B
:1077B000B500B500C1012D02B500B500B500B5009A
:1077C000B500B500B500B500B500B500FA01B500CB
:1077D000B500B5006201B5006502B500B500B4059D
:1077E000B500B500B500B500B500B500B500B500F1
:1077F000B500B500C1013101B500B500B500F1011A
:1078000031016D00B500E801B500670351031D03A8
:107810006D00B50062016B00ED02B500B500F40526
:10782000B5006B00A3F130020023194601EB810182
:1078300014F8013B02EB4101A3F13002092AF5D90A
:1078400008918DE723788AE7029B43F02003029397
:10785000237884E7089A0B9352420892029B43F0E4
:107860000403029323787AE70822002138461DF0AA
:10787000CBFA01231D444DE7059B0446EE1A12D0B6
:10788000059BCAE900361A9B33441A93199B0133AE
:10789000072B199316DC0AF1080A079B3344079358
:1078A000002C7FF451AF1A9B002B40F08E86069B74
:1078B0009B8903F04003002B40F01787079845B0E1
:1078C000BDE8F08F18AA0699584600F051FF00282D
:1078D000EDD10DF16C0AE0E70594002BE3D0012215
:1078E0008DF8AC302BAD00230A928DF8433009930C
:1078F000CDE90323029CDDE9193014F08408014628
:107900001A462ED1089C039EA41B002C00F3ED8385
:107910009DF843304BB34FF00008CDF83080013272
:1079200001230131CAF80430072A0DF14303CDE9E0
:107930001921CAF8003000F370830AF1080A0C9B81
:107940007BB1013211AB0231CAF80030072A4FF087
:107950000203CDE91921CAF8043000F352830AF179
:10796000080AB8F1800F00F07882049B0A981C1A6C
:10797000002C00F3AF820A9B0132CAF80050194470
:10798000072ACAF80430CDE9192100F3D2820AF19E
:10799000080A029B5B0705D5089B039A9C1A002CDA
:1079A00000F347830398DDE907328242ACBF9B189E
:1079B0001B180793002940F0C68200231993099BE6
:1079C0001BB109995846F7F704FE0DF16C0AA0E6C1
:1079D000029B05949E0640F16C840B9B073323F0B9
:1079E00007031A465B6852F8084B9E460B92002B21
:1079F000C0F2FD80049B002BC0F20681029A22F0A7
:107A000080020292002B40F0FF8054EA0E0314BF64
:107A10000122002240F0F8809DF84330002B00F056
:107A20002E81012144AD099203910A92049200F043
:107A30000BBC0022DDF82C8005948DF8432058F80B
:107A4000042B0992002A00F05485532B04D0029B8A
:107A500013F0100400F09F84099B0822002116A84F
:107A600013931DF0D1F9049E002EC0F26D85002401
:107A700025460DE02BA9584603F044F9421C04F1B9
:107A80000404284400F02C86B04206DC06D00546EB
:107A9000139A16AB1259002AECD10495049B002BC3
:107AA00000F06385632B00F39B8500232BAD0993C6
:107AB0000822002116A81DF0A7F9049C16AB13AAF2
:107AC000294658460093234603F042F9844240F089
:107AD00038860499002321EAE1706B549DF8432015
:107AE0000390002A40F0F3850492CDE90A1801E7DB
:107AF0000B9A432B059402F1040403D0029BD90690
:107B000040F13F840822002116A82BAD1DF07CF91E
:107B10000B9A16AB58461268294603F0F3F8034651
:107B20000A90013300F0DC850A9B23EAE373039398
:107B300000230B948DF8433009930493DAE62378FD
:107B40006C2B00F0BB84029A42F01002029206E60F
:107B50002378682B00F0AA84029A42F04002029235
:107B6000FDE5029B05949C0643F0100040F19783CD
:107B70000B9B073323F0070319465A6851F8083B5B
:107B80000B9100218DF8431004990029C0F28B82DB
:107B900020F49061029153EA020140F08782049C34
:107BA000211E18BF0121002C40F0808210F001023C
:107BB000039200F03A8330230DF20F1504918DF8F3
:107BC0000F310A92099195E6029A059442F010034A
:107BD000920600F16B830B9A111D0B9A02931468A5
:107BE0000B914FEAE47E7346002BBFF603AF2D23C3
:107BF00064428DF843306EEB4E0E049B002B03DB8A
:107C0000029B23F0800302930A2C7EF1000380F094
:107C10008F82049A30349DF84330012A8DF80F4149
:107C2000B8BF01220392002B40F006830993012381
:107C30000DF20F150A935DE6029B059443F01002C6
:107C40009B0640F162820B9B002107338DF84310A5
:107C500023F00703D3F804E053F8084B0B93049B7D
:107C60008B42C0F25F8222F080030293049B002BC0
:107C7000CAD154EA0E0314BF01230023C4D144AD7A
:107C8000099304930A93039334E6029B43F0800321
:107C90000293237863E50B9B53F8042B002A089288
:107CA000FFF6D8AD0B93237859E5584602F020FD36
:107CB000436818460E9302F01DFF0F900546584684
:107CC00002F016FD826823780D92002D3FF447AD37
:107CD000002A3FF444AD1278002A3FF440AD029AE6
:107CE00042F4806202923AE5029B43F00103029360
:107CF000237834E59DF843202378002A7FF42FADC4
:107D000020228DF843202AE5204610F8013B2A2B3B
:107D100000F00785A3F13002092A00F2D384002184
:107D200001EB810110F8013B02EB4101A3F13002AC
:107D3000092AF5D941EAE1720446049210E52B23A1
:107D40008DF8433023780AE5029A059496063FF5AC
:107D50007AAF029B0B9913F0100351F8044B039375
:107D600040F0ED84029B13F0400300F04083049B3D
:107D7000A4B2DDF80CE0002B8DF843E0C0F24383A1
:107D8000029B23F080030293049B002B40F03B8373
:107D9000231E18BF0123002C40F0358344AD04930B
:107DA0000B91CDE90933A5E500210B9B059447F61E
:107DB0003002049C53F8040B8C42ADF844208DF83B
:107DC00043100246C0F26A83029C24F0800444F00F
:107DD00002040294002840F0AF84049C201E18BFC7
:107DE0000120002C40F0A88444AD04900B93039034
:107DF0000A90039B029C023314F084080393DDE98C
:107E000019210846134600F0B3800023099398E532
:107E10000298059481063FF5ABAE029A0B9912F0D9
:107E2000100251F8043B40F09A84029C14F0400088
:107E300000F080839BB220460B91A2E6029B059442
:107E40009A0640F112820B9B079A1B681A60D217A0
:107E50005A600B9B04330B935BE4089B03981C1A3A
:107E6000002C7FF782AD102CB84E20DD0C954FF022
:107E70001008069D02E0103C102C17DD0132103175
:107E8000072ACAE90068CDE919210AF1080AF2DDDA
:107E900018AA294658460DF16C0A00F069FC002822
:107EA00059D1103C102CDDE91921E7DC0C9D013281
:107EB0002144CAF80060072ACAF80440CDE9192114
:107EC00000F30483049B0AF1080A0A981C1A002C88
:107ED0007FF751AD102C9D4E1DDD4FF0100802E0D4
:107EE000103C102C17DD01321031984B072ACAE9DB
:107EF0000038CDE919210AF1080AF1DD18AA06991E
:107F000058460DF16C0A00F033FC20BB103C102CDD
:107F1000DDE91921E7DC01322144CAF80060072AB3
:107F2000CAF80440CDE9192100F3E2800AF1080AF9
:107F300021E518AA0699584600F01AFC58B91A9972
:107F40000DF16C0A25E518AA0699584600F010FCB8
:107F500000283FF432AD099B002B3FF4A8AC0999EF
:107F60005846F7F736FB069B9B8903F04003A2E4D3
:107F7000089C039ECDF82480A41B002C7FF7E1AC65
:107F800002220C92102C1A46DFF8C88121DD4646E9
:107F90001023DDF8188002E0103C102C18DD0132AF
:107FA0001030072ACAE90063CDE919200AF1080A4E
:107FB000F2DD18AA414658460DF16C0A00F0D8FBD4
:107FC0000028C8D1103C1023102CDDE91920E6DC74
:107FD000B04601322118CAF80080072ACAF80440C6
:107FE000CDE9192100F331829DF843300AF1080AE6
:107FF000002B40F036810C9800283FF4B6AC984630
:108000009FE418AA0699584600F0B2FB0028A2D1B6
:108010000DF16C0ADDE91921A3E418AA0699584666
:1080200000F0A6FB002896D10DF16C0ADDE91921BC
:1080300085E4102C199BDFF81C8121DD46461025B4
:10804000DDF8188002E0103C102C18DD01331031EF
:10805000072BCAE90065CDE919310AF1080AF2DDFA
:1080600018AA414658460DF16C0A00F081FB002821
:108070007FF471AF103C102CDDE91931E6DCB0461D
:1080800001332144072BCAE90084CDE919317FF778
:1080900089AC18AA0699584600F06AFB00287FF4BC
:1080A0005AAF1A997EE420F48061029144AD03F046
:1080B0000701DB08284643EA42733031D20805F84D
:1080C000011D53EA0204F2D1302903D0029BD907E3
:1080D00000F1DC8044AB5B1B0A9300220992049AF6
:1080E0009A42B8BF1A46039204E400220C9249E770
:1080F00018AA0699584600F03BFB00287FF42BAFE6
:108100000DF16C0ADDE9192135E40B9B191D0B9B60
:108110004FF0000E0B911C68049B8DF843E07345F3
:10812000BFF6A1AD0A2C02927EF10003FFF471ADFF
:10813000029B764644A9DFF8208003F48065002383
:10814000CDF80CA09E46CDF824B02BE0ACDF051294
:1081500038920020BCDF0512CDCCCCCCA319A346AD
:108160003046514643F10003A8FB032C2CF00302D8
:1081700002EB9C029B1A4FF0CC32E31A66F1000628
:1081800002FB03F2BBF10A0FA3FB084308FB062224
:108190004FEA540470F10000134444EAC3744FEAF8
:1081A00053062BD3A3190EF1010E01F1FF3A43F14F
:1081B0000003A8FB032020F0030202EB90029B1AAD
:1081C000E31AA3FB083266F100005B0808FB0022FB
:1081D00043EAC27303EB8303A4EB4303303301F898
:1081E000013C002DBAD00D9B1B787345B6D1FF2BF7
:1081F000B4D00A2C76F1000380F00882554644ABD7
:1082000004995B1BDDF80CA0DDF824B01A460A9334
:108210009DF843309142B8BF11460391002B00F006
:108220008780039B0133039382E0039A44AD049259
:108230000A920992FFF75EBB013201230DF20F157E
:1082400003920022CDE90923029CDDE9192114F0F3
:108250008408084613463FF455AB00230C93FFF700
:108260005EBB4FF00008FFF75ABB029BDB0600F134
:108270003B81029B5E0600F1A381029B9D0540F1BC
:1082800033810B9B079A1B681A70E2E53023023892
:1082900005F8013C44AB05461B1A0A931DE70B9BEE
:1082A000191D0B9B00220B911B686AE40293FFF7D8
:1082B00094BB029B0B99DD0651F8044B3FF58DAC46
:1082C000029B580640F1218144F3C03E0B9124B239
:1082D0007346FFF78CBB029AAD4812F0200105945B
:1082E0003FD00B9A073222F007021446516854F827
:1082F000082B0B9452EA0104029D14BF01240024B0
:10830000ED0702D5002C40F0B78000238DF84330F4
:10831000049B002B029B79DB23F490630293049B64
:10832000002B76D1002C74D144AD04940A940394AC
:10833000029CDDE9192114F084080846134600F078
:108340000A829DF84330002B00F00B820023099332
:108350000C93FFF7E4BA029A8E4812F020010594BC
:10836000BFD10B9C54F8042B0B94029C14F0100406
:10837000C0D1029911F0400100F0D18092B22146A3
:10838000B8E70B9B2BAD1B688DF8AC300123039332
:108390000A93FFF7CDBB049A002AC0F281812146DF
:1083A000099802F0F1FA9DF84320099D002800F099
:1083B0002181431B0A9323EAE3730393002A00F00D
:1083C000998101330494CDF82C80039309943BE701
:1083D00040215846F7F7E0F8069B1860186100281E
:1083E00000F0B5814023069A5361FFF786B9029ADF
:1083F00012F4007240F0D280049B96468DF8432020
:10840000002BBFF6BDAC0B91FFF7FEBB23F48063DE
:108410000293029B03F0020444AD02F00F03120921
:10842000C35C42EA0172090905F8013D52EA010301
:10843000F3D144AB049A5B1B9A420A93B8BF1A4625
:108440000392002C7FF4D5AC72E718AA069958461F
:1084500000F08EF9804600287FF47DAD9DF8433012
:10846000DDE91921002B61D10C9B0DF16C0A002B69
:108470007FF467AAFFF779BA8DF8453030238DF87D
:10848000443000238DF84330049B002B79DA029BA3
:1084900023F4806343F002030293BAE702980224B4
:1084A0000B9340F0020002903A48B5E7029B01347A
:1084B00043F4007302932378FFF751B9029B013410
:1084C00043F0200302932378FFF749B918AA0699CD
:1084D000584600F04DF900287FF43DAD0DF16C0ACF
:1084E000DDE91921FFF741BA0B9B079A1B681A6057
:1084F000AFE4049B284D062BCDF82C80049228BFB6
:10850000062303930A93FFF7F5B9029B0B91990594
:1085100051D544F3C01E64B27346FFF768BA029C9B
:1085200014F4007414BFD2B22146E3E60DF16C0AD4
:10853000FFF7F5B9029C14F4007238D00246DBB2A2
:1085400020460B91FFF71DBB16AB13AA58460093AC
:108550000023194602F0FCFB03460490013300F0AF
:10856000BF80099B1393FFF799BA9DF84330099D8B
:10857000003BCDF82C8018BF01230393049B0A9382
:10858000D6E6029B23F4906343F00203029340E794
:1085900068DD05127CDD051290DD05129E468DF822
:1085A0004330049BE4B2002BBFF6EAAB2BE7029802
:1085B0000B91FFF7E6BA4FEAE47E7346FFF717BA6E
:1085C0000B9B079A1B681A8043E4069C18AA58461E
:1085D000214600F0CDF8A38903F04003FFF76BB903
:1085E000591C5846F6F7D8FF0546002878D0099060
:1085F000FFF75EBA002A00F08B80049ACDF82C8039
:10860000511C0A920490039109901DE60F9A0E994D
:10861000AAEB020B584600F0EFFF0D9A53780BB10E
:1086200001320D92A319504A4FF0CC314FF0010E98
:1086300043F100030BF1FF3AA2FB030C2CF0030003
:1086400000EB9C001B1AE31A66F1000603FB01F124
:10865000A3FB023002FB061123FA0EF3014443EAA6
:10866000C17421FA0EF6A31943F10003A2FB031013
:1086700020F0030101EB90015B1AE31AA3FB023126
:1086800066F1000023FA0EF302FB001243EAC27304
:1086900003EB8303A4EB430330330BF8013CA2E567
:1086A000099D284602F026FA9DF8433020EAE07240
:1086B0000A9003922BB301320494CDF82C800392DC
:1086C0000994C1E5002204460492FFF749B8049AD0
:1086D000CDF82C800A92039A049301320392B3E5F9
:1086E000069A938943F0400393814FF0FF33079339
:1086F000FFF7E4B8099D0492CDF82C800992FFF7AA
:10870000F9B8099D0493CDF82C800993FFF7F2B8CE
:10871000049B0992CDF82C800A9303930492FFF7EF
:10872000E9B80B9A6378044652F8041B41EAE171F8
:108730000B920491FFF713B80C480B9369E6029A69
:10874000E5E4069A938943F04003938103E40C2304
:10875000CBF80030C9E7CDF82480FFF7D3B80298F2
:108760009FE50993FFF7FDB8CDCCCCCC7CDD05129D
:108770002DE9F843154692682C68FAB1804689467F
:10878000083401E00834CFB16B681746591E002B3E
:10879000696013DD54F8046C002EF3D0334654F8AE
:1087A000082C4946404606F03BF8431C07D0AA680F
:1087B0000834921B1746AA60002FE5D10020002341
:1087C000C5E90133BDE8F88370B500293FD00646FE
:1087D0000C4610B1436B002B3CD0636EB4F90C20F7
:1087E000DD0732D4900538D52146304600F054F8E4
:1087F000E36A054633B1E169304698470028B8BFBF
:108800004FF0FF35A3891A0639D4216B41B104F129
:108810004003994202D03046F6F7DBFE0023236383
:10882000616C21B13046F6F7D4FE0023636400F09A
:1088300055FA636E0022DB07A2811CD5A06D01F002
:108840005DFF00F051FA284670BD002ACCD100250A
:10885000284670BD00F024FABFE7A06D01F052FF7A
:10886000B4F90C30002BBFD1636ED907EFD4A06DE3
:1088700001F04CFFEBE7A06D01F048FFDEE7216956
:108880003046F6F7A6FEC0E7024B01461868FFF730
:108890009BBF00BFA4930020B1F90C202DE9F0414B
:1088A00015070C4680464ED4496842F400630029FF
:1088B000A38163DDA66A002E42D0002112F480520B
:1088C000D8F80050C8F8001065D10123E16940468E
:1088D000B0470246501C6CD0B4F90C30A66A590758
:1088E00005D56368D21A236B0BB1E36BD21A002350
:1088F000E1694046B047421CB4F90C304DD1D8F87C
:1089000000101D2940D8304ACA40D7073CD523F46F
:108910000062DE04A2814FF00002626022692260E0
:1089200001D5002943D0216BC8F8005041B104F1B2
:108930004003994202D04046F6F74BFE00232363E2
:108940000020BDE8F0810E69002EF9D092070D6875
:108950000E600CBF4B690023AD1B8B600BE02B46F8
:108960003246E1694046676AB847B0F1000CA5EBB2
:108970000C05664406DD002DF1DCE1E7E16B002922
:1089800098DCDDE7B4F90C3043F040034FF0FF30E2
:10899000A381BDE8F081226DA1E723F40062DB042E
:1089A000A2814FF00002626022692260BBD520657F
:1089B000B9E7D8F80030002B8ED01D2B01D0162B34
:1089C000E0D1C8F80050BBE70100402038B50546AB
:1089D0000C4608B1436B03B3B4F90C0088B1636E65
:1089E000DB0701D481050FD528462146FFF754FF48
:1089F000636E0546DA0702D4A3899B0508D528468D
:108A000038BD0546284638BDA06D01F07BFEEBE77A
:108A1000A06D01F07BFE284638BD00F041F9DBE790
:108A200038B51C4D04462B680BB15A6B32B3626EDD
:108A3000B4F90C30D10705D49A050BD5B4F90E5012
:108A4000284638BD002BF9D12B6809221A604FF057
:108A5000FF35F5E7A06D01F055FE636EB4F90C200B
:108A600003F0010372B1B4F90E50002BE8D1930565
:108A7000E6D4A06D01F04AFE284638BD184600F045
:108A80000FF9D4E72A6809211160002BDFD14FF0DC
:108A9000FF35EEE7A4930020024A0349034800F0A3
:108AA00093B900BF24920020C9870412A893002024
:108AB0000C4B4168994210B5044601D0FFF784FE83
:108AC000A168094B994202D02046FFF77DFEE1687C
:108AD000064B994204D02046BDE81040FFF774BE13
:108AE00010BD00BF0CCA002074CA0020DCCA0020E0
:108AF0002DE9F843314A0025314C04233149DFF890
:108B0000D89004F15C00DFF8D4802F4F2F4E116015
:108B10002946082225606566C4E90335C4E9015584
:108B2000C4E905551CF070F904F15800E662C4E987
:108B30000749C4E9098701F0DFFD254B29460822D2
:108B400004F1C40063672567C4F8CC50C4F88050B2
:108B5000C4E91A55C4E91E551CF056F904F168031E
:108B600004F1C000C4F88430C4E92298C4E9247632
:108B700001F0C2FD174B294604F596700822C4F88F
:108B8000DC30C4F8D850C4F83451C4F8E850C4E913
:108B90003455C4E938551CF037F904F1D00304F515
:108BA0009470C4F8F090C4F8FC60C4F8EC30C4E9E8
:108BB0003D87BDE8F84301F09FBD00BF44CB0020D6
:108BC0000CCA0020998A0412B9900412E190041290
:108BD0000900010012000200519004127990041261
:108BE000F8B506462A4801F08DFD2A4B1B68002B7C
:108BF00044D0294FD7E90134013B04D524E05A1C65
:108C000004F1680420D0B4F90C50013B002DF6D1DA
:108C1000224B04F158006566E36001F06DFD1C48CD
:108C200001F074FD0822294604F15C002560A5616D
:108C3000C4E90155C4E904551CF0E6F8C4E90C5533
:108C4000C4E911552046F8BD3D680DB12F46D1E766
:108C50004FF4D6713046F6F79FFC044688B10423E2
:108C600005600C302946254640F8083C4FF4D07288
:108C7000A0601CF0C9F83C602F46BBE7FFF738FF47
:108C8000B7E703483C6001F041FD0C233360D9E7AE
:108C900074CB002044CB0020249200200100FFFF71
:108CA00010B504460A4801F02DFD636B23B9094B4A
:108CB000094A1B68626323B10548BDE8104001F012
:108CC00025BDFFF715FF0248BDE8104001F01EBDAD
:108CD00074CB002044CB0020B18A0412014801F07B
:108CE00011BD00BF74CB0020014801F00FBD00BFD3
:108CF00074CB0020F0B5144683B00E46074601AA97
:108D0000214605F0EDFD002835D005463846FFF731
:108D100067FF044600282ED031464FF4DB73019ADA
:108D20003846F6F72AFC061E1CDB636EDB0702D40E
:108D3000A38998052DD51B4B2DB21B4A2362E9054B
:108D40001A4BE681E461A581C4E90923184BE3626B
:108D500015D4636EDA0702D4A3899B051DD520467E
:108D600003B0F0BDFFF7BAFF0023A06DA38101F0AF
:108D7000C5FCFFF7B9FF0024204603B0F0BD022375
:108D800000222146384600F01DF8636EDA07E6D46B
:108D9000E2E7A06D01F0B6FCCDE7A06D01F0B6FCF6
:108DA000DDE700BF5190041279900412B9900412CB
:108DB000E1900412024B0A4601461868FFF79ABF79
:108DC000A493002000F090B92DE9F8434FF000097A
:108DD000074688461646D6E90154013D0FD4A389BB
:108DE000012B08D9B4F90E3021463846013302D0A0
:108DF000C04749EA0009013D68346B1CEFD1366871
:108E0000002EE8D14846BDE8F88300BF024B186841
:108E1000416805F0A5BD00BFA49300202DE9F041F5
:108E2000654C84B00E461746D4F800801D460446B3
:108E3000B8F1000F04D0D8F83430002B00F0A48033
:108E4000022F05D0012F00F2A380002DC0F2A080D8
:108E5000636EDB073CD521464046FFF7B7FD216B2B
:108E600041B104F14003994202D04046F6F7B1FB0C
:108E700000232363B4F90C2000231106A36163606F
:108E800056D44E4B022F03EA0203A3815CD003ABFE
:108E900002AA2146404605F0FBFDA3891843A081A4
:108EA000EDB1EEB1D8F8343043B3029AB4F90C30D6
:108EB000AA4202D043F40063A381012F22D01807F5
:108EC0002660C4E9046527D5D90752D4A56025E0FA
:108ED000A3899805BFD4A06D01F014FCBBE7029DE7
:108EE0002846FEF715F90646002854D0A38943F01A
:108EF0008003A381D8F83430002BD6D14046FFF749
:108F0000CFFED2E743F00102266012B2C4E9046545
:108F10001E07A2812ED413460022A260626ED207E1
:108F200001D49B052CD50025284604B0BDE8F0816E
:108F300021694046F6F74DFBB4F90C201F4B022F78
:108F400003EA0203A381A2D1002543F0020204F147
:108F500043010020A281012221606261626E2161D1
:108F6000D207A060E0D49F05DED4A06D01F0CEFB57
:108F7000DAE71A4600216D421346A160A561CDE7EC
:108F8000A06D01F0C3FBCEE74046FFF789FE57E72F
:108F90004FF0FF35C8E7029BAB4208D0184601935B
:108FA000FEF7B6F8019B06461D4600289ED1B4F98F
:108FB0000C304FF0FF35C8E7A49300205CF3FFFFAF
:108FC0000CB40029214B10B51C689CB038DB4FF065
:108FD00000034FF4027202901B931FAB0690ADF892
:108FE000142018D001394FF6FF701E9A0491079192
:108FF00002A9ADF816002046019303F041FB421C84
:1090000001DA8B232360029B00221A701CB0BDE89A
:10901000104002B070474FF6FF700491079102A90B
:10902000ADF8160020461E9A019303F029FB431C5D
:1090300001DA8B2323601CB0BDE8104002B07047FA
:109040008B234FF0FF302360F5E700BFA49300208F
:1090500010B50C46B1F90E10F6F794FA002803DBB0
:10906000236D0344236510BDA38923F48053A3819A
:1090700010BD00BF002070472DE9F0410C46B1F94A
:109080000C101F460546CB0516460BD421F4805123
:109090003B4632462846A181B4F90E10BDE8F041A6
:1090A000F6F775BAB4F90E1002230022F6F760FA4B
:1090B000B4F90C10EAE700BF10B50C46B1F90E1078
:1090C000F6F756FA421CB4F90C3004D043F480533E
:1090D0002065A38110BD23F48053A38110BD00BF80
:1090E000B1F90E10F6F734BA2DE9F04F0C4697B0EF
:1090F00090461E46054618B1436B002B00F03381A5
:10910000626EB4F90C30D70702D4980540F107819C
:1091100003F48473B3F5847F00F00C81D4F82890B5
:10912000B9F1000F00F05A81012E56D036F0020737
:109130000FD0636E1622D9072A6005D4A3899F0534
:1091400002D4A06D01F0E2FA4FF0FF3017B0BDE895
:10915000F08F2269BA46002A63D0B4F90C3040F689
:109160001A02134207D15A0578D4A04A91455DD01E
:1091700043F40063A38121462846FFF727FC00281B
:1091800040F0278133464246E1692846C84701300E
:1091900000F01F81216B41B104F14003994202D0DC
:1091A0002846F6F716FA00232363A38900212069D5
:1091B000082223F40263C4E90001A38104F15C00E6
:1091C0001BF022FE636EDA0703D4A3899B0540F1EE
:1091D000CD80002017B0BDE8F08F21462846FFF76C
:1091E000F5FBB4F90C3013F4805240F08A8033461A
:1091F000E1692846C847421C074600F0EA80B4F9F6
:109200000C3022695E0740F181806368FF1A236B8E
:109210000BB1E36BFF1AB8444FF0010A0026002A95
:109220009BD12146284605F0CBFB96E7B4F90E10FA
:1092300000299DDB6A462846F6F78DF9B4F90C3013
:10924000002895D1019A02F47042B2F5004F8FD1F7
:1092500043F48063A3814FF48063E364002E6ED1F6
:10926000C346BAF1000F79D1A389DB0440F18980AC
:10927000206D6268216B871A00297BD0E36BFF1A8F
:1092800017442069A26B121ABF1A1344BB4502DBB4
:10929000FA185A457ED8E76C0023E16928467F42D8
:1092A00007EA0B073A46C84701303FF464AF002392
:1092B000216B63602369236041B104F1400399424B
:1092C00002D02846F6F785F900232363A389BBEB78
:1092D000070B23F02003A38110D02146284605F078
:1092E00015FC00287FF447AF63685B45FFF443AF8C
:1092F0002268A3EB0B035A44C4E90023082200218F
:109300005CE75E07276D22693FF57FAF180782D5BE
:109310002368002B3FF47FAF9B1A1F447BE7A06DAF
:1093200001F0F0F9B4F90C3003F48473B3F5847FE1
:109330007FF4F4AE21462846FFF748FBEEE66A4686
:10934000B4F90E102846F6F706F900287FF413AF9B
:10935000049B08EB030BBAF1000F85D0216B626808
:1093600041B1E36B8CE7FFF79BFCC9E6A06D01F010
:10937000CDF92EE72368002120691B1AFF1A134438
:1093800084E752460123E1692846C847471C7FF419
:1093900070AFF0E6ABEB07073844DB1BC4E9000312
:1093A00041B104F14003994202D02846F6F711F981
:1093B00000232363A3890021082204F15C0023F029
:1093C0002003A3811BF020FD636ED9073FF501AF99
:1093D000FBE6636EDB073FF5B7AEAFE6636E1D22BB
:1093E000D9072A603FF5B0AEA8E600BFB9900412D5
:1093F000032A30B412D941EA000484460B46A4077C
:1094000021D11946604653F8044B5CF8045BA54231
:1094100019D1043A032AF4D860461946541E7AB189
:10942000431E0139021901E09A4209D013F8010FD5
:1094300011F801CF6045F7D0A0EB0C0030BC7047AD
:10944000002030BC7047541EEAE700BF830710B508
:10945000044610D10268A2F1013323EA020313F09B
:10946000803F08D150F8042FA2F1013323EA020310
:1094700013F0803FF6D003781BB110F8013F002BAA
:10948000FBD101F023FA204610BD00BF11F0FF010F
:10949000034600F0030239D08ABB10B501EB012E60
:1094A00002680EEB0E4EA2F101338EEA020423EAAB
:1094B0000203A4F1013222EA0402134313F0803FB5
:1094C0000FD150F8044F84EA0E0CA4F10133ACF133
:1094D000013223EA040322EA0C02134313F0803F13
:1094E000EFD0037823B936E010F8013F002B32D0DB
:1094F0009942F9D110BD8A4228D09A0729D01A780A
:1095000018460133002AF6D110467047CAB90268DE
:10951000A2F1013323EA020313F0803F08D150F88F
:10952000042FA2F1013323EA020313F0803FF6D0A7
:1095300003785BB110F8013F002BFBD1704799070E
:1095400005D0184613F8012B002AF8D170471846A9
:10955000DDE71846A1E7184610BD00BF70B5044608
:1095600008460D4601F0C6FA064620460136314649
:10957000F6F712F8044618B13246294601F044FACB
:10958000204670BD82B30B4630B540EA01048646E2
:10959000A40717D1032A07D814E0043A22D01CF0FC
:1095A000803F1FD1032A23D9DEF80040194653F823
:1095B000045B7046A4F1013C0EF1040EAC422CEAAF
:1095C000040CEAD00378013A0C78A3420ED102448D
:1095D00006E03BB110F8013F11F8014FA34205D15D
:1095E0009042F6D1002030BD10467047181B30BDA8
:1095F00070461946E6E700BF40EA01039B0730B515
:1096000001D1032A17D8844601F1FF3E07E01EF876
:10961000011F541E03F8011B29B122469C466346D4
:10962000002AF4D130BD002CFCD0944403F8011B77
:109630006345FBD130BD0C46844625682146043481
:10964000A5F1013323EA050313F0803FDCD1043A8E
:109650004CF8045B032AF0D82146D5E738B511F061
:10966000FF040CD00346002501E0431C05462146BB
:109670001846FFF70BFF0028F7D1284638BD2146D2
:10968000BDE83840FFF702BF01292DE9F0415DD95F
:109690004FF0010800244FF0FF35C646434608E06E
:1096A000A3EB05081C464FF0010E04EB0E03994294
:1096B00010D900EB050CC75C1CF80E60B742EFD365
:1096C00032D04FF001082546C646444404EB0E0351
:1096D0009942EED8012700244FF0FF36C2F80080EF
:1096E000BE463B4607E09F1B1C464FF0010E04EBB5
:1096F0000E03994210D900EB060C10F803801CF8F9
:109700000EC0E045EFD814D001272646BE463C44A3
:1097100004EB0E039942EED80136681C864201D351
:1097200030461760BDE8F081C64507D00EF1010E46
:10973000BBE7BE4506D00EF1010ED8E774444FF0EA
:10974000010EB2E774444FF0010ED0E70127002666
:10975000E6E700BF2DE9F04FADF21C4D9346804681
:109760008A4605AD194658461C462A46FFF78CFF27
:109770002B4681460DF2144243F8044F9342FBD12D
:1097800074B1601E0BF1FF32584412F8011F06AE8F
:10979000A31A824203F1FF335B4446F82130F4D12F
:1097A0002B684A4658460BEB03010193FFF720FE56
:1097B000002877D144F400630746AAEB040E661E26
:1097C00005460293AE4510D308EB050C06AA1CF81B
:1097D000063052F82330BBB11FB1019A9A4288BFBC
:1097E000A31A1D440027AE45EED208EB0A000299E9
:1097F00005F036FB8244AAEB040EAE45E4D200200D
:109800000DF21C4DBDE8F08F4F453B4638BF4B462F
:109810009E4218D9591EEA1800955944424402E064
:1098200001339E420ED012F8010B11F8015F854200
:10983000F6D09E42009D06D9C9F1010200272A44B4
:10984000D518BFE7009D4F4509F1FF3380F08180B7
:1098500005EB09020BEB090100954244CDF80C9091
:1098600002E09F4213D04B4611F8015D03F1FF392E
:1098700012F8010D8542F4D0009D0133DDF80C9003
:1098800001379F4209D8019B1D44E71A9AE7013727
:10989000009DDDF80C909F42F5D960460DF21C4DFD
:1098A000BDE8F08FA4EB0903AAEB040E661E4B453E
:1098B00038BF4B4601332B600025019344F400630D
:1098C0000093AE4509D308EB050006AA835D52F864
:1098D00023306BB11D44AE45F5D208EB0A00009968
:1098E00005F0BEFA8244AAEB040EAE45EBD286E741
:1098F000B14517D209F1FF3105EB09024B46594436
:10990000424402E00133B3420CD012F8017B11F85B
:1099100001CFBC45F6D09E4204D9C9F101022A44C8
:10992000D518CEE7B9F1000F3FF46AAF05EB090196
:109930000BEB0902414402E05B453FF461AF12F8D2
:1099400001CD11F8017D1346BC45F5D0019B1D44A6
:10995000C1E74B4694E700BF2DE9F0410D46097879
:1099600090B0044600294AD06A78002A6BD0AB78C0
:10997000002B48D0E878002879D02B79002B67D0CD
:10998000284601F0B7F80646204646F4007105F077
:1099900067FA864246D8FE2E00F28780801B40225E
:1099A000711C271868461BF02FFA6EB16A1E5FFA09
:1099B00086FC901912F8013F03F03F03A91A904268
:1099C0006B4461441970F5D1013CA35D03F03F0382
:1099D0006B441B781C44A74203D228E04444A742AE
:1099E00025D314F806C03246294620460CF03F0C19
:1099F000EC449CF80080FFF7FBFC0028EED12046E9
:109A000010B0BDE8F081007842EA014250B140EA6E
:109A10000343214614F8010F9A4241D00028F6D1A1
:109A20009A423DD00024204610B0BDE8F081BB5DD5
:109A3000B819002BF6D04FF4006105F011FA074475
:109A4000A742C1D2EEE710B0BDE8F041FFF71EBD5E
:109A50002278002AE6D0296809BA42EA0323204680
:109A600014F8012FF2B19942F7D1C41EC7E71204CE
:109A700042EA0162217842EA03230029D2D0024659
:109A800000E049B141EA0200254614F8011FB3EB9A
:109A9000002F4FEA0022F4D19342C3D1AC1EAEE7AF
:109AA0004C1EACE79942BDD1DFE7014633462A465A
:109AB000204610B0BDE8F041FFF74CBE08B5F5F701
:109AC000D9FCBDE8084005F0E3B900BF01683B29B7
:109AD000F0B5044683B000F2C38041683B2900F230
:109AE000B280A168172900F2A18021690B2900F238
:109AF000908063699A0739D17448754A754D00FBA7
:109B00000326B5EBB60F6FD2E3681D20002B31DCC6
:109B10006E4D6F4E6F4F013980F0CE8061694A1EE5
:109B200012F0030F62616AD105FB0262B7EBB20F5C
:109B3000C0F0A38001F26B71674A05FB0161B2EBD3
:109B4000311F2CBF1D201C2003F11F02002A5BDCEB
:109B500003F13D02002A00F3AD8009215F4B53F869
:109B600021301344002BD6DD1A464EE01C20E3685A
:109B7000002BCDDD0226594D012905D1984231DA5D
:109B80001B1A0221C4E9033655F8212001319A42FB
:109B9000A3EB020326DA0C29C4E90331ECD167698F
:109BA0004FF0000E49491C207A1CDFF824C1C4F88C
:109BB00010E012F0030F626101FB02C20AD107F24A
:109BC0006D771D2001FB07CC01F180410139B1EB1C
:109BD000B20F54D2002155F8212001319A42A3EB53
:109BE0000203D8DB03B0F0BD03F26C7300FB032269
:109BF000394BB3EB321F2CBF1D201C20B7E703F1FC
:109C00001F021C20002AA3DD0B21C4E9032103B09D
:109C1000F0BD0C22684600F0F3FF6369DDE9002126
:109C200013440029636140DB216163E71822684621
:109C300000F0E6FFE368DDE900120B44002AE36070
:109C400024DBA26051E73C22684600F0D9FFA168FE
:109C5000DDE900231144002BA16021DB636041E7B3
:109C60003C22684600F0CCFF6168DDE90023114426
:109C7000002B61600FDB236030E71D2064E7164A8C
:109C80000021B2EB3C1F38BF1C20A4E71832013B77
:109C9000C4E9022329E73C330139C4E900311DE757
:109CA0003C330139C4E901311CE70C31013BC4E903
:109CB00004131FE70A21A8E701291A467FF44EAFD3
:109CC0000244002AA1DC002148E700BF295C8FC2C2
:109CD00050B81E05285C8F020AD7A300FCDF0512CE
:109CE0002DE9F04F064683B005F000F98046304676
:109CF000FFF7ECFEC449B2687769D6E90053C3EBBD
:109D0000031305EB8305D6E9034351F82310013C07
:109D1000012B0C444FF4616101FB025502DDB807D1
:109D200000F09B8042F2107344F62062F4613B44E1
:109D3000934200F29781462F4FDD462340F26D1A81
:109D4000B248DFF8D8E2DFF8D89213F0030F00FB37
:109D500003FC40F26D120CD103F26C71BEEBBC0F30
:109D60004FF4B77200FB01F103D3B9EB311F38BFD9
:109D7000524601331444BB42E7D1A54B4FEAE57983
:109D8000C4FB035900F056FA00F060FAA14BD3F877
:109D900000B0BBF1000F00F0EF80D6F820A0706992
:109DA0005246D8F8043000F26C70012AA8BF012294
:109DB0008342019268D000F067F9002864D1DDF891
:109DC00004B0BBF1010F40F0D780D8F850704FF0CD
:109DD000010B7D1949EBE777D3E0CED0442F00F398
:109DE000FA80452340F26D1A8849DFF82CC2DFF86B
:109DF0002CE2DFF82C9213F0030F01FB03C040F2BA
:109E00006D120CD1BEEBB00F03F26C704FF4B77251
:109E100001FB00C003D3B9EB301F38BF5246013BF2
:109E2000A41ABB42E7D1B90740F0CC80774A7A4BFD
:109E30007A4902FB0730B1EBB00FC0F0C98007F2DE
:109E40006C7102FB0133764AB2EB331F40F26D13A3
:109E500028BF4FF4B773E41A8FE76C4A6E4B6F4913
:109E600002FB0730B1EBB00F80F0A280013442F268
:109E7000107344F62062F4613B44934200F2F28096
:109E8000462F3FF75AAFA9E7D8F84820D8F828104E
:109E9000D8E913E3B2EB010C4FEAE37B6EEBE17020
:109EA000D21A6EEBE37E954279EB0E0E03DA65452E
:109EB00079EB000283DAD8F82020B2EB030ED8F851
:109EC000242062EB0B02754579EB0202D8F80020E2
:109ED000ACBF4FF0010E4FF0000E654579EB00006E
:109EE000B4BF01200020002A6FD00EEA0002BAF1B0
:109EF000000F9346FFF665AF019A8BEA020ABAF1AA
:109F0000010F7FF45EAFF26830680192BBF1000F81
:109F100065D15B1A18445D193060304649EBE3792E
:109F2000FFF7D4FDF368019A9B1A25D0012B65DD5C
:109F30004FF0FF3AF1691AEB010175D4BB0740F00D
:109F40008B80324B3448354A03FB070EB2EBBE0F11
:109F5000C0F08C8007F26C7703FB0700304BB3EB4B
:109F6000301F40F26D1328BF4FF4B7739942A8BF5A
:109F7000C91A5444F16124E7D8F828707D1949EBD7
:109F8000E777043400F05CF9264981FB0431E317DC
:109F90002144C3EBA103C3EBC303E31A00D507338A
:109FA000C6F820B0B3612846394603B0BDE8F08F4B
:109FB00007F26C7102FB0133194AB2EB331FFFF455
:109FC00056AF53E740F26D1345E74EEA00028EE7C5
:109FD0004FF4B7733FE7452740F26D133BE7C91ACB
:109FE00008444D193060304649EBE179FFF76EFDCA
:109FF000F368019A9B1A3FF4E8AE97E7B3F1FF3F8D
:10A00000A8BF9A4696E700BFCCDF0512295C8FC235
:10A010008051010068CB002050B81E05285C8F02DB
:10A020000AD7A30093244992781E820717D1124BB6
:10A030001249134A03FB0010B2EBB00F19D307F219
:10A040006B7703FB07110F4BB3EB311F40F26D1120
:10A0500038BF4FF4B6718CE740F26D1386E74FF4CA
:10A06000B67186E74FF0FF352F469CE74FF4B77384
:10A070007CE740F26D117CE7295C8FC250B81E0569
:10A08000285C8F020AD7A3002DE9F047044604F0AC
:10A090002DFF40F2B1739C4240F3AA806FF4F66C3E
:10A0A00086465C4AA4F26D73A444A4F2B271446083
:10A0B00040F26D104FEAAC0C6FF4C8690EF1500518
:10A0C00000FB01CC82FB0301DB175348A3EB6113B8
:10A0D0009C4404EB0903A2FB032372460CEBD31C44
:10A0E000117A53694A2922D044293DD163449169A8
:10A0F00028321768CE17C3FB0016C91946EBE7765E
:10A10000AA4242E90216EBD1DEF82000DEF8481040
:10A11000DEF824308842DEF84C204FF001009341F5
:10A12000B4BF03460023CEF80030BDE8F087A70790
:10A130000CEB03060CD1394F394901FB0471394F3F
:10A14000B7EBB10F04D23B2BC8BF0136731ECEE76D
:10A15000324F334901FB0471334FB7EB311FF5D355
:10A160003B2BC8BF0136F1E7A10744D0294E86FB3F
:10A170000416E117C1EBE6114FF4C87606FB114156
:10A1800000290CBF4FF030084FF0000827498844E1
:10A19000D16801293CDD4FEA810A6646A8F1040135
:10A1A000AAF10809C14451F8047F49453E44FAD157
:10A1B000AAF104018844311D1D4F87FB0179CF1797
:10A1C0008944C7EBA907C7EBC707C91BD8F80070BC
:10A1D000591A136903F1FF3348BF0731C3EBC303B7
:10A1E0000B44BB4202DB073BBB42FCDA33447EE755
:10A1F0000020BDE8F0870A4E084906FB041106F16D
:10A200008046013EB6EBB10FB0D24FF03008BDE74B
:10A210006646D0E71F85EB518051010050B81E05FE
:10A22000295C8FC2285C8F020AD7A300ACE005121C
:10A2300093244992014800F063BA00BF6CCB002020
:10A24000014800F061BA00BF6CCB0020014B1868D8
:10A2500000F002B8A49300202DE9F04F05468FB01E
:10A26000BF4E04F043FEBF490446284600F01EFDE1
:10A2700031688046002800F0428121B100F048FAA0
:10A28000002841D031680846FCF74AFF404600F0FC
:10A2900031FC014628460131F5F77EF9306010B1F6
:10A2A000414600F013FBB04A0023B04DB04EB14F11
:10A2B0003360A36223653B60C5E900224A22C4E9FA
:10A2C0000333C4E90533C4E90D33C4E90F33227203
:10A2D000002384F830200022C4E90823C4E91223B3
:10A2E00098F800303A2B12D03C2B16D00DF1300BE1
:10A2F000A14AA24940465B4600F036FD002803DD36
:10A300000C9AD11E07291ED90FB0BDE8F08F98F81E
:10A31000013008F101083C2BE8D108F101090DF1E9
:10A32000300B954A96495B46484600F01DFD0028D3
:10A33000EADD0C9AD11E0729E6D819F802103E2949
:10A34000E2D108F1020818F8021008EB02092D29E1
:10A3500000F0FB802B294FF0010808BF09F101092B
:10A360000AAB00228749484602930DF12603ADF857
:10A37000262000935B46ADF8282009AACDF80CB042
:10A38000CDF804B000F0F0FC0028BDDDBDF82620BB
:10A390004FF4616CBDF82400C2EB0211BDF8282017
:10A3A00002EB81020C990CFB002208FB02F319F866
:10A3B000012089443C2A059300F0EA805B46724AFA
:10A3C0006E49484600F0D0FC002840F3FC800C9A0F
:10A3D000D11E072998D819F8021009EB02082D2977
:10A3E00000F0B8802B294FF0010908BF08F10108DF
:10A3F0000AAB002263494046ADF82420ADF8262080
:10A40000ADF828200C9209AACDF80CB0CDE901B323
:10A410000DF1260300935B4600F0A6FC002840F3F4
:10A42000E680BDF826204FF46160C2EB0211BDF852
:10A43000282002EB8102BDF8241000FB012209FB59
:10A4400002F306930C9A0023CDF81CB0A246904468
:10A450009B4698F80090B9F12C0F03D198F8019021
:10A4600008F10108B9F14D0F00F0C680B9F14A0FAB
:10A470004FF00A020DA90CBF08F101084FF0440982
:10A480004046FCF7F3FF0D9BADF82E00434500F06E
:10A49000A18080B28AF80890CAF8140098464FF05C
:10A4A00000094FF00203ADF82690ADF82430ADF866
:10A4B0002890CDF8309098F800302F2B00F0C8800D
:10A4C0004FF4E153CAF818300BF101030AF1280ADE
:10A4D0004FF0010B022BBCD1059B6068A362069B69
:10A4E0002365254B2B60284B6B60FFF7CDFDA26ADF
:10A4F000236D32609B1A18BF01233B6004E71C4B9D
:10A500000846224AC3F800801A4BC4F82880C3F8D2
:10A510000080164BC4F85080C3E900224A23002271
:10A52000237284F830300023C4E90388C4E9058825
:10A53000C4E90D88C4E90F88C4E90823C4E91223DB
:10A54000FCF7EEFDC6F80080DEE609F101094FF0E8
:10A55000FF3805E708F101084FF0FF3948E700BF71
:10A5600048CB002098DD051278DF051230920020DC
:10A5700064CB002068CB002058CB0020B4DD05124E
:10A58000A0DD0512C4DD05124CCB00209CDD0512B8
:10A5900009F1010A5B464E4A4E49504600F0E4FB81
:10A5A00000280CDD0C9AD11E07293FF6ADAE1AF833
:10A5B00002103E297FF4A8AE09F102090BE799F8D1
:10A5C00001203E2AEED1444BC5E90033059BA3622E
:10A5D000336099E6BBF1000F5AD04D220B2184F86D
:10A5E00030200122C4E90D120022E26356E7059BE8
:10A5F000A3F56163069325E70DF12E03079A37490A
:10A60000404602930BAB03920192009313460DF167
:10A610002A0200F0A9FB03287FF476AEBDF82A30A9
:10A620005A1E0B2A3FF670AEBDF82C20511E04298D
:10A630003FF66AAEBDF82E1006293FF665AE8AF8E1
:10A640000890CAF81410CAE903320C9B984426E714
:10A65000079B0AAA224940460393CDE901320DF136
:10A660002602009209AA00F07FFB484519DDBDF8DB
:10A6700026304FF46161C3EB0312BDF8283003EBC1
:10A680008203BDF8242001FB02330C9A904419E7A1
:10A690004D220320C4F814B022720222C4E903023E
:10A6A000FCE64A2100220023C4F82890217284F895
:10A6B0003010C4F85090C4E90399C4E90599C4E97D
:10A6C0000823C4E90D99C4E90F99C4E912231BE6D4
:10A6D0004CCB0020A0DD051258CB0020D8DD0512A0
:10A6E000ECDD0512014B93F82801704738920020E9
:10A6F0000048704728930020704700BF704700BF94
:10A70000704700BF704700BF704700BF704700BF71
:10A7100080EA010C1CF0030F37D110F0030C20F07D
:10A72000030021F0030150F8042B08BF51F8043B4B
:10A730000ED08CF0030C6FF07F434FEACC0C23FA61
:10A740000CFC51F8043B42EA0C0243EA0C0300BF44
:10A75000A2F1013C9A4201BF2CEA020C1CF0803F9E
:10A7600050F8042B51F8043BF2D04FEA02604FEA54
:10A770001222012828BFB0EB036F08BF1B0AF4D0D8
:10A7800003F0FF03000EC01A704710F0030F0AD049
:10A7900010F8012B11F8013B012A28BF9A42F4D08E
:10A7A000A2EB030070474DF8045D50F8042B01F054
:10A7B000030521F0030151F8043B022D26D04DD8AA
:10A7C00022F07F45B5EB132FA2F1013C2CEA020CDD
:10A7D0000DD11CF0803C08BF51F8043B0AD185EA3A
:10A7E0000205B5EB036F0CD150F8042BE8E74FEAF4
:10A7F00013235BE03CF07F4C54D10B784FEA126599
:10A8000054E04FEA126503F0FF034FE04FEA0245C0
:10A81000A2F1013C4FEA15452CEA020CB5EB134FAF
:10A8200018D11CF0803C08BF51F8043B07D185EAE1
:10A830000205B5EB034F09D150F8042BE6E75FEAB8
:10A840000C4C2FD10B884FEA12452FE04FEA0343FF
:10A850004FEA12454FEA134328E000BF02F0FF051C
:10A86000B5EB136FA2F1013C2CEA020C0DD11CF0E8
:10A87000803C08BF51F8043B0AD185EA0205B5EBDC
:10A88000032F0AD150F8042BE8E74FEA13630DE0D9
:10A8900012F0FF0F06D051F8043B4FEA122523F0C7
:10A8A0007F4303E04FF0000020BC704705F0FF023B
:10A8B00003F0FF00012828BF904204BF2D0A1B0AA5
:10A8C000F4D0A2EB000020BC704700BF80EA010278
:10A8D000844612F0030F4FD111F0030F32D14DF81F
:10A8E000044D11F0040F51F8043B0BD0A3F10132D9
:10A8F0009A4312F0803F04BF4CF8043B51F8043BEC
:10A9000016D100BF51F8044BA3F101329A4312F063
:10A91000803FA4F101320BD14CF8043BA24312F06A
:10A92000803F04BF51F8043B4CF8044BEAD0234667
:10A930000CF8013B13F0FF0F4FEA3323F8D15DF819
:10A94000044B704711F0010F06D011F8012B0CF8E1
:10A95000012B002A08BF704711F0020FBFD031F859
:10A96000022B12F0FF0F16BF2CF8022B8CF80020E0
:10A9700012F47F4FB3D1704711F8012B0CF8012B63
:10A98000002AF9D1704700BF30B586468007CCB2A7
:10A9900015D00EEB0205F44606E013F8011BA142A8
:10A9A00007D0990706D09C46654563466046F4D1BA
:10A9B000002030BD013A72449E46A2EB0C02032AED
:10A9C0000CD8002AF4D07346724401E09A42EFD0CA
:10A9D000184613F8011BA142F8D130BD04EB042541
:10A9E000714605EB05458E4651F8043B6B40A3F1DB
:10A9F000013020EA030313F0803FE4D1043A032A34
:10AA0000F1D88E46DDE700BF844641EA000313F02B
:10AA1000030349D1403A23D30B6803604B6843607A
:10AA20008B688360CB68C3600B6903614B694361CA
:10AA30008B698361CB69C3610B6A03624B6A4362B2
:10AA40008B6A8362CB6AC3620B6B03634B6B43639A
:10AA50008B6B8363CB6BC36340304031403ADBD2B6
:10AA600030320BD30B6803604B6843608B688360A4
:10AA7000CB68C36010301031103AF3D20C3205D3DA
:10AA800051F8043B40F8043B043AF9D2043208D0B0
:10AA9000D2071CBF11F8013B00F8013B01D30B8822
:10AAA00003806046704700BF082A13D38B07B1D0DC
:10AAB00010F00303AED0C3F10403D21ADB071CBFAE
:10AAC00011F8013B00F8013BA4D331F8023B20F818
:10AAD000023B9FE7043AD9D3013A11F8013B00F851
:10AAE000013BF9D20B7803704B7843708B788370FD
:10AAF0006046704720F0030110F00300C0F1000031
:10AB000051F8043B00F1040C4FEACC0C6FF000024A
:10AB10001CBF22FA0CF213434FF0010C4CEA0C2C30
:10AB20004CEA0C4CA3EB0C0222EA030212EACC1210
:10AB300004BF51F8043B0430F4D0C2F1000102EA32
:10AB40000102B2FA82F2C2F11F0200EBD20070479A
:10AB5000F8B555EC104BC5F30A522F460646A2F243
:10AB6000FF33132B17DC002B3CDB244A42FA03F3A0
:10AB700005EA030252EA040117D0204629460024C0
:10AB800025EA030522462B46C6E9002307F0FCFD13
:10AB900041EC100BF8BD332B14DCA2F213424FF042
:10ABA000FF33D34013EA040107D107F000430A46FC
:10ABB000C6E9004543EC102BF8BD2046294624EA9F
:10ABC0000304DFE786ED000B04F094F980B9224618
:10ABD0002B462046294607F0D9FD41EC100BC6E96B
:10ABE0000001F8BD002205F00043C0E90023F8BDD4
:10ABF000002205F0004343EC102BF8BDFFFF0F00CF
:10AC000010B491FBF2F402FB1411C0E900415DF8AD
:10AC1000044B70470148FFF775BD00BF70CB0020A3
:10AC20000148FFF773BD00BF70CB00202DE9F0474E
:10AC3000DFF8749080460E461746FFF7EBFFD9F811
:10AC400000504DB13378344663B13D2B0AD014F82F
:10AC5000013F3BB13D2BFAD14046FFF7E1FF002019
:10AC6000BDE8F0873D2BF7D02868A41B0028F3D05F
:10AC700022463146FEF786FC28B92868035D00EBC2
:10AC8000040A3D2B04D055F8040F0028F0D1E3E767
:10AC9000D9F800304046ED1AAD103D60FFF7C0FF17
:10ACA0000AF10100BDE8F087E894002000B583B008
:10ACB00001AAFFF7BBFF03B05DF804FB82B049B106
:10ACC0005AB16BB113780B601278101E18BF0120B7
:10ACD00002B0704701A9002AF3D1104602B07047B4
:10ACE0006FF00100F4E700BF034649B1FF2A02D824
:10ACF00001200A7070478A224FF0FF301A607047B7
:10AD00000846704770B5054684B05BB11C460F4BD2
:10AD1000D3F8E060234669B12846B047431C0FD002
:10AD200004B070BD094B00F58274D3F8E06023468F
:10AD30000029F1D10A46284601A9B047431CEFD1AA
:10AD400000228A2322602B6004B070BD389200205C
:10AD500010B582B0049C00934FF0FF33019406F0CD
:10AD600061F802B010BD00BF0EB470B59DB00025F3
:10AD70004FF4017221AC1B95ADF8142054F8046B0C
:10AD800002900690FFF7B6FE0B4903464FF6FF70A0
:10AD900032460A910949ADF81600039307932346FA
:10ADA000086802A90E951395019400F099F81DB05A
:10ADB000BDE8704003B0704775900412A493002062
:10ADC00038B54B1C1AD0938914465268CDB223F083
:10ADD0002003A381236BA3B1636B934209DD236836
:10ADE0005A1E226003F8015C6368013363602846E1
:10ADF00038BD214603F07CFF0028F0D04FF0FF352E
:10AE0000F5E7236921682BB18B4203D211F8013C8D
:10AE1000AB420ED0234604F14000C4E90E120321D8
:10AE2000012220632846616303F8425FC4E90032CF
:10AE300038BD01390132C4E90012D8E72DE9F04FDD
:10AE4000834685B002FB03F00E9C0193A0B38846B5
:10AE50000646D4E90015A84223D94FF0000904F1B1
:10AE6000400ACDE9020240462A46FFF7CDFD21689F
:10AE7000236B58464F19A8441946C4F8049027601C
:10AE80003746761BDBB1534501D0F4F7A2FBE06BEC
:10AE9000C4F83090606090B1A16BB042054621606B
:10AEA000E1D332464046FFF7AFFD0198D4E90032C6
:10AEB000921B3344C4E9003205B0BDE8F08FDDE9F0
:10AEC0000202A389284443F02003C01BA38100236E
:10AED000B0FBF2F02269C4E9002305B0BDE8F08FB1
:10AEE0002DE9F04FE5B091468A4602AF4A6E7B628B
:10AEF000B1F90C30F8639C0400F1058143F4005370
:10AF000022F400528B814A660822002107F1480092
:10AF100019F07AFF4FF0000E0AF14003F346C7F82C
:10AF20002CE0C7F810E0C7E90CEEC7E9053E994BE5
:10AF3000D3F8E450FFF7D6FB07F14802034607F1C8
:10AF4000440100924A46F86BA8470028C0F2AE8040
:10AF50007B6C81440146002B00F0B580012800F095
:10AF6000C280252B40D00028E1D0A9EB0108DAF8F7
:10AF70000430404408F1FF361A46451E002A16DD0B
:10AF8000DAF800301878711C72780133904240F082
:10AF90009A80DAF80420A942CAF8003002F1FF32A0
:10AFA000CAF8042000F0AA80002A0E46E8DCDAF88D
:10AFB0003030F86B1946002B00F035857A699342E2
:10AFC00001D0F4F706FBDAF83C300022CAF804306E
:10AFD000CAF83020002B00F02685DAF83830CAF89D
:10AFE0000030CFE701200146002699F800C0324624
:10AFF000ACF1250309F10104552B64D8DFE813F007
:10B00000E70463006300630063009A036300630066
:10B01000630063006300EC00EC00EC00EC00EC006B
:10B02000EC00EC00EC00EC00EC006300630063005B
:10B030006300630063006300630063007101E80361
:10B0400063006300630063006300630063008700C4
:10B0500063006300D904630063006300700463004D
:10B06000630063006300F90063006300580263003B
:10B070006300630063006300630063008704C80328
:10B08000630063006300A203AF0387006300430112
:10B0900050015E013C0262036300630070038F0095
:10B0A000820363006300F90063008F004FF6FD73B5
:10B0B0000822002107F148007B6419F0A5FE7B6C93
:10B0C00009F101097BB9FB6A3BB1FB6A18683B6B6C
:10B0D000013369D008B1FCF723F8386B07F5C67760
:10B0E000BD46BDE8F08F2C4AD25C11071DD4252B3C
:10B0F0003FF478AF09F1FF38012038E702365E44AB
:10B10000A6EB080B13E7900400F1A384FCE63507D7
:10B11000D9D199F801C046F00206A14668E7330785
:10B12000D1D199F801C0A14662E7DAF804200AF10A
:10B1300040060025FC6B11E0DAF800301A78013384
:10B1400015498A5C12077FF5F2AEDAF804200BF19C
:10B15000010BCAF80030013ACAF80420002AEBDCDF
:10B16000DAF8303020461946002B01F0C180B34296
:10B1700001D0F4F72EFADAF83C30CAF83050CAF8A9
:10B180000430002B01F0B480DAF83830CAF800300F
:10B19000D4E700BF3892002065DC05123B6B1BB181
:10B1A000BAF80C305B0690D5FB6ADE8818687EB171
:10B1B0000024051F8146A04655F8043F0134186855
:10B1C000FBF7AEFF2B68B442C3F80080F4D14846C9
:10B1D0004FF0FF333B637DE716F08F0F7FF473AFC3
:10B1E00002EB82020CEB420299F801C0A146303A10
:10B1F000FEE6DAF8043046F400763C62002B40F3B9
:10B200006982DAF800C0DFF8A4829CF8000018F820
:10B21000005060462D0741F1BF81A3490325B96164
:10B22000102179630AF14009BD63002419464D4697
:10B23000914609E0CAF80000017818F801100A07E1
:10B2400040F10C84DAF8041001390BF1010B0130E4
:10B250000029CAF80410EDDCDAF83030F86B194632
:10B26000002B00F0E083AB4201D0F4F7B2F9DAF83A
:10B270003C10CAF83040CAF80410002900F0D3830B
:10B28000DAF83800D6E735077FF41DAF99F801C02A
:10B29000BCF16C0F00F0DC8746F00106A146A7E682
:10B2A00016F08F037FF40FAFFD6A002D01F04B8085
:10B2B00099F801C046F08006A14699E63C62F40682
:10B2C00000F1B3807A6A300752F8043B7A6200F1E9
:10B2D000DB87710741F14381D7F82090A3F800B0D4
:10B2E00025E6DAF8043046F041063C62002B40F3D4
:10B2F000DE85012A38BF0122154616F01003BB6215
:10B3000040F0C0867B6A340653F8042B7A607B6277
:10B3100041F10380002A3FF4D6AE8020FBF7F8FE0F
:10B320008146002801F014817B681860FB6ADE8882
:10B33000B3F80480464580F03E8718687B68FA6A57
:10B3400040F82630731C0120C7F81C90D3802023BE
:10B35000C7E90203002607F160083B69BB63FFF7FA
:10B36000C1F9B04200F06A83BB6B07F15804DAE917
:10B370000021032B12F8010B01F1FF3108F8060040
:10B3800006F10106CAF80410CAF8002002D12368A9
:10B39000042B04D008220021204619F035FD00942A
:10B3A000334649464246F86B05F098FC411C03467B
:10B3B00000F04483002840F00D83BA6AB344013D95
:10B3C000DAB9C9F80020F869FE68A9EB0004B6EB09
:10B3D000A40F10D8BA6872B1F100BB6305F052FA3D
:10B3E000F861002801F0B480720000EB0409BB6B27
:10B3F000FA607A68106009F10409DAF8042000267E
:10B40000002A19DD002DA9D13B61FB69A9EB0301DD
:10B41000FB68B3EBA10F03D9BB68002B40F0388762
:10B42000BB6A13B93B6B01333B63D7F820907EE5D1
:10B43000DAF80420002A91DCDAF83010002901F053
:10B4400011800AF14002914204D0F86BBB63F4F71B
:10B45000C0F8BB6B0022CAF83020DAF83C20CAF8EA
:10B460000420002A00F0FE87DAF83820CAF800200D
:10B47000002D7FF473AFC7E7DAF804303C62002B8D
:10B4800040F39F82DAF800C0DFF820809CF80000CB
:10B4900018F8005060462C0741F1838002490325CB
:10B4A000B96108217963BDE66974041265DC05128F
:10B4B000214607F18800BA6303F0CAFBDAF80430CA
:10B4C00046F04006BA6B002B386240F35B87002AD7
:10B4D00006F0100308BF4FF0FF3216F00108FB61C1
:10B4E00000F04A83002B40F0C3857B6A300653F896
:10B4F000041B39607B6240F11D87BA6300293FF469
:10B50000E2AD8020FBF704FEBA6B8146002801F013
:10B510001F803B681860FB6ADD889E88B54280F01A
:10B52000098618683B680121C7F80C9040F825305F
:10B530000135FB6ADD802023C7E90113C7F838B065
:10B540004FF000083C699346FFF7CCF8404500F007
:10B550007582032C07F15006DAE9003202F1FF325E
:10B5600013F8011BCAF8042007F16002CAF8003082
:10B5700002F8081008F1010802D13368042B04D046
:10B5800008220021304619F03FFC0096434607F19F
:10B5900060024946F86B05F0A1FB431C044600F02D
:10B5A0004D82002840F026820546C9F8000007F1C8
:10B5B0005803082200211846BB6219F025FC804977
:10B5C0002A46BB6AD1F8E05007F14001F86BA84762
:10B5D00001280CBF97F84050002507F188035B5DF8
:10B5E000002B00F0B786BB6B032C4344BB6300F019
:10B5F0000A82FB690BF1FF3BBBB909F10409F8684A
:10B60000BE68A9EB0005B6EBA50F0ED87B6863B149
:10B61000F10005F037F9F860002800F09987720012
:10B6200000EB0509BA603A681060DAF804304FF0B0
:10B630000008002B27DDBBF1000F85D1D7F838B00B
:10B640003C61FB69002B7FF4F0AEC9F80030FB6869
:10B65000BA68A9EB03018B1001339A427FF6E2AE80
:10B660007B68002B3FF4DEAE3C680431206805F0B7
:10B6700009F900283FF4D6AE2060D3E6DAF80430AA
:10B68000002B3FF761AFDAF83010002900F0048793
:10B690000AF14003994202D0F86BF3F79AFF0023B6
:10B6A000CAF83030DAF83C30CAF80430002B00F029
:10B6B000F386DAF83830CAF80030BBF1000F7FF4B7
:10B6C00043AFBBE7DAF8043046F408763C62002B5F
:10B6D0003FF797AD3B4B0325BB6110237B6383E0B2
:10B6E000DAF804303C62002B40F35686DAF80000AA
:10B6F000DFF8D880057818F80550290740F19B80BD
:10B7000002258FE5DAF804303C62002B40F33D86D9
:10B71000DAF800C0DFF8B4809CF8000018F8005098
:10B7200060462D0740F1428726490325B9610A2169
:10B73000796377E532437FF4C6AC99F801C01026EF
:10B74000A14655E433077FF4BEAC99F801C0BCF1C3
:10B75000680F00F0758546F00406A14648E4DAF863
:10B7600004303C62002B40F31E86DAF800C0DFF89C
:10B770005C809CF8000018F80050604615F0080541
:10B7800000F0198710490325B9610021796349E563
:10B79000DAF804303C62002B21DDDAF800C0DFF873
:10B7A0002C809CF8000018F800506046290740F1F2
:10B7B000EB8605490325B9610A21796332E500BFAB
:10B7C0003892002069740412F972041265DC0512C3
:10B7D000DAF8043046F001063C62002BDDDCA14BB8
:10B7E0000325BB610A237B63DAF83010002900F0DF
:10B7F0001A810AF14003994204D0F86BBA63F3F757
:10B80000E8FEBA6B0023CAF83030DAF83C30CAF8E8
:10B810000430002B00F00781DAF838007406CAF80B
:10B82000000040F11A87012D3FF451AE002D76D073
:10B83000022D40F05082002A06F0100308BF4FF09E
:10B84000FF3216F00109BB6300F01281BB6B002BC5
:10B8500040F006847B6A310653F8044B7B6240F16A
:10B860005685BA62002C3FF42EAC8020FBF750FCCA
:10B87000BA6A8146002800F06B86FB6A2060DD888A
:10B880009E88B54280F06A841868FB6A494640F891
:10B8900025404FF0200C0135DD80DAF80030DFF86C
:10B8A000CC811B7818F8035015F0080500F00983C7
:10B8B000BB6B002B7FF4B9ADA9EB0101C9F80030D7
:10B8C0008B1001339C457FF6ADAD002C3FF4AAAD43
:10B8D0000431206804F0D6FF00287FF4CDAEA1E546
:10B8E000DAF8043046F001053C62002B40F357853E
:10B8F000DAF80000DFF8748190F800C018F80CC086
:10B900001CF0080F00F06B862E4602258AE4DAF858
:10B91000043046F040063C62002B40F3C882012A06
:10B9200038BF0122F30715463FF5E7ACF30600F1F7
:10B93000B1837B6A340653F8048B7B6240F1AA82A0
:10B94000B8F1000F3FF4BFAB1046FBF7E1FB064632
:10B9500000287AD0FB6AC8F80000B3F806909A88ED
:10B96000914580F07D841868FB6A314640F8298053
:10B9700009F101090122A3F806902B46CDF800A099
:10B98000F86BFFF75BFA064600283FF407AC8542E8
:10B9900007D90146D8F8000004F074FF08B1C8F8D0
:10B9A00000003B6BB344D7F8209001333B63FFF7B3
:10B9B000BEBADAF8043046F001063C62002B3FF7CD
:10B9C00061AD294B0325BB6108237B630CE7A146CE
:10B9D000FFF7C9BA821C3FF42BAD0328B34403D14F
:10B9E0002268042A00F05181BA6A013D002A3FF41E
:10B9F000EAAC02E5851C3FF441AED9F80050681C62
:10BA00007FF4D5ADE9E53368042B7FF4F2ADFB6933
:10BA1000002B3FF4F2ADDAF804304FF00008002BB1
:10BA20003FF792AD2FE6BAF80C300022DAF810108A
:10BA300043F02003CAE90012AAF80C303B6B23B193
:10BA4000BAF80C305A067FF53EABFB6A002B7FF448
:10BA5000ABAB4FF0FF333B63FFF73FBBBD6B4A46D9
:10BA6000E1E600BFF97204126974041265DC051284
:10BA700006F01003002B40F0BB84796A16F08005B5
:10BA800051F8043B1C46BB63796200F0C283BA6282
:10BA9000002B3FF418AB2020FBF73AFB05460028AB
:10BAA000D3D0FB6ABA6ADE88B3F8049020604E45B2
:10BAB00080F082821868BB6B4FF0200940F8263076
:10BAC0000136FB6ADE800123DAF800C0DFF8388532
:10BAD0009CF8000018F80000010700F1BF8214462E
:10BAE00042462E46984661465B469346DAF8042065
:10BAF000013ACAF804204A1CCAF800200A7805F85E
:10BB0000012BAA1B4A45BA6211D3B8F1000F0ED01F
:10BB10004FEA49093046FB61494604F0B3FE064648
:10BB2000002892D0BB6BBA6A18608518FB69013C8B
:10BB30000BD0DAF80420002A40F33C84DAF8001035
:10BB40000A781BF802201207D0D59B46A91B434652
:10BB50008B440131002289452A7006D92BB1BC6B78
:10BB6000206804F08FFE00B120603B6BD7F8209076
:10BB700001333B63FFF7DBB9FB69002B40F03282F6
:10BB8000796A16F0800651F8043B796200F0CE83A2
:10BB9000BA62BB63002B3FF496AA2020FBF7B8FAE9
:10BBA000054600283FF451AFF96ABB6BCE88B1F867
:10BBB0000480BA6A4645186080F0E5820868F96A30
:10BBC0004FF0200940F826300136CE8007F1880179
:10BBD000DAF800000C460178615C00293FF473AA92
:10BBE000B3F100080AF14001C7F81CB02E4618BF97
:10BBF0004FF001089346B962BB631BE0B8F1000F38
:10BC000027D04FEA49093046494604F03BFE064634
:10BC100000283FF41AAFBB6B05441860BBF1010B61
:10BC20003FD0DAF80410002915DDDAF800000178B9
:10BC3000615CB1B32946DAF80450013DCAF80450FA
:10BC4000451CCAF80050007801F8010B8D1B4D45CA
:10BC5000D4D20D46E2E7DAF83010002900F0418432
:10BC6000BB6A994202D0F86BF3F7B3FC0023DAF811
:10BC70003C10CAF83030CAF80410002900F03184B2
:10BC8000DAF83800CAF80000D1E7BA6A002A3FF4AF
:10BC90009AABDAF804200026002A3FF75FABFFF7E3
:10BCA000CBBBAE1BD7F81CB0BB6B3FF40CAA711C0E
:10BCB000002289452A707FF674AEB8F1000F3FF478
:10BCC00070AE1868BB6304F0DDFD00283FF469AE78
:10BCD000BB6B186065E6D7F82090DAF800C0531EF9
:10BCE000262B40F2C580A2F1270327223B620023C6
:10BCF0000AF1400407F1600846F45865BB63BB6273
:10BD00002346464614464A4699469CF80000A0F150
:10BD10002B014D292FD8DFE801F0802E802E2E85B3
:10BD20006C6C6C6C6C6C6C27272E2E2E2E2E2E2E8F
:10BD30005656565656562E2E2E2E2E2E2E2E2E2E33
:10BD40002E2E2E2E2E2E2E742E2E2E2E2E2E2E2ECD
:10BD50005656565656562E2E2E2E2E2E2E2E2E2E13
:10BD60002E2E2E2E2E2E2E747B6BA64931F91310FB
:10BD7000082979632ADC9146E80505D5464500F295
:10BD8000988046453FF49FA915F0100214D17B6BB3
:10BD90004146BC69F86B3270A0477B6AA90603F183
:10BDA000040469D42A0740F11B827B6A1B6818705F
:10BDB0003B6B7C6201333B63A6EB0806BB6B1E4406
:10BDC000B344FFF7B4B87B6B0A2BD4DD25F4386598
:10BDD00006F8010BDAF8041001390029CAF804103A
:10BDE0002DDD0CF10101013CCAF80010C3D08C46D6
:10BDF0008BE77B6B25F43865824931F913307B631F
:10BE0000E6E705F4C061B1F5007FB4D125F4007513
:10BE1000102345F4A0657B63DAE72B06ABD525F04C
:10BE20008005D5E72B05D3D57B6B1BB9082345F4DB
:10BE300000757B63690522D525F4B065C8E7DAF89B
:10BE40003010002900F03E83494504D0F86BFA61B8
:10BE5000F3F7BFFBFA69BB6ADAF83C10CAF8303076
:10BE6000CAF80410002900F02D83DAF83810BAE778
:10BE700000233B623BE77B6A1B68186098E73B6ADC
:10BE800025F4607513B1013B01343B62BB6B013398
:10BE9000BB639FE7CDF800A0134641460122F86B33
:10BEA000FEF7CCFF064600287FF47BADC6E50025F3
:10BEB0009AE416F8011C5246F86B013EFEF780FF2B
:10BEC0005FE73E69C7F810809046FC60F961C7F8EB
:10BED00028C0FEF707FCA8423FF4B0AD032E07F1DF
:10BEE0005804DAE9003202F1FF3213F8011BCAF8F4
:10BEF000042007F16002CAF80030515505F1010530
:10BF000002D12368042B04D008220021204618F017
:10BF10007BFF009407F160022B464946F86B04F062
:10BF2000DDFE421C06463FF489AD002840F07681D4
:10BF3000C9F8000004F088FF002840F0B781AB4446
:10BF400008F1FF38BD6B002D40F0D08109F10409E4
:10BF5000F869BB6AA9EB0004B3EBA40F00F2C68139
:10BF6000FA68002A00F0C281D90004F08BFC014677
:10BF7000F861002800F0EC82BB6A00EB040958006D
:10BF8000FB68B8621960DAF80430002B40F3C6820F
:10BF9000DAF800301B783A69D35CC3F3C00383F04E
:10BFA0000103D80702D5B8F1000F92D1FC68F969F6
:10BFB000D7F828C03E617BE44FF6F673BA62994524
:10BFC0003FF6F2A809F10809FC6A4FEA89012068E6
:10BFD00004F058FC00283FF4E7A8BA6AA4F80490DB
:10BFE000206068E5DAF8001007F188000B78C35C80
:10BFF000002B3FF468A80AF14006454614468146E6
:10C000000AE000BF2CE0051265DC05120B7819F878
:10C010000330002B00F08980DAF8043008F10108C1
:10C020000131013B4445CAE900137ED0002BEDDC11
:10C03000DAF8301000296BD0B14202D0F86BF3F778
:10C04000C8FADAF83C30CAF83050CAF80430002B8D
:10C050005ED0DAF83810CAF80010D7E7012179E588
:10C060004FF0000C07F1440361469946644614E41E
:10C07000002307F144017B6089463B60C7E9023336
:10C08000FFF75CBA00239946FB617B60C7E9023386
:10C09000FFF760B9DAE900239D4240F3F6811A44C4
:10C0A000DAF830101E46A5EB0308CAF80020002974
:10C0B00000F053820AF14003994202D0F86BF3F783
:10C0C00088FA0023CAF83030DAF83C30CAF8043075
:10C0D000002B00F04282DAF838209845CAF8002098
:10C0E00040F3D4819D19BAF80C3043F02003AAF82C
:10C0F0000C30DAF81030CAF800300023CAF80430E7
:10C10000002D3FF49BACAB44D7F82090FEF70FBF57
:10C11000BAF80C3043F02003AAF80C30DAF81030EB
:10C12000CAF800300023CAF80430C344D7F820907E
:10C13000FEF7FDBE4FF6F673BA639E4200F2088228
:10C140000836FC6AB100206804F09CFB002800F06F
:10C15000FF81BA6BA6802060FFF7E4B94FF6F67353
:10C16000BA629E4200F2F4810836FB6AB100186898
:10C1700004F088FB002800F0EB81FB6ABA6A9E801D
:10C180001860FFF782BB4FF6F671BB62BA63884551
:10C190003FF60AA808F10808FC6A4FEA88012068FF
:10C1A00004F070FB00283EF4FFAFBB6ABA6BA4F842
:10C1B0000480206003E54FF6F673984500F2C881CD
:10C1C00008F10808FC6A4FEA8801206804F05AFB6D
:10C1D000002800F0BD81A4F804802060FFF7AEB80D
:10C1E0006B075FD415F001027FF445AEA9077FF518
:10C1F00042AEC74BB969F86B99427B6B414600F080
:10C20000F78104F0A3FC0B467A6A1168C1E90003C8
:10C21000CEE52B46BD6B9946BB6355E4831C3FF4CA
:10C22000B2AED9F8000004F00FFE00283ED1032E74
:10C23000AB447FF485AE2368042B7FF481AE81E6A6
:10C2400099F802C046F0080609F10209FEF7D0BECF
:10C2500099F802C046F0020609F10209FEF7C8BECD
:10C260004FF6F6739A423EF69FAF02F10804FB6A5E
:10C27000A100186804F006FB00283EF495AFFB6AA5
:10C280009C801860FFF770BB83F800B0FFF7CDB853
:10C290007C68206804F0F6FA00283FF4C1A820600A
:10C2A000FFF7BEB87B6A1B68188081E507F1600361
:10C2B000FC68F969D7F828C03E615E19C7F8289074
:10C2C0008946FC613446D7F83C806646013D5246BB
:10C2D00014F8011D4046FEF773FD002DF6D14946C6
:10C2E000FC69D7F82890B446FFF7E2BA00254AE681
:10C2F000BAF80C3043F02003AAF80C30DAF810300A
:10C30000CAF800300023CAF80430FEF710BEA14678
:10C31000BC6BA4462146FFF7C0BABB6AD7F80490AD
:10C32000FB617B60C7E90233FFF714B81D46B146D5
:10C3300033464BE4FB69D7F80090FB603B60C7E9EC
:10C340000133FFF7FBB882B0CDE9023302ABFB62E9
:10C35000FEF7AEBFD7F838B03C61B8F1000F3FF43C
:10C3600070A907F160034546FE6B03EB0804013D2D
:10C37000524614F8011D3046FEF722FD002DF6D17D
:10C38000FFF75FB90125FFF72FBA614B0325BB61AA
:10C390000A237B63FFF728BA0225FFF725BA2E464A
:10C3A0000225FFF721BA5B4B0325BB6100237B63AA
:10C3B000FFF71ABADAF83010002900F023810AF1E9
:10C3C0004002914204D0F86BBB62F3F702F9BB6AFA
:10C3D0000022CAF83020DAF83C20CAF80420002AEB
:10C3E00000F01081DAF83810CAF80010FFF7A8BB87
:10C3F000DAF80000DFF82081037818F80330190715
:10C400003FF513A80AF140064D46144605E00378AF
:10C4100018F803301B0700F1B080DAF8043009F196
:10C4200001090130013B4C45CAE9000300F0A2803C
:10C43000002BECDCDAF83010002900F0C080B142AB
:10C4400002D0F86BF3F7C5F8DAF83C30CAF8305090
:10C45000CAF80430002B00F0B280DAF83800CAF8CD
:10C460000000D4E73B61BAF80C3043F02003AAF88F
:10C470000C30DAF81030CAF800300023CAF8043063
:10C48000002E3EF4C2AFFFF7D9BAA846A3EB0803CB
:10C490004244CAE9002336E6BAF80C30D7F838B07F
:10C4A00043F020033C61AAF80C30DAF81030CAF8E7
:10C4B00000300023CAF80430B8F1000F3FF4C1A8DF
:10C4C000FFF7BCBABAF80C30914643F02003AAF843
:10C4D0000C30DAF81030CAF800300023CAF8043003
:10C4E0004AE4BAF80C20B542D7F81CB042F020025A
:10C4F000BB6BAAF80C20DAF81020CAF800204FF025
:10C500000002CAF804203FF499AAAE1BFFF7CFBB84
:10C5100069740412F972041265DC0512DAF830103D
:10C52000002900F083800AF14003994202D0F86BA1
:10C53000F3F74FF80023CAF83030DAF83C30CAF885
:10C540000430002B72D0DAF83830CAF8003021E518
:10C550004FF0FF333B63FEF7B6BD3546C3E5F20748
:10C560000ED4B5070CD54FEAEB72C3F800B05A6091
:10C57000FEF75BBFA344FEF758BFCB44FEF755BFA1
:10C58000C3F800B0FEF751BF3A4BBB610A237B638F
:10C59000D7F82090FFF7A3BB374BBB6110237B6319
:10C5A000F6E7354BBB6108237B63F1E7324BBB6198
:10C5B0000A237B63ECE72F4B7D63BB61E8E7BAF8A6
:10C5C0000C30CB4443F02003AAF80C30DAF81030DA
:10C5D000CAF800300023CAF80430FEF726BF5AB963
:10C5E00006F010034FF0FF322E46BB63FFF72EB963
:10C5F00004F072FB0B4607E606F010032E46BB6301
:10C60000FFF724B9BAF80C209B46A91B434642F019
:10C6100020028B440131AAF80C20DAF81020CAF865
:10C6200000200022CAF80420FFF794BABAF80C30B0
:10C63000FC6843F02003F969D7F828C0AAF80C3049
:10C64000DAF810303E61CAF800300023CAF804302E
:10C65000002D7FF4F3A9FFF72BB990F800C0DFF8A5
:10C660001C8018F80CC01CF0080F7EF4DBADFFF73F
:10C67000DAB800BFF97204126974041265DC05129D
:10C680002DE9F04FDBB00C4682460A910DF1A80867
:10C6900007920E93FEF72CF8036818461693FEF7E0
:10C6A00029FA082215900021404618F0ADFBA38915
:10C6B0001F0603D52369002B01F05C810023CDF810
:10C6C00010A09E46CDE92F3331ABCDF85CE0CDF81C
:10C6D00060E01C462E93CDF820E0CDF844E09FEDBD
:10C6E000727BCDE919EE8DED127B079E049F704B96
:10C6F000D3F8E450FDF7F6FF3246034626A9384644
:10C70000CDF80080A8470028034600F09B80C0F2C7
:10C710009180269A252A01D01E44E8E7079B05460A
:10C72000F71A40F0938000234FF0FF32751C96F803
:10C7300001908DF88F300993069203930135A9F18A
:10C7400020035A2B00F2B680DFE813F0E503B400B3
:10C75000B400DE03B400B400B400BD03B400B40000
:10C76000F8020A03B4000303F703B400F0035B000C
:10C770005B005B005B005B005B005B005B005B00E1
:10C78000B400B400B400B400B400B400B400250197
:10C79000B40042023A04250125012501B400B40089
:10C7A000B400B4003204B400B4008603B400B40092
:10C7B000B4007802B4001404B400B4009C08B400BF
:10C7C000B400B400B400B400B400B400B400250157
:10C7D000B40042026801250125012501100368010A
:10C7E0006D00B4002A03B4001B03560335036D002B
:10C7F000B40078026A00AD02B400B400C908B40005
:10C800006A00A9F13003002202EB820215F8019BB5
:10C8100003EB4202A9F13003092BF5D909928EE707
:10C8200095F800908AE7039B95F8009043F0200369
:10C83000039383E708220021404618F0E5FA01231C
:10C840001E4454E7079B0546F71A11D0079B2F9A01
:10C85000C4E900370132309B072A3B442F923093C2
:10C8600017DC0834089B3B440893002D7FF45BAF32
:10C87000309BDDF810A0002B41F0E0830A9B9B89E0
:10C8800003F04003002B41F0628708985BB0BDE8DD
:10C89000F08F2EAA0A990498FBF76AFF0028EDD1C1
:10C8A00031ACDFE7AFF300800000000000000000C3
:10C8B000389200200795B9F1000FD9D0002301224A
:10C8C00041AF8DF804918DF88F300B930C92069345
:10C8D00014930592CDE90F33039B309D13F084032D
:10C8E000AE4600F0D5809DF88F20EAB12F98002643
:10C8F000013001220135626007280DF18F02CDE978
:10C900002F05226000F3C38408346EB12F980130E4
:10C9100024AA0235226007284FF00202CDE92F0534
:10C92000626000F3A6840834802B00F0E183069B4C
:10C930000C9A9E1A002E00F3BC80039BDE0500F1CA
:10C94000F0800C9B27601D4463602F9B3095013362
:10C95000072B2F9300F33A840834039B5A0705D51D
:10C96000099B059A9E1A002E00F39F840599DDE924
:10C9700008328A42ACBF9B185B180893002D40F028
:10C98000F38300232F930B9B1BB10B990498F2F7B1
:10C9900020FE31ACA9E60E9B4FF0FF32079507331E
:10C9A00023F00701A04BB1EC027B57EC176B0E9103
:10C9B00027F000418DED1C7A1D91DDE91CAB8DED5A
:10C9C000127B5046594606F031FB002840F0608645
:10C9D0004FF0FF32944B5046594606F009FB05468E
:10C9E000002840F05586039B00223046394623F04C
:10C9F00080030393002306F0F1FA002841F0B68289
:10CA0000B9F1470F9DF88F30CCBF884F884F002B6E
:10CA100041F05F8503220B930C9258E70399079529
:10CA2000880640F123860E9B0391073323F007030A
:10CA30001A465B6852F8085B1E460E92002BC0F245
:10CA4000D182069A002AC0F24381039B23F080031F
:10CA5000039355EA060340F03B81131E18BF0123E0
:10CA6000002A40F035811A460B939DF88F305AAF5B
:10CA7000309D191E039BAE46069218BF012113F08C
:10CA800084030C9205911492CDE90F227FF42BAF11
:10CA9000099A0599561A002E00F30C859DF88F20EF
:10CAA000002A7FF423AF069B0C9A9E1A002E7FF774
:10CAB00044AF102E2F9ADFF87CA123DD29461023E6
:10CAC000DDF810B00A9D02E0103E102E19DD013293
:10CAD00010315848072AC4E90003CDE92F2104F199
:10CAE0000804F1DD2EAA2946584631ACFBF740FE7A
:10CAF000002840F01484103E1023102EDDE92F2171
:10CB0000E5DC0D4601323544C4F800A0072A666012
:10CB1000CDE92F2500F31185039B0834DE057FF551
:10CB200010AFB9F1650F40F35C8300220023DDE90B
:10CB3000120106F049FA002800F0FA832F9B013514
:10CB40003D4A0133309522600122072B2F9362600A
:10CB500001F382800834259B119A934280F2138559
:10CB6000159B169A1D44C4E900232F9B3095013371
:10CB7000072B2F9300F3F2860834119B5E1E002EC4
:10CB80007FF7EBAE102E2F9BDFF8A8A040F31483A5
:10CB90001027DDF81090DDF828B003E0103E102ECD
:10CBA00040F30A8301331035072BC4E900A7CDE910
:10CBB0002F3504F10804F1DD2EAA59464846FBF74B
:10CBC000D7FD002841F02B8031ACDDE92F35E5E7BA
:10CBD0000E9BB9F1430F079503F1040503D0039BA6
:10CBE000DE0640F1A186082200212CA841AF18F0F2
:10CBF0000BF90E9A2CAB049812683946FEF782F8AE
:10CC000003460C90013301F09D850C9B23EAE373EE
:10CC1000059300230E958DF88F300B930693149394
:10CC2000CDE90F3358E600BFFFFFEF7F4CDE051262
:10CC300048DE051250E0051258DE05120E9E002354
:10CC4000079556F8047B8DF88F30002F00F0A186F1
:10CC5000B9F1530F01F00C80039B13F010030F93F5
:10CC600041F00680069B002BC1F2F3811A460F9912
:10CC70003846FDF789FE9DF88F300B90002801F0B3
:10CC800090840B9AD21B0C9222EAE27205920BB1AD
:10CC9000013205920F9B4FF073090E960693149381
:10CCA00010930B9318E6039907958F0640F19B8428
:10CCB0000E9B002207338DF88F20069A23F007037E
:10CCC000002A5E6853F8085B0E9380F26284039139
:10CCD0000A2D76F1000380F09881069B30359DF88F
:10CCE0008FC00DF26717012B8DF86751B8BF012374
:10CCF000059300230F9301230C9300230B93BCF1A6
:10CD0000000F02D0059B013305930F9B002B01F010
:10CD10004685059B02330593039BDDE92F0513F040
:10CD20008403AE46024600F03782BCF1000F40F0AB
:10CD3000F882CDF850C0CDE90FCCE8E50E9B53F852
:10CD4000042B002A099280F23B84099A0E935242E6
:10CD50000992039B95F8009043F004030393EDE4DC
:10CD60002B2395F800908DF88F30E7E495F800902C
:10CD7000039BB9F1680F00F0E18543F04003039392
:10CD8000DCE4039A0E9B9206079503F1040140F13F
:10CD90005B841B68089A1A60D2175A600E91A4E44B
:10CDA00095F80090039BB9F16C0F00F0CF8543F02C
:10CDB00010030393C2E400220E99079547F630034F
:10CDC000069D51F8040B9542ADF890308DF88F20F8
:10CDD0000346C0F28785039D25F0800545F00205D6
:10CDE0000395002840F08A870698002840F086873F
:10CDF0004FF078090E91D6E303980795810640F12C
:10CE000011840E9B073323F007031A46596852F822
:10CE1000083B0E9200228DF88F20069A002A2DDB07
:10CE200020F490620392069A5ABB53EA010214BF9F
:10CE30000122002225D110F00101059100F0C583E7
:10CE400030230DF2671706928DF867310C910B9223
:10CE50001492CDE90F223FE5039B07959D0643F011
:10CE60001000CED40E9B1A1D0E9B00210E920022A4
:10CE70001B688DF88F20069A002AD1DA20F4806290
:10CE800003925AAF03F00702DB08384643EA4173C6
:10CE90003032C90807F8012D53EA0105F2D1302AD2
:10CEA00003D0039BDB0700F1DE845AAB069ADB1B41
:10CEB0009A420C93B8BF1A46059200230B93149321
:10CEC000CDE90F3308E5049F3846FDF711FC4368B0
:10CED00018461893FDF70EFE1A9006463846FDF7E1
:10CEE00007FC836895F800901993002E3FF426AC58
:10CEF000002B3FF423AC1B78002B3FF41FAC039BAB
:10CF000043F48063039319E4039B95F8009043F086
:10CF10000103039312E49DF88F3095F80090002BE5
:10CF20007FF40CAC20238DF88F3007E4039B95F839
:10CF3000009043F08003039300E4294611F8019B1D
:10CF4000B9F12A0F01F0EC83A9F13003092B01F2AA
:10CF50000682002202EB820211F8019B03EB4202DF
:10CF6000A9F13003092BF5D942EAE2730D46069385
:10CF7000FFF7E5BB039B079543F010019B063FF5C8
:10CF800097AE0E9B1A1D00260E9B06981B68B0429A
:10CF90008DF88F601D46C0F2AC8721F080010E92A3
:10CFA0000391002B7FF494AE002800F0FC828FE602
:10CFB000039B95F8009043F008030393FFF7BEBB73
:10CFC000039B07959D0643F010013FF52CAD0E9B8A
:10CFD0001A1D0E9B03911D680E92EE173346002B0F
:10CFE000BFF62FAD2D236D428DF88F3066EB4606D0
:10CFF000069B002BFFF66CAE039B0A2D23F08003EB
:10D00000039376F10003FFF468AE039B00220594BE
:10D010005AA903F48063CDF82C90DFF8C8B996467E
:10D020001C46DDF8649023E0AB19AA463046394629
:10D0300043F10003ABFB032C2CF0030202EB9C0238
:10D040009B1A4FF0CC32EB1A66F1000602FB03F29A
:10D05000BAF10A0FA3FB0B530BFB06224FEA55054F
:10D0600070F10000134445EAC3754FEA53062BD311
:10D07000AB190EF1010E01F1FF3743F10003ABFBD9
:10D08000032020F0030202EB90029B1AEB1AA3FB91
:10D090000B3266F100005B080BFB002243EAC2730F
:10D0A00003EB8303A5EB4303303301F8013C002C71
:10D0B000BAD099F80030FF2BB6D07345B4D10A2D01
:10D0C00076F1000381F0B68000225AAB059CDB1B91
:10D0D0000F92069ACDF864909A42DDF82C909DF854
:10D0E0008FC0B8BF1A46CDF844E00C93059204E611
:10D0F000099B059A9E1A002E7FF719AC102E2F9AC5
:10D10000DFF8E8A823DD294610235546DDF828B0CE
:10D11000DDF810A002E0103E102E16DD01321031B5
:10D12000072AC4E90053CDE92F2104F10804F2DDF8
:10D130002EAA59465046FBF71BFBF8B9103E31ACFE
:10D140001023102EDDE92F21E8DCAA460D4601321E
:10D150003544C4F800A0072A6660CDE92F2500F306
:10D16000B2850834FFF7E3BB2EAA0A990498FBF7AF
:10D17000FFFA00283FF405ACDDF810A00B9B002B54
:10D180003FF47CAB0B995046F2F723FA0A9B9B893C
:10D1900003F04003FFF776BB099E05991493761AB6
:10D1A000002ECDE90F3300F33E81BCF1000F3FF4B8
:10D1B000AEAB0226FFF79CBB01333544C4F800A098
:10D1C000072B6660CDE92F357FF7C6AB2EAA0A99EB
:10D1D0000498FBF7CDFA0028CED1309D31ACFFF793
:10D1E000BCBB119B01352F9E04F10809012B06F1F0
:10D1F000010640F361810123072E27606360CDE9BA
:10D200002F6500F3B381159B0136169A1D44072E36
:10D21000C9E90023CDE92F6500F39B8109F10809D5
:10D22000119B00225C1E0023DDE9120105F0CCFEFB
:10D23000002840F05A81013601372544C9F80440DE
:10D24000072EC9F80070CDE92F6500F3418109F17F
:10D250000809179B01361D44C9F80430072E28AB76
:10D26000CDE92F65C9F80030B0DC09F10804FFF7FB
:10D2700074BB2EAA0A9904981B93FBF779FA00282D
:10D280007FF47AAF309D31AC1B9BFFF74DBB2EAACC
:10D290000A9904981B93FBF76BFA00287FF46CAF94
:10D2A000309D31AC1B9BFFF730BB102E2F9BDFF85E
:10D2B00040A720DD1027DDF81090DDF828B002E04F
:10D2C000103E102E17DD01331035072BC4E900A7DF
:10D2D000CDE92F3504F10804F2DD2EAA594648465F
:10D2E00031ACFBF745FA002840F09984103E102E2F
:10D2F000DDE92F35E7DC01333544072BC4E900A60F
:10D30000CDE92F357FF732AB2EAA0A990498FBF7A7
:10D310002FFA00287FF430AF309DFFF727BBDA46A5
:10D320002CE7002202261492CDE90F22FFF7E0BA83
:10D330002599002940F320840F9B119A9342A8BF9E
:10D340001346002B99460ADD1D44C4E900732F9B48
:10D3500030950133072B2F9300F34B8708340F9E32
:10D36000B9F1000FA8BFA6EB0906002E00F3218338
:10D37000039A0F9B52053B4400F15683259E119A58
:10D38000964203DB0399C80740F12886159A16993F
:10D390001544C4E900122F9A30950132072A2F92C2
:10D3A00000F396870834119A1744961BFF1AB74268
:10D3B000A8BF3746002F0ADD23603D442F9B6760DE
:10D3C00001333095072B2F9300F3BA870834002FD1
:10D3D000A8BFF61B002E7FF7C0AA102E2F9BDFF8E8
:10D3E0000CA67FF7E9AE1027DDF81090DDF828B025
:10D3F00003E0103E102E7FF7DFAE01331035072B10
:10D40000C4E900A7CDE92F3504F10804F1DD2EAA07
:10D4100059464846FBF7ACF9002840F0008431AC8F
:10D42000DDE92F35E5E70223102E7146DFF8C0A5B0
:10D430002ADD1B935346A446BA461025DDF810B0EA
:10D440000A9C1F4602E0103E102E18DD01321031FA
:10D45000072ACCE90075CDE92F210CF1080CF2DD8B
:10D460002EAA21465846FBF783F90DF1C40C00287B
:10D470007FF455AF103E102EDDE92F21E6DC384653
:10D48000644657461B9B8246501C7518C4F800A082
:10D4900007286660CDE92F0500F39E839DF88F2055
:10D4A0000834002A40F09B80002B3FF440AA13462A
:10D4B000FFF72DBA2F9AB7E7039BD9073FF59BAE2D
:10D4C0000123072E27606360CDE92F657FF7C1AE8A
:10D4D0002EAA0A990498FBF74BF900287FF44CAE6A
:10D4E0000DF1C409DDE92F65B3E6119B012B7FF730
:10D4F000B0AE112BDFF8F4A440F30A841027DDF856
:10D5000010B003E0103C102C40F3028401361035BB
:10D51000072EC9E900A7CDE92F6509F10809F1DD5A
:10D520002EAA0A995846FBF723F900287FF4F7AE94
:10D530000DF1C409DDE92F65E4E72EAA0A990498E4
:10D54000FBF716F900287FF417AE309D31ACFFF7DA
:10D55000F4B92EAA0A990498FBF70AF900287FF477
:10D560000BAE0DF1C409DDE92F6559E62EAA0A9923
:10D570000498FBF7FDF800287FF4FEAD0DF1C40917
:10D58000DDE92F653FE6039BD8077FF5E6A9FFF7A6
:10D59000E7BA21F08003039355EA06037FF498ABC2
:10D5A000002A7FF495AB039A00239DF88FC05AAFF1
:10D5B00002F0020205930C930F920693FFF79DBBB6
:10D5C00095F800900E93FFF7B9B8059A5AAF0692F6
:10D5D0000C9214920B92CDE90F22FFF77DB91E46F3
:10D5E0000023FFF785B903990E9A11F0100652F83F
:10D5F000043B7FF4C8AC039810F0400100F0B08306
:10D600009DB2069B8DF88F60002BC0F25A8220F0ED
:10D6100080010E920391002D7FF45AAB002BC2D0F3
:10D62000FFF756BB03990E9A11F0100152F8043B14
:10D6300041F0DE80039D15F0400000F0AA839BB20C
:10D6400028460E92FFF7E6BB039BDB0600F15A83E8
:10D65000039B5F0600F1CA84039B9E0540F1528341
:10D660000E9B089A1B681A70FFF798BB039B0E9AD3
:10D67000D90652F8045B01F1CA80039B5F0640F1B2
:10D680005C8345F3C0360E922DB23346FFF7D6B910
:10D69000DDE9120102460B4605F0C8FC06460028EB
:10D6A00040F0DC8629F0200BBBF1410F40F0828373
:10D6B0003023B9F1610F8DF8903014BF58237823CF
:10D6C0008DF89130069B632B00F3DB84DDE91212A9
:10D6D000002AC0F2B48641AF1B900B909DED127BE7
:10D6E0008DED207B25A89DED200B01F025FC00226F
:10D6F0004FF07F5351EC100B05F0FEF902460B463C
:10D70000CDE90C230022002305F05EFC08B10123C3
:10D710002593B9F1610FCDF83C903E46BB460CBF56
:10D72000AC4BAD4B0593069BDDF814A0591E069437
:10D730008946DDE90C4509E00022002309F1FF37A5
:10D7400005F042FC002840F0A186B9460022A34B18
:10D750002046294605F0D0F90D46044605F07CFC2C
:10D76000074605F05FF902460B462046294605F0BC
:10D770000BF81AF80730B9F1FF3F324604460D4660
:10D7800006F8013BD8D19246954B0022DDF83C903B
:10D79000CDE90C453D46069C5F4605F03DFC40B991
:10D7A00000228F4BDDE90C0105F00EFCD8B1EB0730
:10D7B00019D5059B3246CDF8B0A0D97B16F8013CAF
:10D7C000994209D1302002F8010C2C9A531E2C9357
:10D7D00012F8013C8B42F6D0392B00F0D58701338B
:10D7E000DBB202F8013C039B259A43F00201F31BD4
:10D7F000119309F10F038DF8A030531E002B2593D0
:10D80000C0F21C872B22092B8DF8A12000F39884ED
:10D810000DF1A202303302F8013B28ABD31A179363
:10D82000119B179A012B1A440C9240F3F7850C9B1D
:10D83000159A13440C9321F4806301F0020243F41F
:10D8400080730F9203930C9B23EAE37305931B9B56
:10D85000002B00F0CE854FF02D0C00238DF88FC0EB
:10D860000693FFF74FBA30230238069A07F8013CB7
:10D870005AAB07461B1A9A420C93B8BF1A46059238
:10D88000FFF71BBB54480795039B0E9913F020022A
:10D8900000F01A81073121F007014A6851F8083B6E
:10D8A00053EA0205039E14BF01250025F60702D5A1
:10D8B000002D40F0B78100268DF88F60069E002E67
:10D8C000C0F21181039E26F490660396069E002EF8
:10D8D00040F0BA81002D40F0B7810E9163E63D48DB
:10D8E0000795D1E7039894460E914FF0780940F0E0
:10D8F00002000221039037480F915AAF03F00F0145
:10D900001B09415C43EA0273120907F8011D53EA3F
:10D910000201F3D15AAB069ADB1B9A420C93B8BFB3
:10D920001A460592FFF7E9B90E9B41AF1B688DF8C7
:10D930000431012305930C93FFF76BB943F4007393
:10D9400095F8019001350393FEF7F8BE43F02003EC
:10D9500095F8019001350393FEF7F0BE2EAA0A99BF
:10D960000498FAF705FF00287FF406AC309D31AC2F
:10D97000FFF703B940215046F1F70EFE0A9B1860ED
:10D980001861002800F0048740230A9A5361FEF7CB
:10D9900095BE069B3A460697062B0E96149228BF14
:10D9A0000623CDE90F22CDE90B7305930E4FFEF749
:10D9B00093BF102E2F9BDFF834A040F38D82514689
:10D9C0002A46BA464FF01009DDF810B00F460A9DFE
:10D9D00014E000BF7CDD051268DD05120000304058
:10D9E0000000E03FCDCCCCCC90DD051250E005121C
:10D9F00060E00512103E102E40F36A8201331032AF
:10DA0000072BC4E90079CDE92F3204F10804F1DDD8
:10DA10002EAA29465846FAF7ABFE00287FF47FACC1
:10DA200031ACDDE92F32E5E7109A14990A43119AD7
:10DA300000F0B286B8188B46224629461C46DFF80D
:10DA400070A3DDF8649003461A9D1B97BBF1000F8D
:10DA500034DC109809F1FF390138109018982944E6
:10DA6000C2E900052F983091013007282F9000F36C
:10DA7000C98008321F1B99F8000006938742A8BF8F
:10DA80000746002F0CDD2F983944013030910728CC
:10DA90002F90C2E9004700F32281083299F8000074
:10DAA000002FACBFC61B0646002E28DC044410988D
:10DAB0000028CBDCBBF1000F40F3B4850BF1FF3B3A
:10DAC000CCE70E92FFF704B9039D51F8043B15F023
:10DAD00010057FF4E5AE039A12F0400600F038819D
:10DAE0009BB22A46DCE6039D25F4806503950E91E2
:10DAF0004FF0000C039901F002010F91FDE6102E8A
:10DB00002F9840F3F4850C94102734460F950A9E05
:10DB1000049DCDF850A0199302E0103C102C17DDA5
:10DB2000013010310728C2E900A7CDE92F0102F129
:10DB30000802F2DD2EAA31462846FAF719FE00281F
:10DB400040F0C383103C31AA102CDDE92F01E7DC43
:10DB500026460F9D0C9CDDF850C0199B01303144C6
:10DB6000C2F800C007285660CDE92F0100F34D83AD
:10DB7000083299F8000099E72F9B01358A4A013352
:10DB8000309522600122072B2F93626000F31782E9
:10DB90000834119B0B4300F0AA83159B169A1D4471
:10DBA000C4E900232F9B30950133072B2F9300F3FB
:10DBB000138304F108020029C0F2D68311990133BE
:10DBC00017600D44072B5160CDE92F353FF7FEAAB2
:10DBD00002F10804FEF7C1BE2EAA0A9904981B930D
:10DBE000FAF7C6FD00287FF4C7AA9DF88F20309D64
:10DBF0001B9B002A00F099801E4631AC03462F98EB
:10DC0000FEF776BE2EAA0A9904980693FAF7B0FD9D
:10DC100000287FF4B1AA309931AA069B2AE7CA46A8
:10DC2000FFF7ACBA30258DF891908DF89050002513
:10DC30008DF88F50069D002DC0F2AB81039D25F419
:10DC4000906545F0020503950E9103999DF88FC0EC
:10DC500001F002010F9150E62EAA0A990498FAF7F2
:10DC600087FD00287FF488AA309D31ACFEF773BF92
:10DC70000DF1B00A082200212797504617F0C4F88A
:10DC8000069B002BC0F23881002505940B969B461D
:10DC90002C46049E0EE041A93046FDF733F8421CA5
:10DCA00005F10405204400F0BE83584507DC00F070
:10DCB00001840446279A53465259002AEBD10C940A
:10DCC0000B9E059C26E12EAA0A990498FAF750FDAE
:10DCD00000287FF451AA309D31ACFEF728BE2EAA51
:10DCE0000A9904980C93FAF743FD00287FF444AA9C
:10DCF00099F8000031AA30990C9BD1E62B484FF0DF
:10DD00007809A1E70E9B089A1B681A60FFF746B8CE
:10DD100001362544C9F800A0072EC9F80440CDE912
:10DD20002F657FF794AAFFF7D3BB002B00F0538138
:10DD300013462F9831ACFEF7EABD039B0E929E0569
:10DD400040F1728145F3C0166DB23346FEF776BEE0
:10DD5000039A12F400723FF4A3ADDBB232469FE5A2
:10DD6000039810F4007600F04B81DDB2069B0E465E
:10DD70008DF88F10002BFFF6A4AE20F080010E92DC
:10DD80000391002B7EF4A4AF002D3FF40CACFEF702
:10DD90009FBF039D15F4007100F02E810146DBB298
:10DDA00028460E92FFF736B858DE05127CDD0512C4
:10DDB00050E00512069A039B551C43F4807ADDE976
:10DDC00012010B4600F072811AB9BBF1470F00F047
:10DDD0004E84002BC0F29F8300239DED127B1B938A
:10DDE0008DED1E7BB9F1650F00F0948200F3758113
:10DDF000B9F1450F00F08E82B9F1460F40F0718104
:10DE0000069B032111932CAB119D0498019327AB22
:10DE10002A46009325AB9DED1E0B01F05DF9BBF189
:10DE2000460F0746054440F0DE833B78302B00F078
:10DE3000CB83259B1D4400220023DDE91E0105F054
:10DE4000C3F8002840F0BB832C9B9D4240F2AC8479
:10DE500030215A1C2C9219702C9BAB42F9D3259A75
:10DE6000DB1BBBF1470F0F92119300F05081BBF108
:10DE7000460F40F05481039B0F9903F00103069A6B
:10DE8000002943EA020340F36B84002B40F03983FE
:10DE90000F9B4FF066090C93039B5B0500F14C83CD
:10DEA0000C9B23EAE37305931B9B002B00F0378246
:10DEB000059BCDF80CA00133059300231A460B9364
:10DEC0002D2306928DF88F3014921092FEF704BD28
:10DED00015463A465746924601333544C4F800A0E9
:10DEE000072B6660CDE92F3500F3EB800834FFF790
:10DEF0003FBA0E92FEF7EBBE002327AA04981946FC
:10DF0000CDF800A0FCF724FF03460C90013300F08D
:10DF10007B8427970C9B002B42D0632B00F3A780B8
:10DF2000002341AF0B9308220021504616F06CFFEE
:10DF30000C9D27AA39462B460498CDF800A0FCF783
:10DF400007FF854240F03A840C9900237B5421EA74
:10DF5000E1719DF88F200591002A40F027820692FA
:10DF60000E961492CDE90F22FEF7B6BC2D23B9F11F
:10DF7000470F8DF88F305BDD03222B46AA4F0B95A0
:10DF80000C9204221493CDE90523CDE90F33FEF75B
:10DF9000A3BC039D25F4806545F002050395A6E525
:10DFA0009DF88F300E96003B18BF012305930C9B04
:10DFB000069314930B93CDE90F33FEF78DBC2EAA75
:10DFC0000A990498FAF7D4FB00287FF4D5A825997C
:10DFD00031AC309DDDE531ACFEF7A9BC1744961B92
:10DFE000FF1AB742A8BF3746FFF7F1B90E9B089A50
:10DFF0001B681A80FEF7D2BE03980E92FEF70ABF86
:10E0000006991D468DF88F600029FFF65AAD0398DA
:10E010000E9220F08000039000297EF459AE002B70
:10E020003FF4C1AAFEF754BEEE173346FEF706BD15
:10E0300003222B467D4F0B950C92A2E70A9C2EAA39
:10E0400050462146FAF794FBA38903F04003FEF7FC
:10E0500019BC3846FCF74EFD9DF88F3020EAE0727F
:10E060000C900592002B3EF415AEFEF711BE591C24
:10E070000498F1F791FA0746002800F0BC830B9052
:10E0800051E7591C0498F1F787FA0746002800F079
:10E090005983DDE91212002AC0F214831B960B90FB
:10E0A0009DED127B8DED207BFFF71CBB0029C0F29C
:10E0B000128306231B969DED127B06938DED1E7B2E
:10E0C00090E62EAA0A990498FAF752FB00287FF4EA
:10E0D00053A8309D31ACFFF74BB9B9F1660F3FF44F
:10E0E0008FAE2CAB069A02210498019327AB9DEDCD
:10E0F0001E0B009325AB00F0EFFF039B0746DE07E6
:10E1000000F168812C9B1B1A1193259B0F930F9B89
:10E11000DD1C02DB069A9A4242DAA9F102090F9B42
:10E120008DF8A090013B002B2593C0F2D7812B22C4
:10E13000092B8DF8A12040F3DA81002203990B927C
:10E140000DF1B70CDFF8E8E06546AEFB032A1E468A
:10E150002846013D4FEADA0A632E0AEB8A02A3EB56
:10E160004202534602F1300200F8012CEDDC30335C
:10E1700005F8013C831E634580F0EE820DF1A1029B
:10E1800013F8015B634502F8015FF9D103F5B4733D
:10E1900028AA6B44C43B1B1A9B1A1793FFF740BB7A
:10E1A0000F9B119A9342C0F20B81039B13F0010F56
:10E1B0000F9B00F0AE81159A13440C93039B5905F5
:10E1C00003D50F9B002B00F3B5810C9B4FF0670923
:10E1D00023EAE373059367E62EAA0A990498FAF7EF
:10E1E000C7FA00287EF4C8AF259931AADDE92F359A
:10E1F000E1E42EAA0A990498FAF7BAFA00287EF404
:10E20000BBAF309D31ACFFF7AAB82EAA0A9904988B
:10E210000C93FAF7ADFA00287EF4AEAF99F800003F
:10E2200031AA30990C9B41E44CDE051248DE051200
:10E23000CDCCCCCC1A9A1899A7EB020A5046FBF722
:10E24000DBF999F801300BB109F10109AB19B64AB4
:10E250004FF0CC314FF0010E43F100030AF1FF37CC
:10E26000A2FB030C2CF0030000EB9C001B1AEB1A22
:10E2700066F1000603FB01F1A3FB023002FB06116D
:10E2800023FA0EF3014443EAC17521FA0EF6AB19E5
:10E2900043F10003A2FB031020F0030101EB900106
:10E2A0005B1AEB1AA3FB023166F1000023FA0EF3AE
:10E2B00002FB001243EAC27303EB8303A5EB4303A3
:10E2C00030330AF8013CFEF7F4BEAA46FEF756BF0B
:10E2D0002EAA0A9904980693FAF74AFA00287EF4BF
:10E2E0004BAF259E31AC309D069BFFF75CB8039B7E
:10E2F000D9077EF532AB159B169A1D44C4E900235D
:10E300002F9B30950133072B2F933FF765AF04F117
:10E31000080253E4069B02210133119373E59DF833
:10E320008F30002B00F0E781059A1B9B0132CDF85E
:10E330000CA00B930592069314931093FEF7CCBA9E
:10E340002EAA0A990498FAF713FA00287EF414AF5B
:10E35000259E31AC119B309D9E1BFFF738B80023E2
:10E360000D460693FEF7EBB94E421031DFF8C0A11F
:10E3700047DAB9461024574602E0103E102E3EDD23
:10E3800001331035072BC2E90074CDE92F3502F1B6
:10E390000802F2DD2EAA0A990498FAF7E9F9002892
:10E3A0007EF4EAAE31AADDE92F35E6E7059A069359
:10E3B00001320E9614930592CDE90F33FEF78CBA15
:10E3C000119B159A9A180F9B002B0C9277DD4FF03A
:10E3D000670961E5069B0022C5180023DDE91E01DF
:10E3E00004F0F2FD002834D12C9B9D423FF630AD65
:10E3F00035E51B9B9DF88FC00693FEF780BCBA469F
:10E400004F4601333544C2F800A0072B5660CDE9D2
:10E410002F3500F337810832FFF7D0BBC8077FF5EF
:10E420000AAAFFF704BAB2460A9B0022B3F90C30DD
:10E430000B9243F040030A9A9381FEF79FBE02F1CC
:10E44000004341AF209121932D230B901B93FFF7A5
:10E4500049B9259B0F93069B119358E6039B23F024
:10E4600080030393139B13F000430F9300F0178175
:10E470002D230322B9F1470F8DF88F304FF00003A1
:10E48000CDE90B3240F34081284F7AE54946069C9E
:10E49000DDF83C905F460029FFF6A5A94A1C3346EB
:10E4A0003020324403F8010B9342FBD131444E1C1F
:10E4B000FFF799B9069B059C0B9E0C932AE5C3F1C7
:10E4C00001034FF067091A4422EAE2730C920593A4
:10E4D000EAE400230322CDE90B3252E50F9B2D2203
:10E4E000C3F101038DF8A120092B3FF726AE30229E
:10E4F00003998DF8A22000220B920DF1A302FFF7E1
:10E5000089B91346159A4FF0660913440B440C93CE
:10E51000C2E40C9352E6DDE9121202F100431E91AF
:10E520001F932D231B935DE4CDCCCCCC54DE051280
:10E5300050E005124FF0670919990B78FF2B00F096
:10E54000398100250F9A284603E001300131FF2B65
:10E5500008D0934206DAD21A4B78002BF5D10B780B
:10E560000135F4E71991109014950F92149A109BAD
:10E570001A9913440C9A01FB03230C9323EAE373C7
:10E5800005931B9B002B63D0059BCDF80CA001339A
:10E5900005932D238DF88F3000230B930693FEF700
:10E5A0009BB90E96002B32D0069B4FF07309069054
:10E5B0005A1C0C93149005921090FEF78DB9EB1B2A
:10E5C0001193259B0F9356E400220023DDE91E01E1
:10E5D00004F0FAFC002800F0AF80259B0F93EB18A5
:10E5E000DB1B119347E400220023DDE91E0104F048
:10E5F000EBFC28B92C9B9D423FF62AACDB1B119308
:10E60000259BBBF1470F0F937FF489AD7FE5069BF8
:10E610004FF073090C9305930B9B1493109306937F
:10E62000FEF75AB923461B9F14460D46CDF8649059
:10E63000069A934228BF1346FEF7A0BEC2F101031B
:10E640002D22092B8DF8A1203FF77AADFFF7E0B816
:10E650009DF88F30002B00F0B980059A1B9B01328A
:10E66000CDF80CA00B9305920693FEF735B900295F
:10E670004CDB01231B969DED127B06938DED1E7BDB
:10E68000FFF7B0BB2EAA0A990498FAF771F8002890
:10E690007EF472AD31AADDE92F35FFF78FBAB9F1FB
:10E6A000470F9DF88F30CCBF5A4F5B4F002B40F087
:10E6B00094800322069314930C9210930B9305926B
:10E6C000FEF70AB902F1004320910B9021932D230C
:10E6D0001B93FFF707B8DDE9121202F100431E9108
:10E6E0001F932D231B9306230693FFF77BBBDFF8B5
:10E6F0002CC1FFF733BA1B9BCDF80CA00B930693EC
:10E7000014931093FEF7E8B8434F3AE401F1004345
:10E710001E901F932D231B9301230693FFF762BBCB
:10E720000E9B95F801900D4653F8042B42EAE272D5
:10E730000E930692FEF702B8119BC3F101032593D5
:10E74000FFF778BB0A9A938943F0400393814FF017
:10E75000FF330893FEF799B802231793FFF760B8C9
:10E7600033B901234FF0660905930C93FFF79CBB67
:10E77000159B4FF06609069A01331A4422EAE273A8
:10E780000C920593FFF790BB059B9B7AFFF729B886
:10E790000C23CAF80030DAE7BA18069248E70F9B54
:10E7A00014931093FEF798B8DB1B1193259B0F93DE
:10E7B000FFF761BB002314931093D7E60A9BDDF8A3
:10E7C00010A0B3F90C3043F0400334E61B9BCDF8A6
:10E7D0000CA00B930693FEF77FB8032200230C9244
:10E7E000042206930592149310930B93FEF774B8CA
:10E7F0000398FEF739BB0A9BDDF810A0B3F90C3083
:10E800000B9043F0400316E6DDF810A00CE6194625
:10E81000FEF7DFBB54DE051250DE051250E0051294
:10E820002DE9F0478E6881460C461D469E42904673
:10E83000086836D8B1F90C3013F4906F0DD1354615
:10E840002A46414600F08EFAA26823680020921BF7
:10E850002B44A2602360BDE8F0876769096917EB64
:10E860004707A0EB010A05F1010048BF01375044FA
:10E870007F10B8423A4601D9074602465B0512D5D9
:10E8800011464846F0F788FE0646F8B1524621691F
:10E89000FCF7BAF8A38923F4906343F08003A381C3
:10E8A00006E01E46CCE74846F0F77FFE064648B134
:10E8B00006EB0A00A7EB0A0326612E466761A360F8
:10E8C0002060BDE721694846F0F783FEA3890C224A
:10E8D0004FF0FF3043F04003C9F80020A381BAE7AE
:10E8E00010B50B78722B36D0772B06D0612B2BD03E
:10E8F000044616230020236010BD4FF4C0644FF07F
:10E90000010C08204B7801316BB916E02B2B20F05D
:10E910001C0E2CF0030303D14EF0100043F0020C48
:10E9200011F8013F4BB1622B0BD0782BEED111F8CF
:10E93000013F4CF4006C002BF5D144EA0C04146048
:10E9400010BD4CF4803CEBE74FF402744FF0010C27
:10E950004FF48470D6E700240420A446D2E700BF19
:10E9600038B505460C4608B1436B2BB3636ED80728
:10E9700002D4A38999051BD56368013B002B636012
:10E980000BDB23685A1C22601D78636EDA0702D401
:10E99000A3899B0507D5284638BD2846214600F0A7
:10E9A00031F90546F1E7A06DFBF7B0FE284638BD0A
:10E9B000A06DFBF7A7FEDFE7FAF772F9D6E700BF15
:10E9C000B1F90C3070B50C46990796B007D504F133
:10E9D000430301222360C4E9043216B070BDB4F9C8
:10E9E0000E10054600292BDB6A46F0F7B4FD00281F
:10E9F00024DB4FF480612846019EF0F7CDFDB4F989
:10EA00000C30A0B306F4704643F080034FF48062EC
:10EA10002060B6F5005F2061A381626135D1B4F951
:10EA20000E102846F0F79CFDB4F90C3068B323F0C3
:10EA300003034FF4006243F0010314E0B4F90C3017
:10EA400013F0800F28460CBF4FF4806540252946FF
:10EA5000F0F7A2FDB4F90C3048B143F08003002276
:10EA60002060C4E904051343A38116B070BD9A0564
:10EA7000B3D423F0030304F14302012143F0020362
:10EA80002260C4E90421A381A7E74FF40062EAE70A
:10EA900070B50C46B1F90E1096B0154600291E4609
:10EAA00014DB6A46F0F757FD00280FDB01994FF49D
:10EAB00080634FF4006001F47041A1F50051B1FA98
:10EAC00081F1490931602B6016B070BDA18911F048
:10EAD000800106D000214023084631602B6016B02B
:10EAE00070BD4FF48063084631602B6016B070BD76
:10EAF0008B8903F00903092B01D000207047024BDA
:10EB00001868F9F763BF00BFA493002070B50546ED
:10EB10000C4610B1436B002B56D0B4F90C300022D8
:10EB20009E06626058D4580719D4D9064FD51A07E3
:10EB300039D443F00403A3812369002B3FD0B4F9F7
:10EB40000C60B3071ED122692846266A6369E16911
:10EB50002260B0470028606041DD002070BD216B5D
:10EB60000029E9D004F14003994202D02846F0F789
:10EB700030FD0022E36B22636360002BDCD0A36BCB
:10EB80002360EAE701231C4A1C49A3811C48FAF7C9
:10EB90001BF906F00903A681092BD4D1214628468A
:10EBA000F9F77AFECFE721462846F9F70FFF98B923
:10EBB000B4F90C30A06023F00803A061B9E7214646
:10EBC0002846FFF7FDFEBAE7FAF76AF8A5E709223B
:10EBD00043F040032A60A3814FF0FF3070BDB4F9C9
:10EBE0000C3003D143F02003A381F5E7002243F06A
:10EBF00040036260A381EFE724920020F1EA04124F
:10EC0000A893002038B505460C4608B1436BE3B124
:10EC1000B4F90C30626E990412D443F4005322F418
:10EC20000052A381626621462846FFF76FFF48B96C
:10EC3000D4E90023511C013BC4E90013107838BD0E
:10EC40009304F0D54FF0FF3038BDFAF729F8DFE72D
:10EC500070B50C7884465E2C24D00023481C9E4658
:10EC600000220CF5807163F3070263F30F2263F354
:10EC7000174263F31F62634643F8042B8B42FBD1B8
:10EC800074B18EF00101451C0CF8041015F8013C1C
:10EC90002D2B0ED05D2B0AD01BB11C462846F2E767
:10ECA000013870BD0123881C4C789E46D8E7284661
:10ECB00070BD90F801E0BEF15D0F15D0744513DC16
:10ECC000661C02300CEB060202F8011BA2EB0C03DF
:10ECD000013B9E45F8DCAEEB04030235013B744575
:10ECE000A8BF00239C19D1E72D242846CBE700BFFD
:10ECF0002DE9F0410C46096B04F14003994214D010
:10ED0000666B77003A46F0F750FC054630B300EBEF
:10ED10000608014632464046FBF776FEC4F80080FE
:10ED2000C4E90C570020BDE8F0814FF48061F0F792
:10ED300033FC98B194F842204FF48061206300F2D4
:10ED4000FD33616380F8FF2394F8412080F8FE23AF
:10ED500094F8402080F8FD232360E3E74FF0FF3074
:10ED6000E1E700BF88420DD98B1883420AD900EB36
:10ED7000020C5AB3624613F801CD994202F801CD54
:10ED8000F9D170470F2A0DD802F1FF3CF2B10CF116
:10ED9000010C431E8C4411F8012B614503F8012F2F
:10EDA000F9D1704740EA01039B07F0B50C460ED03D
:10EDB00002F1FF3C03460CF1010C013B8C4411F8BD
:10EDC000012B614503F8012FF9D1F0BD7047A2F185
:10EDD000100501F1200E01F1100300F1100C25F0D7
:10EDE0000F05AE4453F8106C10330CF1100C4CF8B6
:10EDF000206C53F81C6C4CF81C6C53F8186C734561
:10EE00004CF8186C53F8146C4CF8146CEAD101EB04
:10EE1000050C12F00C0F05440CF1100105F1100364
:10EE200002F00F050E4618D0043DA0EB040E25F0AD
:10EE30000304A4440CF1140C0F6801EB0E0504311B
:10EE40002F606145F8D1043402F00302A119234474
:10EE500002F1FF3C002AAED1F0BD2A46F8E700BF20
:10EE600099B1034601EB000C10B401E09C4508D0B9
:10EE70001A4601331478002CF8D1101A5DF8044BAF
:10EE8000704708465DF8044B70470846704700BF5E
:10EE9000024B1968543100F003B800BFA49300205E
:10EEA00030B5856987B00E4A0C4605EB450501690A
:10EEB0000C4B2A44456901EB410105F26C750B448A
:10EEC000094904950568039545680295856801958B
:10EED000C0680090204602F0A7F8204607B030BD79
:10EEE00094E0051270E005125CDE051200487047E0
:10EEF000F094002051EC100B21F000430A4650EA38
:10EF000003010ED0A3F5801C09498C450DD9094990
:10EF10000A4208D0002808BF8B420CBF0120002005
:10EF2000704702207047032070470420704700BFDD
:10EF3000FFFFDF7F0000F07F002170B555EC104B24
:10EF4000064625F000430160114883421DD8204643
:10EF500018431AD00F482A46284058B900220E4BB1
:10EF60002046294603F0C8FD0A4621F00043044626
:10EF70006FF035016FF31E521B1542F07F55A3F25F
:10EF8000FE3345F400150B44336045EC104B70BD67
:10EF9000FFFFEF7F0000F07F000050432DE9F04FAE
:10EFA000036985B00C69A342C0F29080013C01F175
:10EFB000140500F11408814655F824304FEA840CFA
:10EFC00058F8242005EB8407013308EB840B9A42A0
:10EFD000B2FBF3F642D30020AA46C646CDF80C8019
:10EFE00003468846CDE901C505465AF8042BDEF8EC
:10EFF000001090B257454FEA124C06FB00508AB2FF
:10F000004FEA104580B206FB0C55A2EB00021A44F1
:10F01000ABB24FEA1545C3EB224392B203EB114367
:10F0200042EA03424FEA23434EF8042BDDD2414625
:10F03000DDF80C80DDE901C558F80C3073B9ABF18F
:10F04000040BD84504D307E0D84504F1FF3403D2BC
:10F050005BF80439002BF7D0C9F81040484601F09E
:10F06000D9FA00282EDB00224146944655F8040BBD
:10F070000B681FFA80FEAF429AB24FEA1040A2EB33
:10F080000E026244C0EB224092B200EB134042EA0F
:10F0900000424FEA204C41F8042BE7D258F82420D4
:10F0A00008EB84036AB9043B434504D807E098455C
:10F0B00004F1FF3403D253F80429002AF7D0C9F829
:10F0C00010400136304605B0BDE8F08F002005B095
:10F0D000BDE8F08F000000002DE9F04F9FB004461E
:10F0E0000091816B289D57EC106BCDE909328DEDB5
:10F0F000040B41B1C26B012393404A608B6001F065
:10F100000FF80023A363B7F10009C0F2A880002321
:10F110002B60734B33EA090300F0AC80002200231C
:10F120009DED047B51EC170B8DED027B03F04CFF42
:10F13000824668B10123099A1360299B13B1694B78
:10F14000299A1360684B069306981FB0BDE8F08FAC
:10F150009DED020B1CAA1DA9204601F035FBDDF830
:10F1600070805FEA19550B9040F09A801D9D4544D0
:10F1700005F23243202B40F3CC81C3F1400309FA5E
:10F1800003F905F2124326FA03F349EA030003F0F8
:10F1900039FC013D0122A1F1F873149219460022B5
:10F1A000524B03F0F1FA48A3D3E9002303F0A4FC87
:10F1B00047A3D3E9002303F0E9FA06460F462846A1
:10F1C00003F030FC44A3D3E9002303F095FC02468E
:10F1D0000B463046394603F0D9FA06460F4603F08F
:10F1E0003BFF00228146079000233046394603F05A
:10F1F000F5FE002840F07481A8EB0508079D08F192
:10F20000FF36162D089600F25881394B03EBC503E3
:10F21000DDE90201D3E9002303F0E0FE002840F01D
:10F220007F81B8F1000F40F30E862E4412901195A5
:10F2300008960C9000231093009B092B60D8052B97
:10F2400040F36C81043B00250093009B023B032BA1
:10F2500058D8DFE813F0870284027A026F01012395
:10F2600029F000492B601E4BCDF8149033EA0903B6
:10F270007FF454AFC9F3130942F20F73099A59EAA4
:10F280000609136017D1299B002B00F01287194B38
:10F2900006930833299A069813601FB0BDE8F08FD3
:10F2A000DDE90201144BA5F2FF35C1F31302CDF8DD
:10F2B00050A0134372E7299B002B40F037810F4B7E
:10F2C000069341E7AFF3008061436F63A787D23FA6
:10F2D000B3C8608B288AC63FFB799F501344D33F45
:10F2E0000000F07F59DE051258DE05120000F83FDD
:10F2F00040E105127CDE05120000F03F88DE0512B9
:10F300000023009300212046E16300F0E3FE069015
:10F31000002800F06686069BA3631D9B002B03DB81
:10F32000079A0E2A40F3E4854FF0FF3200210D9238
:10F330000A911392149A002A40F017821C9BC3F181
:10F340003603089A109D1A4408920C9A90461A4463
:10F350000C920121204600F0A9FF0646B8F1000FEB
:10F3600000F07A85089B002B40F37685089A0C996B
:10F3700042451346A8BF4346C91AA8EB0308D31A4F
:10F380000C910893109BC3B1002D00F0D685314637
:10F390002A46204601F06CF80B9F064620463A4666
:10F3A000314600F0B1FF39460746204600F0B8FE6E
:10F3B000109B0B975D1B40F0848501231093012166
:10F3C000204600F073FF119B0746002B40F0068398
:10F3D000009B012B40F35D83012308990B4413F03C
:10F3E0001F0300F05482C3F12002042A40F3F38487
:10F3F000C3F11C030C9A19441A4498440C920891C6
:10F400000C9B002B05DD1A460B99204601F090F865
:10F410000B90089B002B05DD39461A46204601F06B
:10F4200087F80746009B022B129BD4BF4FF0000ABF
:10F430004FF0010A002B40F0E6820D9B002B00F3F9
:10F440002F82BAF1000F00F02B820D9B002B40F0B1
:10F45000AE8239460522204600F06CFE07460B9826
:10F46000394601F0D7F8002840F3A182079BDDF868
:10F4700018B003F1010A31230BF8013B394620464D
:10F480000AF1010A00F04CFE1EB13146204600F0A0
:10F4900047FE0B99204600F043FE00238BF8003016
:10F4A000099BC3F800A0299B002B3FF44DAE0698A2
:10F4B000C3F800B01FB0BDE8F08F01231293089B82
:10F4C000002B20DB00230C93079B002B16DA0C9AF1
:10F4D000079BD21A5B42109300230C921193ABE668
:10F4E000484603F09FFA32463B4603F06DFD002884
:10F4F0007FF482AE09F1FF3307937DE6089A1193FA
:10F500001A44089296E6C8F101030C93002308936D
:10F51000DAE7C3F1200306FA03F038E6012594E6A2
:10F52000079B013B079300231293C8E7B74B069351
:10F530000333AFE64FF0010A0A9B079A1344139373
:10F540000133012B1E460D93B8BF0126172E40F341
:10F55000A585012204235B001146013203F114004A
:10F56000B042F8D9E163204600F0B4FD06900028CF
:10F5700000F03785069BA3630D9B0E2B00F22381C1
:10F58000002D00F02081079A002A40F3E581A04970
:10F5900002F00F03151101EBC303D3E90067D30594
:10F5A00040F154829B4B05F00F054FF00309D3E95E
:10F5B0000823DDE9020103F0C9FBCDE90E0185B1A5
:10F5C000DFF85082E80740F1D3803046394609F130
:10F5D0000109F8E8022303F08FFA06466D100F4682
:10F5E000F0D132463B46DDE90E0103F0AFFBCDE939
:10F5F0000E01129B53B10022874BDDE90E673046A6
:10F60000394603F0EBFC002840F0EE83484603F057
:10F6100009FADDE90E2303F06FFA804B002203F0B4
:10F62000B5F80D9B0646A1F15077002B00F0B28093
:10F63000079B1A930D9B1593754B15991B9303EB21
:10F64000C103DDE90E8913ED027B49464046CDE951
:10F6500016678DED187B03F0FFFC0746069E03F04E
:10F66000E1F9303702460B4640464946751C03F027
:10F670008BF880468946FFB2DDE91823BAF1000F06
:10F6800000F028820020664903F060FBDDE91623C4
:10F6900003F07AF8377042464B4606460F4603F0B1
:10F6A000BBFC002840F04C844FF0000ADDF854B059
:10F6B0000E942BE00AF1010ADA4580F2CE81304641
:10F6C00039460022574B03F017FA0022554B0646E5
:10F6D0000F464046494603F00FFA8946804603F03C
:10F6E000BBFC044603F09EF902460B46303440460C
:10F6F000494603F049F832463B4605F8014B80463F
:10F70000894603F06BFC002840F0198442464B46C2
:10F710000020414903F038F832463B4603F05EFCD6
:10F720000028C7D0069A0E9C02E0954200F0FF83A5
:10F73000AB4615F8013D392BF7D001330692DBB209
:10F740002B701A9B03F1010AA3E64FF0010A0A9BF2
:10F75000002B40F33C810A9E13960D96F6E64FF07F
:10F76000000AE9E64FF0000AF1E703F23343E8E567
:10F770006D1008F1080825E7484603F053F9DDE964
:10F780000E2303F0B9F90022244B02F0FFFF0646D6
:10F79000A1F150770022244BDDE90E0102F0F4FFC5
:10F7A00032463B468046894603F036FC002840F04E
:10F7B000598340464946324607F1004303F00EFCA8
:10F7C000002840F0FA801D9B002B02DB079A0E2ACE
:10F7D0002CDDBAF1000F40F048810C9B002B00F0AB
:10F7E000F382089B002B00F0EF820C9A08991346D5
:10F7F000109E8A42A8BF0B46D21ACB1A0C920893CD
:10F80000002E40F03D839046D9E500BF88DE05120A
:10F8100040E1051218E105120000F03F00001C4015
:10F820000000E03F0000244000001440A64B1B9362
:10F830001B9B079A03EBC20393ED007B0A9B002BF3
:10F840008DED007B80F25F830D9B002B00F35B83CB
:10F85000002B40F0B28000229C4BDDE9000103F058
:10F860004BF902460B46DDE9020103F0C1FB0D999D
:10F87000002840F0A3803123DDF818B020460BF8B3
:10F88000013B00F04DFC079B03F1020A01E61C233B
:10F890000C9A98441A440C92089A1A440892AFE5BC
:10F8A000109B002B40F0DF81079B03F1010ADDF87C
:10F8B00018800125DDF834B0DDF82C9007E04946CA
:10F8C00000230A22204600F035FC013581463946E6
:10F8D0004846FFF763FB5D4500F1300308F8013B44
:10F8E000EDDB0D9A0025CDF82C9002F1FF38002AAF
:10F8F000069AD8BF4FF00008013290440B990122BC
:10F900002046009300F014FE39460B9000F082FE72
:10F91000002840F3FB82069A02E0904500F0018344
:10F9200018F8013CC34608F1FF38392BF5D00133F4
:10F9300088F800303946204600F0F2FB002E3FF4F4
:10F94000A8AD002D3FF4A1ADB5423FF49EAD2946D0
:10F95000204600F0E5FB98E500F06D82079B5A4ACF
:10F960005D4205F00F0302EBC303DDE90201D3E9B9
:10F97000002303F0C1F82D11CDE90E0100F08A83B8
:10F98000534E4FF00209E9070ED509F10109DDE9EF
:10F990000E01F6E8022303F0AFF86D10CDE90E0179
:10F9A0003FF427AEE907F0D46D100836EBE70A9B69
:10F9B000DDF818B06FEA030A60E50021204600F088
:10F9C000AFFB0A9BDDF818B0C3F1000A61E5012323
:10F9D00000211393E1630D930A93C4E51A4601468F
:10F9E000204600F045FD009B0746012B40F3738243
:10F9F000002311933B6907EB8303186900F0ECFBCC
:10FA0000C0F12003E9E439460B9800F003FE00281A
:10FA1000BFF613AD00230B990A222046079D00F084
:10FA200089FB139B05F1FF390B90002BCCBF002500
:10FA30000AF00105109B002B40F00781002D40F0DB
:10FA40001183139BDDF81CA00D9330E79DED027B25
:10FA50004FF002098DED0E7BB1E51D9B0E9C002B36
:10FA600003DB079A0E2A7FF7E3AE009A012A7FF79D
:10FA700061AC0D9B109A5D1EAA42C0F20E82002B53
:10FA8000A2EB050580F2F682DDE90C32A3EB020859
:10FA90005FE4049B002B7FF49FAC059BC3F313032F
:10FAA000002B7FF499AC059B23F000431B0D1B0535
:10FAB000002B3FF491AC0C9B01330C93089B01335A
:10FAC00008930123119388E440E1051200001440DB
:10FAD00018E10512DDE9160103F00EF8069B1F7010
:10FAE000159B012BCDE90E0100F0C282069BAA46B0
:10FAF000159A03EB020B0022B94B4046494602F02F
:10FB0000FBFF8946804603F0A7FA064602F08AFF0B
:10FB100002460B4630364046494602F035FE0AF8AA
:10FB2000016BD34580468946E5D16E1E159B1E4468
:10FB30000022AC4BDDE90EAB5046594602F026FEE2
:10FB400042464B4603F04AFA002840F0FF815246F5
:10FB50005B460020A34902F017FE42464B4603F0E5
:10FB60005BFA00286AD11D9B002BFFF636AE079B7F
:10FB70000E2B3FF732AE1B9B079A03EBC20393EDAC
:10FB8000007B8DED007BDDE9009ADDE902674A46E6
:10FB900053463046394603F0D9F803F05DFA804603
:10FBA00002F040FF4A46534602F0A6FF02460B46CB
:10FBB0003046394602F0E8FD08F13003069A13702A
:10FBC0000D9B012B00F0DE81C5F1010902944FF07D
:10FBD000000A4FF0000B4C46DDF834901CE0DDE9E4
:10FBE00000233046394603F0B1F803F035FA804679
:10FBF00002F018FFDDE9002302F07EFF0B4602460B
:10FC00003946304602F0C0FD08F1300305F8013BEB
:10FC10002B194B4500F0B5810022714B02F06CFFAF
:10FC200052465B4606460F4603F0CEF90028D6D072
:10FC3000079BAB46029C03F1010A2AE416F8013C3B
:10FC4000B346013E302BF9D07BE5314600230A2232
:10FC5000204600F06FFA139B0646CDF81C900D93DA
:10FC6000002D7FF4F2ABB8F1000F05DD31464246BE
:10FC7000204600F05DFC0646119B002B40F06A8197
:10FC8000B146069D0D9A6B1E02970B9F1A44049B6A
:10FC900003F001030A920C9302993846FFF77EF9AC
:10FCA00031468246384600F0B5FC029980464A4605
:10FCB00020460AF1300B00F0CFFCC3680146B3BB0D
:10FCC0000890384600F0A6FC08990890204600F0FD
:10FCD00027FA009B089A13435FD10C9B002B00F07E
:10FCE000B781B8F1000FC0F2AF810A9BA846AB42C2
:10FCF00008F801BB00F07C81394600230A22204627
:10FD000000F018FA4E45074631464FF000034FF019
:10FD10000A0220463BD000F00DFA49460646002371
:10FD20000A22204600F006FA45468146B4E72046FE
:10FD30000B97CDF820B0029F00F0F2F9B8F1000F58
:10FD4000089B08DB049A009902F0010248EA0108C6
:10FD500052EA080232D10B9901222046009300F0AA
:10FD6000E7FB39460B9000F055FC0028009B40F360
:10FD70008B81392B00F045810AF13103AB460BF83A
:10FD8000013B3546079B4E4603F1010AD2E500F0E0
:10FD9000D1F94546064681467EE7B8F1000FC0F22C
:10FDA0003B81009B48EA03080C9B53EA080800F0DB
:10FDB0003381002A99DD0B975B46029F392B00F0B7
:10FDC0002081AB460133DAE7109E002E58D1DDF8D2
:10FDD0003080FFF7F4BA3FF413ABC3F13C0357E5AF
:10FDE000000024400000E03F0D9B002B3FF4C4AC1A
:10FDF000139D002D7FF7E7AC079B30463946002264
:10FE0000013B1A93AD4B02F077FE02460F4609F113
:10FE100001001646CDE90E6702F004FE32463B466D
:10FE200002F06AFE0022A64B02F0B0FC15950646D1
:10FE3000A1F1507700E49DED027B4FF002098DEDBA
:10FE40000E7BFFF7D6BBC8F1010312900C93079B02
:10FE500008931193FFF7EEB9109B002B3FF4ADAA66
:10FE6000FFF792BA3123DDF818B0002120460BF8D5
:10FE7000013B00F055F9079B03F1020AFFF709BBAC
:10FE8000109A20460B9900F0F3FA0023DDF8308039
:10FE90001E460B901093FFF792BA109B0121119A06
:10FEA0002046EB1A0D9F1A44089B3B44119208937D
:10FEB00000F0FCF90C9B0646002B40F0838098462E
:10FEC0000C972A460B99204600F0D2FA01230B909A
:10FED0001093FFF774BA049B002B7FF489ADDDE922
:10FEE0000412C2F31303002B00F09D80119181E5F1
:10FEF000079A744B03EBC2034FF0FF3293ED007B84
:10FF00000D928DED007B069B5D1C3CE603D1009BB2
:10FF1000DB073FF500ADC34618F8013D302BFAD0A2
:10FF200008E53123069A0AF1010A137002E51A9BCB
:10FF3000069201331A93312302E4109DC1E70E9C0F
:10FF40001A9BAB4603F1010AFFF7A3BA3546069A9E
:10FF5000FFF7EEBB7168204600F0BCF805460028AC
:10FF600000F0A080336906F10C010C3002339A00D6
:10FF7000FAF74AFD29460122204600F0D9FA8146C7
:10FF80007FE6029C02460B4602F000FC079B0646F9
:10FF90000F4603F1010ADDE9002303F03DF848B9FB
:10FFA00030463946DDE9002303F00EF838B118F089
:10FFB000010F04D0079B069A1A93FFF7B9BBAB4613
:10FFC000FFF767BA0C99089A8A421346A8BF0B46F6
:10FFD000D21AA1EB030808920D9A8A18D31A0C932F
:10FFE0006FE7394B002240F2AF11384801F03EF87C
:10FFF000079A35460B975B46029F02F1010A4E466F
:020000041205E3
:100000007CE4079BA846069A354603F1010A39238A
:100010004E4608F8013B83E4002A0B975B46029F9B
:100020003FF799AEAAE6059B23F000431B0D1B0585
:10003000002B3FF4DEAC0C9B01330C93089B013387
:10004000089301231193D5E40B975B46029F95E635
:100050005B460B97029F392BD3D0B8F1000F3FF7C7
:100060008BAE8BE6139BCDF81C900D93FFF7EDB98B
:100070002E465DE5089B0D9A134408930C9B984609
:1000800013440C93FFF765B97FF478AEDA077FF578
:1000900075AE6EE64FF00209FFF7ABBA0021E163DF
:1000A000FFF761BA0246084B40F2EF21074800F023
:1000B000DDFF074B0693FFF747B800BF0000244061
:1000C00000001C4040E105128CDE0512A0DE051286
:1000D0007CDE051238B5436C05460C464BB153F82F
:1000E000240080B1026843F824200023C0E90333D0
:1000F00038BD21220421EFF762FA03466864002824
:10010000EDD1002038BD0121284601FA04F56A1D11
:100110009200EFF754FA0028F3D0C0E90145E4E774
:1001200031B1436C4A6853F82200086043F822104A
:10013000704700BF2DE9F04107460E461C460D6989
:1001400001F1140E0020DEF8001001308BB2854260
:100150004FEA114102FB03434FEA134C9BB202FBEF
:1001600001CC03EB0C434FEA1C444EF8043BEADCA1
:100170003CB1B368AB4207DD06EB850301355C613A
:1001800035613046BDE8F081716838460131FFF7CE
:10019000A1FF8046A8B1326906F10C010C30023291
:1001A0009200FAF731FC7B6C726853F822103160D0
:1001B00043F82260464606EB850301355C613561F4
:1001C000DFE70246024BBA21024800F04FFF00BFB2
:1001D0008CDE0512FCDE0512B0F5803F034610D21E
:1001E00003041020B3F1807F01D208301B02B3F169
:1001F000805F08D3B3F1804F10D29A0013D403303C
:1002000070470020EEE71A010430B2F1804F06D2A9
:100210009B0108D45B00F2D4202070471A46002AC4
:10022000FBDB013070470230704700BF03680246B5
:10023000590707D0D8071DD499072AD55B08012094
:100240001360704799B279B91B0CD9B2A1B11020D3
:10025000190701D104301B09990712D0D90701D41D
:1002600001305B0813607047D9B241B1180718D14B
:100270000420F0E70020704718201B0AE8E7082058
:10028000FBE713F0040F4FEA930106D002300B4650
:10029000E8E79B08022013607047DB0804D12020A8
:1002A0007047DB080320DDE70330DBE738B5436C3C
:1002B00004460D464BB15868B0B102685A6000223E
:1002C00001234561C0E9032338BD21220421EFF752
:1002D00076F9034660640028EDD1094B002240F214
:1002E0004511084800F0C2FE1C2201212046EFF70C
:1002F00066F90028F1D001220223C0E90123DEE7DC
:100300008CDE0512FCDE05122DE9F04FD1F81080CD
:1003100085B015690E469246A84505DB2A46534628
:1003200045468A4690461E4605EB0804DAE9011365
:10033000A342B8BF0131FFF7CDFE002800F08C804A
:1003400000F1140707EB840E774505D23B460022E7
:1003500043F8042B9E45FBD814360AF1140906EB2A
:10036000880809EB8505464569D2A5EB0A030AF121
:10037000150ACDF808E0AE46153B039423F00303BD
:10038000AA4594BF9B464FF0000B824605E0090C3E
:100390002DD1B04507F104074ED956F8041B8DB294
:1003A000002DF4D0CC463C46002301965CF8040BAB
:1003B000216886B2E6458AB24FEA104005FB062264
:1003C0004FEA11411A4405FB001101EB124192B2B0
:1003D0004FEA114342EA014244F8042BE6D8019E59
:1003E00007EB0B02536056F8041C090CD1D03B6894
:1003F000002248463D461C46944602889BB201FBBB
:1004000002C202EB144243EA024345F8043B50F8AF
:10041000043B2C684FEA134C8645A3B201FB0C3316
:1004200003EB12434FEA134CE7D807EB0B02B0453E
:1004300007F104075360B0D85046DDE902E4002C10
:1004400002DC05E0013C03D05EF8043D002BF9D04E
:10045000046105B0BDE8F08F0246034B4FF4B17163
:10046000024800F003FE00BF8CDE0512FCDE051220
:1004700012F003032DE9F0411446074632D10E462F
:10048000A4102CD03D6C002D35D004F001034FF0AA
:10049000000864103BB92868B8B1054604F00103B0
:1004A0006410002BF7D02A4631463846FFF72CFF60
:1004B00036B17B6C716853F82120326043F82160BB
:1004C00074B1064628680028E7D12A4629463846EE
:1004D000FFF71AFF28600546C0F80080DEE73046C7
:1004E000BDE8F081013B0F4A52F823200023FFF7BB
:1004F00021FE0646C4E701213846FFF7EBFD05461D
:1005000040B1012340F27122C0E904320023386473
:100510000360BAE70246044B40F24511034800F07D
:10052000A5FD00BF0CE105128CDE0512FCDE0512F4
:100530002DE9F0470C46904606464FEA62192769B6
:10054000A36807EB621749687D1C9D4203DD5B00D1
:1005500001319D42FBDC3046FFF7BCFD00284DD049
:10056000B9F1000F00F1140C0BDD09F1050263462F
:10057000002100EB820243F8041B9342FBD10CEBF9
:10058000890C04F11403216918F01F0803EB8101A1
:100590002BD0C8F12009E6464FF0000A1A6802FA8B
:1005A00008F242EA0A024EF8042B53F8042B99424F
:1005B00022FA09FAF2D80B1B04F11502153B23F0BD
:1005C0000303914238BF002304334CF803A0BAF16F
:1005D000000F00D13D46736C6268056153F822102C
:1005E000216043F82240BDE8F087ACF1040C53F8D9
:1005F000042B99424CF8042FF9D8EBE70246034B41
:100600004FF4EF71024800F031FD00BF8CDE05129F
:10061000FCDE051284460B690069C01A16D10CF184
:10062000140C14310CEB830201EB830310B401E0D2
:10063000944508D252F8044D53F8041D8C42F7D06B
:1006400005D24FF0FF305DF8044B70477047012032
:100650005DF8044B704700BF2DE9F04F136983B07C
:100660000E6989461546F61A002E14D101F11407B9
:1006700002F1140101EB830107EB830301E09F42C8
:100680007ED253F8044D51F8042D9442F7D080F0F7
:100690008280012603E0FCDB00260D469146696856
:1006A000FFF718FD002800F083802F6905F1140B77
:1006B00005F11002D9F8103009F1140500F1140108
:1006C0000BEB870E944605EB830A88460023C66031
:1006D000CDF804B055F8046B5CF8042F1FFA86FBC4
:1006E000AA4594B2A4EB0B041C444FEA1643C3EB97
:1006F000124303EB2443A4B244EA03444FEA2343E6
:1007000048F8044BE6D8AAEB090209F11509DDF80F
:1007100004B02646153A22F00302CA4538BF00222B
:100720000BEB02080A4408F10408141DC6454546AF
:1007300035D9A1EB0B0105EB010C55F8042B1FFA81
:1007400082F9D618120CAE454B44B6B202EB2342E6
:1007500046EA02464FEA2243CCF80060EBD80EF19D
:10076000FF33A3EB080323F00303234426B953F814
:10077000042D013F002AFAD0076103B0BDE8F08FD5
:100780000021FFF7A7FC60B101220023C0E9042388
:1007900003B0BDE8F08F2B464D4699467FE71346E0
:1007A000E4E70246064B40F23721064800F05EFCC3
:1007B0000246034B40F24521024800F057FC00BFBF
:1007C0008CDE0512FCDE05122DE9F0430E4683B0E7
:1007D0000121154659EC108BFFF77CFC04460028DC
:1007E00044D0C9F30A57C9F313030FB143F480137C
:1007F0000193B8F1000313D101A8FFF717FD019B86
:1008000001212030636121610FB3A7F23347074410
:10081000C0F1350037602860204603B0BDE8F083A2
:1008200068460093FFF702FDDDE9002330B1C0F117
:10083000200103FA01F1C3400A430193002B6261D6
:10084000A3610CBF012102212161002FDDD104EB46
:100850008103A0F2324030601869FFF7BDFCC0EBA5
:1008600041102860204603B0BDE8F0830246034BE8
:1008700040F20F31024800F0F9FB00BF8CDE051298
:10088000FCDE0512024B0A4601461868EEF78DBEE3
:10089000A49300202DE9F04F1F4685B08B460D46EE
:1008A000A84B039000922A4615F8014B1E5D16F0E6
:1008B0000806F8D12D2C27F0100900F090802B2C81
:1008C0001AD0B9F1000F1DD1302C00F0E980002FB3
:1008D00000F0DB804FF01008B2466FF0784C4FF01C
:1008E000FF364FF00F09474600224FF0FF336FF0FD
:1008F000004ECDE9012321E02C78951CB9F1000FC1
:1009000000F0A1804FEAE77A3A464FF0FF306FF0EF
:1009100000415346B84602F017FC534691464FF04B
:10092000FF303A466FF0004102F00EFC4FF0FF330B
:1009300001968C4606466FF0004E02930022104648
:10094000114613E0A4F13703BB421FDA013209D08C
:1009500086427CEB010205D3614508BFB04227D136
:100960004B4525DD4FF0FF3215F8014BA4F1300364
:10097000092BE9D9A4F14103192BE3D9A4F16103AF
:10098000192B03D8A4F15703BB42DFDB531C1BD048
:10099000019B13B1404261EB4101009B2BB1002A46
:1009A00040F09080009BC3F800B005B0BDE8F08F28
:1009B00000FB0AF208FB0122A0FB08010A441818F8
:1009C00042EBE3710122CFE72223039A1360009BDD
:1009D000002B7AD005F1FF3B02987146E2E72C78B4
:1009E000951CB9F1000F14D1302C73D0002F40F0BA
:1009F0008B804FF00A080123BA460296DFF848C1FF
:100A00004FF0CC364FF0080947464FF0004E0193A7
:100A100094E74FEAE77A3A4600204FF00041534608
:100A2000B84602F091FB5346914600203A464FF0FB
:100A3000004102F089FB012302968C4606464FF0E6
:100A4000004E01937AE7302C7FF441AF937803F0A6
:100A5000DF03582B30D14FF01008CA46D478151D4B
:100A60004746424653464FF0FF306FF0004102F0D8
:100A70006BFB534691464FF0FF3042466FF000410A
:100A800002F062FB06468C462EE74FF00A08BA4693
:100A90004FF0CC36DFF8B0C04FF00709474623E7E8
:100AA0002B7803F0DF03582B06D14FF010086C7839
:100AB000CA46D51C4746D4E7D7BB4FF00808BA460C
:100AC0004746CEE78E46029084E70298714605B00D
:100AD000BDE8F08F937803F0DF03582B21D067B384
:100AE0004FF01008CA4647465346424600204FF092
:100AF000004102F029FB00238C46012106464FF0FD
:100B0000004ECDE9011319E74FF0100801234E46BE
:100B10004FF0006CCA4647464FF0004ECDE9013910
:100B20000CE74FF01008D478151DCA464746DBE79E
:100B30004FF01008CA46474693E74FF00808BA46F8
:100B40004746D1E765DC0512CCCCCC0CFFF7A2BE42
:100B50002DE9F04F85B08B461E460D4601925C4A4A
:100B60000390294615F8014B135D13F00803F8D1E3
:100B70002D2C00F08C802B2C52D0029336F0100AD2
:100B800055D04FEAE67A32464FF0FF304FF0FF3152
:100B90005346B14602F0D8FA3246074688465346D5
:100BA0004FF0FF304FF0FF3102F0CEFA94460022B2
:100BB0001046114613E0A4F137039E421FDD0132B7
:100BC00009D0874278EB010205D3414508BFB842FE
:100BD0003BD1634539DD4FF0FF3215F8014BA4F1ED
:100BE0003003092BE9D9A4F14103192BE3D9A4F16E
:100BF0006103192B03D8A4F157039E42DFDC531C79
:100C00003AD0029B13B1404261EB4101019B23B1F9
:100C1000002A39D1019BC3F800B005B0BDE8F08FC0
:100C200036F0100A2C78029301F10205A9D1302C7C
:100C300032D0BEB94FF00A09B2464FF0050C4FF062
:100C40009937DFF890804E46B1E700FB0AF209FBC6
:100C50000122A0FB09010A44181842EBE3710122AA
:100C6000BBE756B34FF010094FF00F0C4FF0FF37B2
:100C70006FF070484E469AE72223039910460B60A6
:100C80001146019B002BC8D005F1FF3BC2E70123B1
:100C90002C788D1C029371E72B7803F0DF03582B1F
:100CA000DFD14FF010096C784FF00F0C02354FF088
:100CB000FF376FF070484E4679E74FF00809B246AB
:100CC0004FF0070C4FF0FF376FF060484E466EE76D
:100CD00065DC051299999919FFF73ABF70B582B092
:100CE0000446069D55B11048D0F8E4606AB120462C
:100CF0000095B047431C10D002B070BD00F1F40560
:100D00000948D0F8E460002AF1D1012311462046B9
:100D1000064A0095B047431CEED100228A232A6080
:100D2000236002B070BD00BF3892002078DF05124A
:100D30002DE9F04F8BB01C46DDE91478DDF85890B2
:100D40000290B8F1000F50D000291668C3464FF04A
:100D5000000508BF4FF0FF37924688460196039181
:100D600007E0019B013C53F8040B019300284AD093
:100D70006546AF4235D9002C33D0DBF8003006A9E8
:100D8000019A0493DBF80430126805935B460298DD
:100D9000D9F8E060B047431C1CD000EB050CBC4503
:100DA00026D8039B002BDCD000280DDD08F1FF3294
:100DB00006A9019E02EB000E11F8013B02F8013F6B
:100DC0007245F9D180440196DAF800200432CAF85D
:100DD0000020C6E78A210022029B05461960CBF855
:100DE000002028460BB0BDE8F08F00F58678ABE711
:100DF000D846DDF810A0DDF814B02846C8E900ABED
:100E00000BB0BDE8F08F0399D84609B1CAF80000CD
:100E10000CF1FF3500222846C8F800200BB0BDE8D1
:100E2000F08F00BF10B584B0054C0698009007986D
:100E30000190044800680294FFF77AFF04B010BDE7
:100E400038920020A4930020002100F001B800BFD8
:100E500010B500F0B7F8044600F026F9A0F11A0327
:100E6000DBB2022B01D8012010BDA4F10900042837
:100E70008CBF0020012010BD0229C0F307235FFAB8
:100E800080FC25D0032903D083F080038CF0800CF4
:100E900003F15002D2B21F2A0BD903F13002D2B2B1
:100EA000242A3BD84FF2A64290422CD94FF0FF3073
:100EB00070474CF6D3729042F8D8B03BACF1A10C1D
:100EC000384AC3EBC3130CEB430332F813007047EB
:100ED000BCF19E0F11D90CF1230C80225FFA8CFC1F
:100EE0009F2B94BF703B503302EB4302D3B203F10C
:100EF0005002D2B21F2AD0D8DBE7ACF17E0C7F22A1
:100F00005FFA8CFCECE7D03BACF1A10C264AC3EBBA
:100F1000C3130CEB430332F813007047A13B072BBC
:100F2000C4D8DFE803F0382E241D17120D04BCF1DD
:100F3000C00FBBD81D4AACF1A10332F813007047B3
:100F4000BCF1F10FB2D81A4A1CE0BCF1D80FADD8F1
:100F5000184A17E0BCF1F60FA8D80CF540507047BE
:100F6000BCF1F30FA2D842F6A07060447047124B58
:100F7000634413F8A13C002B98D04FF660606044A6
:100F800070470E4AACF1A10332F81300002808BFE5
:100F90004FF0FF3070470A4AACF1A10332F813005A
:100FA000704700BF84FC051208E20512B013061258
:100FB000F013061294140612041506126015061298
:100FC0001C16061238B50546B9B101F595741249DB
:100FD0002046F9F79DFB28B928460121BDE8384095
:100FE000FFF74ABF0D492046F9F792FB38B928466A
:100FF0000221BDE83840FFF73FBF094CE7E7094948
:101000002046F9F785FB28B928460321BDE838407A
:10101000FFF732BF284638BD58DF05125CDF0512E6
:101020006293002064DF05120EB430B56FF0004407
:101030009CB001460B4D1FAB049407940A4C53F827
:10104000042B029128680193CDE90541002402A9EF
:101050001B94F6F73DFB029B1C701CB0BDE83040B2
:1010600003B07047A49300200802FFFF0A4D144606
:101070001A4603462E680D4600B5F06885B044B1A7
:1010800006490095CDE90114054900F03DF8EEF759
:10109000A3FA04490C46F4E7A49300206CDF051280
:1010A0007CDF051278DF0512154B984226D840F6F2
:1010B000F90C70B54FF0000E124D03E004F1010E73
:1010C000F44519DB1EEB0C0248BF013222F001038C
:1010D000541003EB620305EB43015B004A784E8832
:1010E000898842EA062211448842E7D8904204F1F6
:1010F000FF3CE5D3E85C70BDFF2070BDFF2070476A
:10110000EF010E00D81606120EB410B583B0074CCE
:10111000014605AB206853F8042B019300F008F852
:1011200003B0BDE8104003B0704700BFA493002097
:101130002DE9F04FC5B083469246082214AF0491C2
:1011400000211C4638460B9313F05EFEBBF1000FE6
:1011500004D0DBF83430002B00F06187049A536E22
:10116000B2F90C20D90740F13A81960400F1538579
:1011700042F40052049923F400538A8112B24B6660
:10118000130740F1B980049B1B69002B00F0B48069
:1011900002F01A030A2B00F0BE801BAA002391461E
:1011A0000D9318920793CDE91933CDE90E335546C7
:1011B000954BD3F8E440F9F795FA2A46034612A96D
:1011C00058460097A0470028034600F0C380C0F2AD
:1011D000B980129A252A01D01D44E9E7B5EB0A0629
:1011E000044640F0BB8000234FF0FF3205F1010AB6
:1011F00019468DF8433008936B78069203910AF1F3
:10120000010AA3F120025A2A00F20081DFE812F05D
:101210008E03FE00FE008703FE00FE00FE00670353
:10122000FE00FE0024023602FE002F02A003FE0094
:1012300099035B005B005B005B005B005B005B0095
:101240005B005B00FE00FE00FE00FE00FE00FE00F4
:10125000FE00FE00FE00ED012603FE00FE00FE0083
:10126000FE00FE00FE00FE00FE00FE00FE003C024E
:10127000FE00FE00FE00BD01FE009C02FE00FE001E
:10128000D805FE00FE00FE00FE00FE00FE00FE008F
:10129000FE00FE00FE00ED018301FE00FE00FE00E8
:1012A0005D0383016D00FE001C03FE000E03F902C6
:1012B000C6026D00FE00BD016A006E02FE00FE0067
:1012C0001B06FE006A00A3F13002002101EB810140
:1012D0001AF8013B02EB4101A3F13002092AF5D9CA
:1012E00008918EE79AF8003089E7039B43F02003CA
:1012F00003939AF8003082E7049D5846294601F08E
:10130000BFF9002840F0D087B5F90C2002F01A038D
:101310000A2B7FF442AF0499B1F90E30002BFFF68F
:101320003CAF4B6EDD0702D4900540F11887234691
:1013300052460499584600F0DFFF0790079845B0E1
:10134000BDE8F08F08220021384613F05DFD01232F
:101350001D442DE7B5EB0A06044611D01A9B334411
:101360001A93199B0133072B1993C9E900A611DCC5
:1013700009F10809079B33440793002C7FF433AF2E
:101380001A9B002B40F03F870022049B1992B3F96F
:101390000C3019E018AA0499584600F0EFFF80B904
:1013A0000DF16C09E6E718AA0499584600F0E6FF2B
:1013B000002800F09B80099B1BB109995846EEF765
:1013C00008F9049BB3F90C30049A526ED00740F12F
:1013D00098805B0614D4079845B0BDE8F08F90055F
:1013E00040F1298191047FF5C3AE9E047FF5C8AE1C
:1013F000049B9B899A0503D4049B986DF9F786F9A1
:101400004FF0FF330793E6E738920020002BB7D068
:1014100001228DF8AC302BAD00230A928DF84330B9
:101420000993CDE90523039CDDE9193014F0840804
:1014300001461A462ED1089C059EA41B002C00F3E1
:1014400092839DF843304BB34FF00008CDF83080C5
:10145000013201230131C9F80430072A0DF1430399
:10146000CDE91921C9F8003000F3158309F1080905
:101470000C9B7BB1013211AB0231C9F80030072A55
:101480004FF00203CDE91921C9F8043000F3F682C8
:1014900009F10809B8F1800F00F07582069B0A98DF
:1014A0001C1A002C00F3AD820A9B0132C9F80050CF
:1014B0001944072AC9F80430CDE9192100F3D28272
:1014C00009F10809039B5C0705D5089B059A9C1A3E
:1014D000002C00F3ED820598DDE907328242ACBFB3
:1014E0009B181B18079300297FF45DAF0023199305
:1014F000099B1BB109995846EEF76BF80DF16C0981
:1015000055E69A053FF565AF049CA06DF9F7FEF826
:10151000B4F90C305DE7039B9B0640F12E840B9BD6
:10152000073323F007031A465B6852F8084B9E46C0
:101530000B92002BC0F2A481069B002BC0F2AD8160
:10154000039A22F080020392002B40F0A68154EA15
:101550000E0314BF0122002240F09F819DF843300A
:10156000002B00F01581012144AD099205910A92EA
:101570000692039CDDE9192114F0840808461346FD
:101580003FF459AF00230C9362E70022DDF82C8072
:101590008DF8432058F8042B0992002A00F0588552
:1015A000532B00F09084039B13F0100440F08B84C5
:1015B000069A002AC0F2BA8521460998F9F7E4F99B
:1015C0009DF84320099D002800F04E86431B0A9396
:1015D00023EAE3730593002A00F03886013306946A
:1015E000CDF82C8005930994C3E70B9A432B02F1A5
:1015F000040403D0039BD90640F14784082200214C
:1016000016A82BAD13F000FC0B9A16AB58461268C7
:101610002946F9F777FB03460A90013300F0078665
:101620000A9B23EAE373059300230B948DF8433060
:1016300009930693F7E6049DA86DF9F763F8B5F9E9
:101640000C206B6E95047FF593AD98047FF598ADF3
:10165000D9077FF5CDAED3E60B9B53F8042B002AB8
:10166000089280F2D382089A0B9352420892039B0D
:1016700043F0040303939AF80030C0E52B238DF860
:1016800043309AF80030BAE5039B9D0643F0100002
:1016900040F1D4820B9B073323F0070319465A68A5
:1016A00051F8083B0B9100218DF843100699002951
:1016B000C0F2388220F4906103910699002940F02D
:1016C000348253EA020114BF0121002140F02D822F
:1016D00010F00102059200F0938230230DF20F15F5
:1016E00006918DF80F310A9209919CE6039A9606AD
:1016F00030D4039B0B9913F0100351F8044B05935E
:1017000040F0F385039B13F0400300F02F84069B09
:10171000A4B2DDF814E0002B8DF843E0C0F232846F
:10172000039B23F080030393002C40F02B84069A44
:10173000131E18BF0123002A40F0248444AD0693F1
:101740000B91CDE909336EE6039B43F010029B0633
:1017500040F188820B9B002107338DF8431023F062
:101760000703D3F804E053F8084B0B93069B8B4216
:10177000C0F2858222F080030393069B002B40F089
:101780008C8054EA0E0314BF0123002340F08580AF
:1017900044AD099306930A93059344E600210B9BFD
:1017A000069C47F6300253F8040B8C42ADF84420F7
:1017B0008DF843100246C0F24883039C24F0800455
:1017C00044F002040394002840F08A85069C201E01
:1017D00018BF0120002C40F0838544AD06900B9388
:1017E00005900A90059B039C023314F0840805932E
:1017F000DDE919210846134600F0C683002309934A
:1018000038E6039884063FF545AF039A0B9912F02A
:10181000100251F8043B40F06685039C14F0400030
:1018200000F034849BB220460B913CE7039B990661
:1018300040F1B5820B9B079A1B681A60D2175A6059
:101840000B9B04330B93B2E49AF800306C2B00F03E
:101850002683039A42F010020392D0E4039A42F0E6
:101860001003920600F1E8810B9A111D0B9A039365
:1018700014680B914FEAE47E7346002BBFF65CAE12
:101880002D2364428DF843306EEB4E0E069B002BE9
:1018900003DB039B23F0800303930A2C7EF10003F8
:1018A00080F0F381069A30349DF84330012A8DF898
:1018B0000F41B8BF01220592002B40F0B18109937E
:1018C00001230DF20F150A93ADE59AF80030682B4D
:1018D00000F0EF82039A42F0400203928FE45846F0
:1018E000F8F706FF436818460F93F9F703F90E90CF
:1018F00004465846F8F7FCFE82689AF800300D92CC
:10190000002C3FF47CAC002A3FF479AC1278002A1A
:101910003FF475AC039A42F4806203926FE4039B38
:1019200043F0010303939AF8003068E49DF84320E4
:101930009AF80030002A7FF462AC20228DF8432010
:101940005DE4039B43F0800303939AF8003056E470
:10195000504610F8013B2A2B00F09A84A3F1300284
:10196000092A00F24B84002101EB810110F8013BB0
:1019700002EB4101A3F13002092AF5D941EAE172F3
:10198000824606923DE4089B05981C1A002C7FF7BE
:1019900085AD102CB14E21DD0C954FF01008049D43
:1019A00002E0103C102C18DD01321031072AC9E981
:1019B0000068CDE9192109F10809F2DD18AA2946C4
:1019C000584600F0DBFC00287FF4F5AC103C0DF12C
:1019D0006C09102CDDE91921E6DC0C9D0132214453
:1019E000C9F80060072AC9F80440CDE9192100F3BD
:1019F0001B83069B09F108090A981C1A002C7FF723
:101A000053AD102C954E1FDD4FF0100802E0103C36
:101A1000102C19DD01321031904B072AC9E900382A
:101A2000CDE9192109F10809F1DD18AA04995846F0
:101A30000DF16C0900F0A2FC00287FF4BCAC103C56
:101A4000102CDDE91921E5DC01322144C9F80060E0
:101A5000072AC9F80440CDE9192100F3C48009F12F
:101A6000080921E518AA0499584600F087FC0028C7
:101A70007FF4A1AC1A990DF16C0923E518AA049919
:101A8000584600F07BFC00287FF495AC0DF16C0902
:101A9000DDE91921FEE418AA0499584600F06EFC0D
:101AA00000287FF488AC0DF16C09DDE91921DFE431
:101AB000102C199BDFF8A88121DD46461025DDF8A2
:101AC000108002E0103C102C18DD01331031072B80
:101AD000C9E90065CDE9193109F10809F2DD18AA53
:101AE000414658460DF16C0900F048FC00287FF48F
:101AF00062AC103C102CDDE91931E6DCB046013354
:101B00002144072BC9E90084CDE919317FF7E3AC03
:101B100018AA0499584600F031FC00287FF44BAC19
:101B20001A99D8E420F48061039144AD03F00701D1
:101B3000DB08284643EA42733031D20805F8011D1C
:101B400053EA0204F2D1302902D0039BDE077CD491
:101B500044AB5B1B0A9300220992069A9A42B8BFD3
:101B60001A4605925FE400220C92102C1A46DFF808
:101B7000F08022DD46461023DDF8108002E0103CA4
:101B8000102C19DD01321030072AC9E90063CDE9B4
:101B9000192009F10809F2DD18AA414658460DF14D
:101BA0006C0900F0EBFB00287FF405AC103C10231F
:101BB000102CDDE91920E5DCB04601322118C9F806
:101BC0000080072AC9F80440CDE9192100F3FE81FD
:101BD0009DF8433009F108095BBB0C9800283FF4DD
:101BE0005DAC984646E418AA0499584600F0C6FB36
:101BF00000287FF4E0AB0DF16C09DDE9192153E415
:101C0000059A44AD06920A9209920CE40B939AF855
:101C10000030FFF7F4BA9D047FF5B2AAFFF7F0BBDE
:101C20000025013201230592CDE909530DF20F156C
:101C30009FE44FF000080BE4039370E40B9B191D25
:101C40000B9B00220B911B682DE53023023805F811
:101C5000013C44AB05461B1A0A937CE7B44C0612C0
:101C6000C44C06120B9B191D0B9B4FF0000E0B91E1
:101C70001C68069B8DF843E07345BFF67BAD0A2CCC
:101C800003927EF10003FFF40DAE039B764644A958
:101C9000DFF8F48303F480650023CDF814909E46AA
:101CA000CDE909BADDF834A023E0A319A3463046F4
:101CB000494643F10003A8FB032C2CF0030202EB7E
:101CC0009C029B1A4FF0CC32E31A66F1000602FB2D
:101CD00003F2BBF10A0FA3FB084308FB06224FEAFD
:101CE000540470F10000134444EAC3744FEA5306ED
:101CF0002BD3A3190EF1010E01F1FF3943F10003BB
:101D0000A8FB032020F0030202EB90029B1AE31AC7
:101D1000A3FB083266F100005B0808FB002243EADF
:101D2000C27303EB8303A4EB4303303301F8013C9C
:101D3000002DBAD09AF800307345B6D1FF2BB4D03D
:101D40000A2C76F1000380F00F824D4644AB0699D1
:101D50005B1BCDF834A0DDF814901A469142DDE902
:101D600009BAB8BF11460A939DF843300591002B7C
:101D700056D0059B0133059352E0039B0B99DE0679
:101D800051F8044B3FF572AD039B5D0640F16C8149
:101D900044F3C03E0B9124B27346FFF7CABB039BCA
:101DA000DA0600F14F81039B5B0600F1B981039BCA
:101DB0009E0540F147810B9B079A1B681A703FE50F
:101DC000AE48039A12F0200100F0F0800B9A07321F
:101DD00022F007021446516854F8082B0B9452EA7B
:101DE0000104039D14BF01240024ED0702D5002C3B
:101DF00040F0038100238DF84330069B002B039BAA
:101E0000C0F2CD8023F490630393069B002B40F037
:101E1000C980002C40F0C68044AD06940A94059415
:101E2000039CDDE9192114F084080846134600F0EC
:101E300053829DF84330002B00F044820023099325
:101E40000C93FFF705BB8E48BBE7039802240B9366
:101E500040F0020003908A4844AD02F00F031209DB
:101E6000C35C42EA0172090905F8013D52EA010327
:101E7000F3D144AB069A5B1B9A420A93B8BF1A4649
:101E80000592002C7FF4AEACCAE70B9B2BAD1B6810
:101E90008DF8AC30012305930A93FFF7C5BB039B74
:101EA0000AF1010A43F0200303939AF80030FFF788
:101EB000A6B9039B0AF1010A43F4007303939AF84D
:101EC0000030FFF79CB9099B0822002116A8139344
:101ED00012F09AFF069E002EC0F2ED8000242546E7
:101EE0000DE02BA95846F8F70DFF411C04F104043E
:101EF000284400F09C81B04206DC06D00546139AC7
:101F000016AB1259002AECD10695069B002B00F067
:101F1000E280632B40F31F81591C5846EDF73CFBD0
:101F20000546002800F0838109900822002116A8A8
:101F300012F06AFF069C16AB13AA29465846009376
:101F40002346F8F705FF844240F0BF81069900233D
:101F500021EAE1706B549DF843200590002A40F07F
:101F60005C810692CDE90A18FFF75DBA039A12F474
:101F7000007240F0C780069B96468DF84320002BE8
:101F8000BFF6CEAB0B9188E4089C059ECDF824806B
:101F9000A41B002C7FF76EAA02220C92E5E523F425
:101FA00080630393039B03F0020455E70B9C54F8F2
:101FB000042B0B94039C14F010047FF410AF0399CE
:101FC00011F040016CD092B2214608E718AA04999A
:101FD000584600F0D3F9804600287FF4ECA99DF81C
:101FE0004330DDE91921002B61D10C9B0DF16C0907
:101FF000002B7FF43FAAFFF751BA8DF8453030230C
:102000008DF8443000238DF84330069B002B6EDAA8
:10201000039B23F4806343F002030393C2E7584613
:10202000F6F73EFEFFF79AB818AA0499584600F052
:10203000A5F900287FF4BFA90DF16C09DDE919218C
:10204000FFF72CBA0B9B079A1B681A60FFF7F8BBC7
:10205000069B0C4D062BCDF82C80069228BF06233C
:1020600005930A93FFF7DFB9039B0B91980552D5AF
:1020700044F3C01E64B27346FFF75BBA68DD051215
:102080007CDD051290DD0512CDCCCCCC039C14F484
:10209000007233D00246DBB220460B91FFF703BB40
:1020A000039C14F4007414BFD2B2214697E60DF1DC
:1020B0006C09FFF7CDB916AB13AA5846009300235D
:1020C0001946F8F745FE03460690013300F0AF804D
:1020D000099B139319E79DF84330099D003BCDF808
:1020E0002C8018BF01230593069B0A9398E6039B57
:1020F00023F4906343F00203039353E703980B9197
:10210000FFF7D1BA9E468DF84330069BE4B2002B10
:10211000BFF606AB36E74FEAE47E7346FFF709BA2F
:102120000B9B079A1B681A80FFF78ABB099D2846FC
:10213000F8F7E0FC9DF8433020EAE0720A9005923F
:10214000002B00F08A8001320694CDF82C80059295
:102150000994FFF70EBA00232BAD0993E5E6886DCD
:10216000F8F7D4FAFFF7E3B80E9A0F99A9EB020B30
:102170005846F7F741FA9AF801300BB10AF1010A13
:10218000A3195B4A4FF0CC314FF0010E43F100032D
:102190000BF1FF39A2FB030C2CF0030000EB9C00B9
:1021A0001B1AE31A66F1000603FB01F1A3FB0230E0
:1021B00002FB061123FA0EF3014443EAC17421FA2B
:1021C0000EF6A31943F10003A2FB031020F0030154
:1021D00001EB90015B1AE31AA3FB023166F10000E8
:1021E00023FA0EF302FB001243EAC27303EB8303EC
:1021F000A4EB430330330BF8013C9BE500228246FD
:102200000692FEF7FEBF18AA0499584600F0B6F8E9
:1022100000283FF4B9A8FFF7D4B8069ACDF82C806F
:102220000A92059A069301320592FFF7A2B9049823
:10223000B0F90C30426E43F04001D20781813FF586
:10224000DFA899053FF5DCA8FFF75EB9099D069266
:10225000CDF82C800992FFF7E6B8099D0693CDF8DA
:102260002C800993FFF7DFB84AB1069ACDF82C808D
:10227000511C0A92069005910990FFF77AB9069BC6
:102280000992CDF82C800A9305930692FFF7CBB8FC
:102290000B9A9AF80130824652F8041B41EAE17128
:1022A0000B920691FEF7ABBF049A536EDF073FF522
:1022B000A7A893899E053FF5A3A8906DF8F726FA85
:1022C000FFF79EB80993FFF7E5B8049A938943F0A6
:1022D00040039381FFF76FB8CDF82480FFF7ABB8C8
:1022E00004480B935EE60398AAE4039ABCE400BF9B
:1022F000CDCCCCCC7CDD05122DE9F04198468B8904
:10230000ADF58D6D164623F00203074616A80D465F
:10231000ADF80C301AAB6C46009304934FF4806315
:10232000029305934B6E1993CB89ADF80E30CB69B0
:1023300007934B6A099300230693F8F7DDF93246B9
:10234000434669463846FEF7F3FE061E07DB69463C
:102350003846F6F73BFB002818BF4FF0FF36A3893D
:102360005B0603D5AB8943F04003AB81A06DF8F762
:10237000C5F930460DF58D6DBDE8F081936810B557
:1023800014461BB918460023636010BD00F006F820
:102390000023A3600023636010BD00BF9368002B7F
:1023A00000F0B780B1F90CC01CF0080F2DE9F04F18
:1023B000174683B080460C4627D00B692BB31CF020
:1023C00002033D682DD04FF0000ADFF8B0B2B946E5
:1023D00056465E4533465246404628BF5B46002E71
:1023E00000F08680E169676AB847002840F3898079
:1023F000D9F808308244361A1B1AC9F80830002B65
:10240000E7D1002003B0BDE8F08F2146404600F040
:1024100037F900287AD1B4F90CC03D681CF00203EA
:10242000D1D11CF0010976D14E460097002E5BD029
:102430001CF4007F2068D4F808B000F0B280B345E7
:102440005A4600F2E0801CF4906F33D06369216932
:1024500013EB4303A0EB010B48BF01334FEA630AC0
:102460000BF1010333445246534501D99A461A46AB
:102470001CF4806F00F0E58011464046EDF78CF8C3
:10248000002800F0F4805A4621690190F8F7BCFA60
:10249000A289019B22F4906242F08002A28103EBA8
:1024A0000B0023613246AAEB0B03B346C4F814A019
:1024B000A360206049460192FCF754FCA368019A8E
:1024C000B246A3EB0B01236800261344A1602360EE
:1024D000009AD1449368A3EB0A039360002B90D039
:1024E000B4F90CC0002EA3D1D5E9009608359DE7BC
:1024F000D5E900A608356CE721464046F6F766FAAE
:1025000070B3B4F90C3043F04003A3814FF0FF30B7
:1025100078E7002070471E46BA46994618461F467F
:1025200000955EB3002831D04A46A168B242636983
:10253000206828BF324603EB010B2169884201D98C
:102540005A4570DC934261DC3A46E1694046656A6F
:10255000A847B0F1000BD4DDB9EB0B09CCD00120BA
:10256000DAF808305F44A6EB0B06A3EB0B03CAF8BE
:102570000830002B3FF445AF002ED3D1009A5668A7
:10258000134608320092002EF8D01F6832460A2106
:102590003846F8F7F9F9002866D00130A0EB0709B2
:1025A000C2E72369834216D36269B24213D86FF03F
:1025B0000043E1694046676AB34228BF334693FB54
:1025C000F2F302FB03F34A46B847B0F1000A98DD84
:1025D000A6EB0A067CE7B345DA46494628BFB24671
:1025E0005246FCF7BFFBA3682268A3EB0A035244E0
:1025F000A3602260002BEBD121464046F6F7E6F9B6
:102600000028E5D07DE7B346324653E739460192CC
:10261000FCF7A8FB019AA36893469B1AA360236862
:102620001344236098E739465A46FCF79BFB23681E
:10263000214640465B442360F6F7C8F900288BD05A
:102640005FE74046ECF7B1FF034600287FF427AF71
:1026500021694046ECF7BDFFB4F90C300C2223F0A1
:102660008003C8F800204EE7721C91465DE70C22FB
:10267000B4F90C30C8F8002045E700BF00FCFF7F2C
:1026800038B53E4B05460C461B6813B15A6B002A01
:102690005BD0B4F90C3019070BD522699AB113F04D
:1026A000010221D0636900225B42A260A361002085
:1026B00038BDDA0659D558071BD4226943F0080300
:1026C000A381002AEBD1990529D5180603F08001D2
:1026D00025D4D80742D49D073DD5A2600029E6D075
:1026E00043F04003A38145E09B0716D46369A360D0
:1026F000DDE7216B51B104F14002914204D028463C
:10270000ECF767FFB4F90C30002222630021226944
:1027100023F02403C4E90021D0E7A260C7E72146E3
:102720002846FCF74DF9B4F90C30226913F0010189
:102730000FD0616900204942A060A161002AB6D192
:1027400003F080010029B2D0CAE71846F6F7A8FACC
:102750009FE7980700D46169A160EFE76069A26014
:102760004042A0610029A2D0BAE7092243F0400309
:102770002A60A3814FF0FF3038BD00BFA493002032
:1027800081F0004102E000BF83F0004330B54FEA22
:1027900041044FEA430594EA050F08BF90EA020F8F
:1027A0001FBF54EA000C55EA020C7FEA645C7FEA22
:1027B000655C00F0E2804FEA5454D4EB5555B8BF45
:1027C0006D420CDD2C4480EA020281EA030382EAB6
:1027D000000083EA010180EA020281EA0303362D48
:1027E00088BF30BD11F0004F4FEA01314FF4801C1B
:1027F0004CEA113102D0404261EB410113F0004F2D
:102800004FEA03334CEA133302D0524263EB4303E3
:1028100094EA050F00F0A780A4F10104D5F1200E81
:102820000DDB02FA0EFC22FA05F2801841F10001DC
:1028300003FA0EF2801843FA05F359410EE0A5F1B0
:1028400020050EF1200E012A03FA0EFC28BF4CF0E1
:10285000020C43FA05F3C01851EBE37101F0004597
:1028600007D54FF0000EDCF1000C7EEB00006EEBA4
:102870000101B1F5801F1BD3B1F5001F0CD349082E
:102880005FEA30004FEA3C0C04F101044FEA445285
:1028900012F5800F80F09A80BCF1004F08BF5FEA0C
:1028A000500C50F1000041EB045141EA050130BDEC
:1028B0005FEA4C0C404141EB0101013C28BFB1F5FE
:1028C000801FE9D291F0000F04BF01460020B1FA49
:1028D00081F308BF2033A3F10B03B3F120020CDA1C
:1028E0000C3208DD02F1140CC2F10C0201FA0CF0FA
:1028F00021FA02F10CE002F11402D8BFC2F1200C5F
:1029000001FA02F120FA0CFCDCBF41EA0C01904014
:10291000E41AA2BF01EB0451294330BD6FEA04045D
:102920001F3C1CDA0C340EDC04F11404C4F1200248
:1029300020FA04F001FA02F340EA030021FA04F35A
:1029400045EA030130BDC4F10C04C4F1200220FAB1
:1029500002F001FA04F340EA0300294630BD21FAEF
:1029600004F0294630BD94F0000F83F4801306BFB5
:1029700081F480110134013D4EE77FEA645C18BFA9
:102980007FEA655C29D094EA050F08BF90EA020F40
:1029900005D054EA000C04BF1946104630BD91EA38
:1029A000030F1EBF0021002030BD5FEA545C05D13B
:1029B0004000494128BF41F0004130BD14F580047A
:1029C0003CBF01F5801130BD01F0004545F0FE41EE
:1029D00041F470014FF0000030BD7FEA645C1ABF23
:1029E000194610467FEA655C1CBF0B46024650EA5A
:1029F000013406BF52EA033591EA030F41F4002186
:102A000030BD00BF90F0000F04BF0021704730B50B
:102A10004FF4806404F132044FF000054FF00001E0
:102A200050E700BF90F0000F04BF0021704730B5A1
:102A30004FF4806404F1320410F0004548BF404276
:102A40004FF000013EE700BF42004FEAE2014FEACB
:102A500031014FEA02701FBF12F07F4393F07F4FA6
:102A600081F06051704732F07F4208BF704793F0A9
:102A70007F4F04BF41F40021704730B54FF46074BC
:102A800001F0004521F000411CE700BF50EA0102BF
:102A900008BF704730B54FF000050AE050EA010268
:102AA00008BF704730B511F0004502D5404261EBD8
:102AB00041014FF4806404F132045FEA915C3FF419
:102AC000D8AE4FF003025FEADC0C18BF03325FEAB6
:102AD000DC0C18BF033202EBDC02C2F1200300FA67
:102AE00003FC20FA02F001FA03FE40EA0E0021FA8C
:102AF00002F11444BDE600BF70B54FF0FF0C4CF47A
:102B0000E06C1CEA11541DBF1CEA135594EA0C0F2B
:102B100095EA0C0F00F0DEF82C4481EA030621EA66
:102B20004C5123EA4C5350EA013518BF52EA0335A1
:102B300041F4801143F4801338D0A0FB02CE4FF053
:102B40000005E1FB02E506F00042E0FB03E54FF083
:102B50000006E1FB03569CF0000F18BF4EF0010E7B
:102B6000A4F1FF04B6F5007F64F5407404D25FEA77
:102B70004E0E6D4146EB060642EAC62141EA55512A
:102B80004FEAC52040EA5E504FEACE2EB4F1FD0C6C
:102B900088BFBCF5E06F1ED8BEF1004F08BF5FEAEA
:102BA000500E50F1000041EB045170BD06F000469C
:102BB00046EA010140EA020081EA0301B4EB5C0449
:102BC000C2BFD4EB0C0541EA045170BD41F4801141
:102BD0004FF0000E013C00F3AB8014F1360FDEBF66
:102BE000002001F0004170BDC4F10004203C35DA42
:102BF0000C341BDC04F11404C4F1200500FA05F3C5
:102C000020FA04F001FA05F240EA020001F0004265
:102C100021F0004110EBD37021FA04F642EB0601DB
:102C20005EEA430E08BF20EAD37070BDC4F10C0405
:102C3000C4F1200500FA04F320FA05F001FA04F2C9
:102C400040EA020001F0004110EBD37041F10001B5
:102C50005EEA430E08BF20EAD37070BDC4F12005C0
:102C600000FA05F24EEA020E20FA04F301FA05F228
:102C700043EA020321FA04F001F0004121FA04F2D0
:102C800020EA020000EBD3705EEA430E08BF20EAA0
:102C9000D37070BD94F0000F0FD101F000464000DA
:102CA00041EB010111F4801F08BF013CF7D041EA5C
:102CB000060195F0000F18BF704703F00046520060
:102CC00043EB030313F4801F08BF013DF7D043EA31
:102CD0000603704794EA0C0F0CEA135518BF95EAE7
:102CE0000C0F0CD050EA410618BF52EA4306D1D16E
:102CF00081EA030101F000414FF0000070BD50EA8D
:102D0000410606BF1046194652EA430619D094EA16
:102D10000C0F02D150EA013613D195EA0C0F05D100
:102D200052EA03361CBF104619460AD181EA030154
:102D300001F0004141F0FE4141F470014FF000000C
:102D400070BD41F0FE4141F4780170BD70B54FF0A7
:102D5000FF0C4CF4E06C1CEA11541DBF1CEA135527
:102D600094EA0C0F95EA0C0F00F0A7F8A4EB050409
:102D700081EA030E52EA03354FEA013100F0888000
:102D80004FEA03334FF0805545EA131343EA1263C9
:102D90004FEA022245EA111545EA10654FEA00267E
:102DA0000EF000419D4208BF964244F1FD0404F537
:102DB000407402D25B084FEA3202B61A65EB030593
:102DC0005B084FEA32024FF480104FF4002CB6EB50
:102DD000020E75EB030E22BFB61A754640EA0C00D0
:102DE0005B084FEA3202B6EB020E75EB030E22BF10
:102DF000B61A754640EA5C005B084FEA3202B6EB51
:102E0000020E75EB030E22BFB61A754640EA9C000F
:102E10005B084FEA3202B6EB020E75EB030E22BFDF
:102E2000B61A754640EADC0055EA060E18D04FEA9D
:102E3000051545EA16754FEA06164FEAC30343EA3D
:102E400052734FEAC2025FEA1C1CC0D111F4801F0A
:102E50000BD141EA00014FF000004FF0004CB6E703
:102E600011F4801F04BF01430020B4F1FD0C88BFA2
:102E7000BCF5E06F3FF6AFAEB5EB030C04BFB6EBAD
:102E8000020C5FEA500C50F1000041EB045170BDA0
:102E90000EF0004E4EEA113114EB5C04C2BFD4EBCD
:102EA0000C0541EA045170BD41F480114FF0000E51
:102EB000013C90E645EA060E8DE60CEA135594EACD
:102EC0000C0F08BF95EA0C0F3FF43BAF94EA0C0FD0
:102ED0000AD150EA01347FF434AF95EA0C0F7FF445
:102EE00025AF104619462CE795EA0C0F06D152EA99
:102EF00003353FF4FDAE1046194622E750EA41067D
:102F000018BF52EA43067FF4C5AE50EA41047FF48D
:102F10000DAF52EA43057FF4EBAE12E74FF0FF3CF2
:102F200006E000BF4FF0010C02E000BF4FF0010CC3
:102F30004DF804CD4FEA410C7FEA6C5C4FEA430C3C
:102F400018BF7FEA6C5C1BD001B050EA410C0CBF8B
:102F500052EA430C91EA030F02BF90EA020F0020ED
:102F6000704710F1000F91EA030F58BF994208BF54
:102F700090422CBFD8176FEAE37040F00100704711
:102F80004FEA410C7FEA6C5C02D150EA013C07D168
:102F90004FEA430C7FEA6C5CD6D152EA033CD3D0B3
:102FA0005DF8040B704700BF8446104662468C46AD
:102FB0001946634600E000BF01B5FFF7B7FF0028E0
:102FC00048BF10F1000F01BD4DF808EDFFF7F4FF09
:102FD0000CBF012000205DF808FB00BF4DF808ED94
:102FE000FFF7EAFF34BF012000205DF808FB00BFB7
:102FF0004DF808EDFFF7E0FF94BF012000205DF8D9
:1030000008FB00BF4DF808EDFFF7CEFF94BF01208D
:1030100000205DF808FB00BF4DF808EDFFF7C4FF86
:1030200034BF012000205DF808FB00BF4FEA410CCF
:103030007FEA6C5C02D150EA013C0AD14FEA430CB2
:103040007FEA6C5C02D152EA033C02D14FF00000EF
:1030500070474FF0010070474FEA410212F500122D
:1030600015D211D56FF47873B3EB625212D94FEACF
:10307000C12343F0004343EA505311F0004F23FAB9
:1030800002F018BF404270474FF00000704750EA0E
:10309000013005D111F0004008BF6FF000407047CB
:1030A0004FF00000704700BF7BB972B90029BEBF66
:1030B00000204FF0004106E008BF00281CBF6FF061
:1030C00000414FF0FF3000F0FDB9ADF1080C6DE9A3
:1030D00004CE002909DB002B1ADB00F04DF8DDF8E7
:1030E00004E0DDE9022304B07047404261EB410196
:1030F000002B1BDB00F040F8DDF804E0DDE90223E3
:1031000004B0404261EB4101524263EB430370471C
:10311000524263EB430300F02FF8DDF804E0DDE9F1
:10312000022304B0404261EB41017047524263EB1D
:10313000430300F021F8DDF804E0DDE9022304B0E8
:10314000524263EB4303704753B94AB9002908BFA1
:1031500000281CBF4FF0FF314FF0FF3000F0B2B934
:10316000ADF1080C6DE904CE00F006F8DDF804E0DE
:10317000DDE9022304B070472DE9F04F8C46099E2B
:1031800004460F46002B48D18A4215465ED9B2FA52
:1031900082F33BB1C3F120029F409D409C4020FA46
:1031A00002F217434FEA154E1FFA85FC220CB7FBBB
:1031B000FEF10EFB117701FB0CF042EA0742904250
:1031C00007D9AA1801F1FF3702D2904200F25881C4
:1031D0003946121AA4B2B2FBFEF00EFB102200FB1D
:1031E0000CFC44EA0244A4450BD92C1900F1FF322F
:1031F0002CBF01270027A44502D9002F00F04381EE
:10320000104640EA0140A4EB0C0400211EB1DC4052
:103210000023C6E90043BDE8F08F8B4206D90EB10A
:10322000C6E9000100210846BDE8F08FB3FA83F13A
:10323000002951D16345C0F01681824240F21381CA
:103240000846002EE7D0C6E90047E4E7002A00F070
:10325000AF80B2FA82F3002B40F0C2808A1A4FEAA4
:10326000154EAFB20121200CB2FBFEFC0EFB1C225E
:1032700040EA024207FB0CF090420ED9AA180CF16A
:10328000FF382CBF4FF001094FF00009904203D9DD
:10329000B9F1000F00F0F080C446121AA4B2B2FBDC
:1032A000FEF00EFB102200FB07F744EA0244A7429F
:1032B0000ED92C1900F1FF322CBF4FF0010E4FF048
:1032C000000EA74203D9BEF1000F00F0D2801046D5
:1032D000E41B40EA0C4099E7C1F120058B400CFA51
:1032E00001F400FA01F922FA05F72CFA05FC8A40EC
:1032F0001F4320FA05F3380C23431FFA87FE1C0CEA
:10330000BCFBF0F800FB18CC44EA0C4408FB0EFCB4
:10331000A4450ED93C1908F1FF3A2CBF4FF0010B20
:103320004FF0000BA44503D9BBF1000F00F0B880AB
:10333000D046A4EB0C041FFA83FCB4FBF0F300FBB3
:10334000134403FB0EFE4CEA0444A6450ED93C1977
:1033500003F1FF302CBF4FF0010C4FF0000CA645DD
:1033600003D9BCF1000F00F09F80034643EA0840F8
:10337000A4EB0E04A0FB02EC64457346E04602D3C6
:1033800007D1F14505D2BEEB02036CEB070C013807
:10339000E0465EB1B9EB030264EB080404FA05F5FC
:1033A00022FA01F3CC401D43C6E90054002132E764
:1033B00042082F464B08AC4642EAC172AE46C407EB
:1033C000110C92B241EA034142EA0142B1FBF5F12C
:1033D000B3FBF5F01F23A2EB0C0241EA004142E7E8
:1033E0009D40C3F1200299409C402CFA02FC4FEA18
:1033F000154E20FA02F2AFB2BCFBFEF80A430EFBF8
:1034000018CC110C41EA0C4108FB07FC8C4550D943
:10341000691808F1FF302CBF4FF001094FF0000987
:103420008C4502D9B9F1000F30D0A1EB0C01B1FBF2
:10343000FEF808FB07FC0EFB181192B242EA0142AB
:10344000624534D2AA1808F1FF312CBF4FF00109B0
:103450004FF000096245BED2B9F1000FBBD1A8F10F
:1034600002012A44B7E7841A6CEB030201201746D5
:10347000E7E62C4402382BE7ACF1020C2A440CE7B7
:1034800002392A44A5E62C440238BAE6A5EB0C0C16
:10349000A8F102006144B1FBFEF808FB07FCCAE793
:1034A000A8F102083C4444E7023B3C445EE7414645
:1034B00091E7A1EB0C014046B1FBFEF808FB07FCCD
:1034C000B9E700BF704700BF617267207061726129
:1034D000206E756D206572726F720A00616E616C8C
:1034E0006F67205041203831353520776F726B205F
:1034F0006D6F64653D25640A00616E616C6F6720C5
:103500005041206D6F6465206572726F72200A00F1
:10351000443A5C5369466C695C5369466C692D5347
:10352000444B5C76322E342E365C6472697665725A
:10353000735C636D7369735C736633326C623532CE
:10354000785C62745F72665F66756C63616C2E6333
:1035500000020303050506080F0005050E0A1B1FE0
:103560001F1F00443A5C5369466C695C5369466CA2
:10357000692D53444B5C76322E342E365C6472696E
:10358000766572735C636D7369735C736633326CFA
:10359000623532785C62745F706F7765725F636FFB
:1035A0006E6669672E6300443A5C5369466C695CD9
:1035B0005369466C692D53444B5C76322E342E365B
:1035C0005C647269766572735C636D7369735C7356
:1035D0006633326C623532785C6266305F6C637081
:1035E000755F696E69742E6300443A5C5369466C7A
:1035F000695C5369466C692D53444B5C76322E34BA
:103600002E365C647269766572735C68616C5C62AC
:1036100066305F68616C2E6300636F6E6669672059
:1036200041616E6C6F6720444143506174680A00C9
:103630007475726E206F666620706C6C0A00636C25
:103640006F73652041616E6C6F6720444143506128
:1036500074680A007475726E206F6E2072656667FA
:10366000656E0A007475726E206F6E20706C6C0A45
:1036700000636F6E6669672041616E6C6F67204101
:103680004443506174680A00636C6F736520416144
:103690006E6C6F6720414443506174680A00736523
:1036A0007420766F6C756D6520726F7567683A254A
:1036B000642C2066696E653A25642C206366673049
:1036C0003A3078257800443A5C5369466C695C531B
:1036D00069466C692D53444B5C76322E342E365C31
:1036E000647269766572735C68616C5C6266305F97
:1036F00068616C5F636F727465782E6300443A5C36
:103700005369466C695C5369466C692D53444B5C44
:1037100076322E342E365C647269766572735C681C
:10372000616C5C6266305F68616C5F646D612E63C2
:1037300000443A5C5369466C695C5369466C692D78
:1037400053444B5C76322E342E365C647269766557
:1037500072735C68616C5C6266305F68616C5F6943
:1037600032632E6300443A5C5369466C695C53696A
:10377000466C692D53444B5C76322E342E365C6495
:103780007269766572735C68616C5C6266305F68F2
:10379000616C5F6C6370755F636F6E6669672E63E3
:1037A00000443A5C5369466C695C5369466C692D08
:1037B00053444B5C76322E342E365C6472697665E7
:1037C00072735C68616C5C6266305F68616C5F6CD0
:1037D0007074696D2E6300443A5C5369466C695C91
:1037E0005369466C692D53444B5C76322E342E3629
:1037F0005C647269766572735C68616C5C62663089
:103800005F68616C5F6C72635F63616C2E63004C18
:10381000504379636C65733A206375723D2564206B
:1038200064656C74613D25642C746D703D25640A7B
:10383000004C50206379636C65732025642C2074E0
:103840006864302025642C20746864312025642C41
:10385000207363616C652025640041637475616C3D
:1038600020506172613A206375723D25642C20619D
:1038700076653D25642C206375725F6261636B75AC
:10388000702025642C20616C7068612025642C20D8
:10389000746D70282A3130293D25640D0A00736546
:1038A0007420617665004C504379636C65733A20EF
:1038B00025642C206176653D25642C20636F756E30
:1038C000743D256420746D703D25640D0A00443AF2
:1038D0005C5369466C695C5369466C692D53444B73
:1038E0005C76322E342E365C647269766572735C57
:1038F00068616C5C6266305F68616C5F6D61696CA9
:10390000626F782E6300443A5C5369466C695C537D
:1039100069466C692D53444B5C76322E342E365CEE
:10392000647269766572735C68616C5C6266305F54
:1039300068616C5F706D752E63005350495F456E12
:103940006452785472616E73616374696F6E20257E
:1039500078200D0A005350495F456E6452785478C0
:103960005472616E73616374696F6E202578200DE7
:103970000A00443A5C5369466C695C5369466C6959
:103980002D53444B5C76322E342E365C647269764D
:103990006572735C68616C5C6266305F68616C5F05
:1039A0007370692E630048414C5F5350495F5472F5
:1039B000616E736D69742025782C646174613D2596
:1039C000782C73697A653D2564200D0A0048414CC6
:1039D0005F5350495F5472616E736D6974526563D1
:1039E000656976652025782C5478646174613D257D
:1039F000782C205278646174613D25782C205369BD
:103A00007A653D2564200D0A0048414C5F535049BA
:103A10005F526563656976652025782C6461746101
:103A20003D25782C73697A653D2564200D0A004890
:103A3000414C5F5350495F5472616E736D69745F9E
:103A400049542025782C646174613D25782C736974
:103A50007A653D2564200D0A0048414C5F5350496A
:103A60005F5472616E736D697452656365697665E2
:103A70005F49542025782C5478646174613D257821
:103A80002C205278646174613D25782C2053697A2A
:103A9000653D2564200D0A0048414C5F5350495F45
:103AA000526563656976655F49542025782C6461A9
:103AB00074613D25782C73697A653D2564200D0A73
:103AC0000048414C5F5350495F5472616E736D6999
:103AD000745F444D412025782C646174613D2578E4
:103AE0002C73697A653D2564200D0A0048414C5FBE
:103AF0005350495F5472616E736D697452656365AA
:103B00006976655F444D412025782C547864617452
:103B1000613D25782C205278646174613D25782CB4
:103B20002053697A653D2564200D0A0048414C5FA9
:103B30005350495F526563656976655F444D412026
:103B400025782C646174613D25782C73697A653D14
:103B50002564200D0A005350495F436C6F73655410
:103B6000785F495352202578200D0A005350495F51
:103B7000436C6F736552785F495352202578200D4E
:103B80000A005350495F436C6F7365527854785FF5
:103B9000495352202578200D0A00535049256420AE
:103BA0004552522C206D61736B3D25782C20697431
:103BB0003D257820200D0A00535049256420527875
:103BC000206F76657272756E200D0A00535049257C
:103BD0006420547820756E64657272756E200D0ACB
:103BE00000457874206572726F72200D0A00535080
:103BF0004925642C204649464F5F4354524C3D258D
:103C000078200D0A00443A5C5369466C695C53693C
:103C1000466C692D53444B5C76322E342E365C64F0
:103C20007269766572735C68616C5C6266305F684D
:103C3000616C5F74696D2E6300443A5C5369466C35
:103C4000695C5369466C692D53444B5C76322E3463
:103C50002E365C647269766572735C68616C5C6256
:103C600066305F68616C5F756172742E6300443A00
:103C70005C5369466C695C5369466C692D53444BCF
:103C80005C76322E342E365C647269766572735CB3
:103C900068616C5C6266305F7379735F6366672E20
:103CA00063006F66660077616B65757000443A5C0F
:103CB0005369466C695C5369466C692D53444B5C8F
:103CC00076322E342E365C6D6964646C6577617271
:103CD000655C73797374656D5C6266305F636F6D8C
:103CE0006D6F6E2E63005B452F4442475D2000439D
:103CF0007261736820747269676765726564006CCD
:103D000063640052545F454F4B203D3D2065727205
:103D10000048505359530A535953434C4B3A2025AA
:103D20002E32662563487A0A0048434C4B3A2025D8
:103D30002E32662563487A0A0050434C4B313A20B4
:103D4000252E32662563487A0A0050434C4B323A9E
:103D500020252E32662563487A0A000A4C505359B2
:103D6000530A535953434C4B3A20252E3266256350
:103D7000487A0A000A424C455359530A535953434F
:103D80004C4B3A20252E32662563487A0A000A4DAC
:103D9000656D6F72790A004D5049313A20252E32F7
:103DA000662563487A0A004D5049323A20252E3262
:103DB000662563487A0A000A4C43440A42616E64ED
:103DC00077696474683A20252E32662563627073C1
:103DD0000A0025647825642C20616C69676E3A2599
:103DE000640A00726F756E6420747970652C0072BD
:103DF00065637420747970652C00524742353635FE
:103E00000A005247423838380A004F7468657220F9
:103E1000666F726D61740A002D2D2D2D2D2D2D2DA7
:103E200053797374656D20696E666F726D61746924
:103E30006F6E2D2D2D2D2D2D2D2D2D0A0070696EBF
:103E40005F6972715F6864725F6E756D203C204DB2
:103E500041585F50494E5F494E5055545F434E5450
:103E6000006974656D2D3E70696E203D3D202D31D9
:103E7000007062725F70696E5F6972715F68647210
:103E80005F6E756D203E2030005B492F54455354C2
:103E90002E4750494F5D20006770696F5F696E74EF
:103EA0005F746573742025640A004750494F5F4D65
:103EB0004F44455F494E505554004750494F5F4D60
:103EC0004F44455F4F5554505554004750494F5F3C
:103ED0004D4F44455F4F55545055545F4F44004734
:103EE00050494F5F4D4F44455F49545F52495349D4
:103EF0004E47004750494F5F4D4F44455F49545F1F
:103F000046414C4C494E47004750494F5F4D4F4446
:103F1000455F49545F524953494E475F46414C4CB7
:103F2000494E47004750494F5F4D4F44455F495404
:103F30005F484947485F4C4556454C004750494FFC
:103F40005F4D4F44455F49545F4C4F575F4C45565A
:103F5000454C004750494F5F4D4F44455F554E4BD0
:103F60004E4F57004661696C20746F20676574205E
:103F70005042525B25645D206D6F64650050494E70
:103F80002025642C2046554E433D25642C20564167
:103F90004C3D25642C2025732C2025732C20697220
:103FA000716864723D25782C206172673D25780028
:103FB00050494E2025642C2046554E433D25642C07
:103FC0002056414C3D25642C2025732C2025732C34
:103FD000206972716864723D2F2C206172673D2FD9
:103FE0000075736167653A2070696E203C6D6F647F
:103FF000657C726561647C77726974657C6D7578C7
:104000007C7374617475733E2070696E23203C76F6
:10401000616C75653E0020202020202020206578DE
:10402000616D706C653A2020202020202020202007
:104030002020202020202020202020202020202080
:104040002020202020002020202020202020202090
:1040500020202070696E206D6F64652020237069B8
:104060006E203C50494E204D4F44452056414C5502
:1040700045533E20200020202020202020202020EA
:1040800020202070696E2077726974652023706922
:104090006E203120202020202020202000202020E1
:1040A0002020202020202020202070696E20726592
:1040B000616420202370696E202020202020202091
:1040C0002020200020202020202020202020202010
:1040D0002070696E206D75782020202370696E2015
:1040E00030202020202020202020002020202020E0
:1040F000202020202020202070696E20737461749D
:104100007573202370696E2020202020202020201D
:10411000200020202020202020202020202020706F
:10412000696E206D75782020202370696E203F20F5
:10413000202020202020202000202020202020209F
:1041400020202020202070696E20737461747573A4
:1041500020616C6C202020202020202020202000A6
:104160000A2020202050494E204D4F4445205641E2
:104170004C5545533A20202020202020202020206C
:1041800020202020200020202020202020205049F6
:104190004E5F4D4F44455F4F55545055542020209D
:1041A00020202020202030783030202000202020A7
:1041B000202020202050494E5F4D4F44455F494EFE
:1041C00050555420202020202020202020307830DE
:1041D00031202000202020202020202050494E5F28
:1041E0004D4F44455F494E5055545F50554C4C55CA
:1041F0005020202030783032202000202020202025
:1042000020202050494E5F4D4F44455F494E505548
:10421000545F50554C4C444F574E2030783033202B
:104220002000202020202020202050494E5F4D4F8C
:1042300044455F4F55545055545F4F442020202033
:1042400020203078303420200070696E0046696E7E
:1042500064206465766963652070696E20666169B3
:104260006C0A007772697465006D7578003F0055BF
:104270006E6B6E6F7720636D64210076616C75657F
:104280003D25640A00616C6C00496E76616C69645E
:1042900020706172616D657465720A007062725F90
:1042A00070696E203C3D2048414C5F5042525F4D4A
:1042B00041580070696E5F7374617465203E3D20E3
:1042C000300076616C7565203E3D2030006D6F6476
:1042D0006520213D2050494E5F4D4F44455F4F556D
:1042E000545055545F4F440048414C5F4F4B203D64
:1042F0003D207374617475730076616C203E3D20BF
:1043000030007062725F70696E203C20333200743E
:104310007269676765725F70696E5F6E756D203C6C
:10432000204D41585F50494E5F494E5055545F43B0
:104330004E54006770696F00414E415F494E004422
:1043400049475F494F004449475F494F5F50550017
:104350004449475F494F5F5044004449475F4F55C8
:1043600054004449475F4F55545F50550073657280
:1043700069616C20213D2052545F4E554C4C0075B4
:1043800061727420213D2052545F4E554C4C0063A5
:10439000666720213D2052545F4E554C4C005B45D2
:1043A0002F6472762E75736172745D2000706C6577
:1043B00061736520696E7075743A2075617274203E
:1043C0006272205B62617564726174655D200A00CF
:1043D000652E673A20756172742062722033303026
:1043E000303030300A00687561727420213D204EF3
:1043F000554C4C00726573756C74203D3D205254D1
:104400005F454F4B0075617274310074696D657260
:1044100020213D2052545F4E554C4C006172672064
:10442000213D2052545F4E554C4C005B452F647229
:10443000762E687774696D65725D200054494D323F
:10444000207374617274206661696C656400257301
:1044500020696E6974206661696C6564004C505413
:10446000494D207374617274206661696C656400E3
:104470002573207265676973746572206661696C63
:104480006564006C7074696D31006274696D31002F
:104490005B452F6472762E70776D5D20002573204A
:1044A00074696D65206261736520696E6974206648
:1044B00061696C656400257320636C6F636B2069B0
:1044C0006E6974206661696C65640025732070777D
:1044D0006D20696E6974206661696C656400636F44
:1044E0006E66696775726174696F6E2D3E6368618F
:1044F0006E6E656C203E2030002578206368616E0A
:104500006E656C20256420636F6E66696720666146
:10451000696C65640025732065727220646561644E
:104520005F74696D65206265796F6E64207468657B
:104530002072616E676520286D61783A25646E731C
:104540002920746861742063616E20626520736540
:10455000740070776D320070776D33006465766932
:10456000636520213D2052545F4E554C4C006465DC
:10457000766963652D3E62757320213D2052545F3C
:104580004E554C4C006465766963652D3E627573CB
:104590002D3E706172656E742E757365725F646115
:1045A000746120213D2052545F4E554C4C006D6586
:1045B000737361676520213D2052545F4E554C4C0A
:1045C0000052545F454F4B203D3D2072745F657231
:1045D000725F76005B452F6472762E7370695D2082
:1045E00000737069207472616E7366657220657203
:1045F000726F7241203A2025642C20657272636FBD
:1046000064653D2578007370692073656D20746959
:104610006D656F757421004572726F72206F6363F0
:1046200075727265642E00737069207472616E73A6
:10463000666572206572726F7242203A2025642C82
:1046400020657272636F64653D257800636F6E66E6
:10465000696775726174696F6E20213D2052545FE5
:104660004E554C4C006F626A735B695D2E737069C6
:104670005F73656D610073706931005B452F647213
:10468000762E6932635D20006932632073656D2088
:1046900074696D656F75742100627573206572723F
:1046A0003A25642C20786665723A25642F25642C9F
:1046B000206932635F737461743A25782C20693203
:1046C000635F657272636F64653D25780072657320
:1046D000657420616E642073656E64203920636C9C
:1046E0006B730048414C5F4F4B203D3D2072657419
:1046F000006932635F73656D615B695D0069326398
:10470000310069326332006932633400677061647A
:1047100063005B492F6472762E6164635D200047FD
:1047200065742041444320636F6E666967757265E6
:10473000206661696C0A0064657620213D20525430
:104740005F4E554C4C005B492F6472762E72746339
:104750005D2000524331304B20467265713D256427
:104760006B487A2C206379636C653D25642C20723C
:1047700074632070706D3D25640A00444956413DC4
:1047800025642C20444956415F4652413D25642C06
:1047900020444956423D25640A0072746300525415
:1047A0005F454F4B203D3D20726573756C74005022
:1047B00053434C523D307825782044697641493D39
:1047C00025642044697641463D256420423D2564A8
:1047D0000052544320757365204C58542C20627548
:1047E00074204C5854206973206E6F742072656178
:1047F00064790A0052544320757365204C58542044
:104800005254435F43523D253038580A00496E697F
:1048100074205254432C2077616B65203D20256421
:104820000A005B452F6472762E7274635D200072FD
:104830007463207265676973746572206572722093
:10484000636F64653A20256400457874446D615F48
:1048500073656D6120213D204E554C4C006472768D
:104860005F65446D610074785F696E73203C204819
:10487000414C5F4155445052435F52585F4348306A
:104880000073697A65203C3D2068617564707263CD
:104890002D3E627566547853697A650066616C7363
:1048A00065002F64796E2F65715F64656275672E90
:1048B00062696E002F65712E62696E006275696CA7
:1048C00064696E20657120636F6E6669673A0D0AD0
:1048D000006C6F616420657120636F6E6669673A72
:1048E0000D0A00675F6164635F766F6C756D653D8F
:1048F00025640D0A00675F6D757369635F7374618A
:1049000074653D25640D0A00675F766F6963655FB6
:1049100073746174653D25640D0A00675F6D75737E
:1049200069635F6D61785F766F6C3D25640D0A0089
:10493000675F6D757369635F6D61785F766F6C5FDC
:104940006C6576656C3D25640D0A006D7573696351
:10495000206C6576656C2025643D25640D0A006732
:104960005F74656C5F6D61785F766F6C3D25640D7B
:104970000A00675F74656C5F6D61785F766F6C5F6E
:104980006C6576656C3D25640D0A00766F6963651C
:10499000206C6576656C2025643D25640D0A0061F8
:1049A0007564707263005B492F6472762E61756462
:1049B0007072635D20007461626C65202564206DF7
:1049C00065657420726571756573740A005B452FA7
:1049D0006472762E6175647072635D200041554487
:1049E00050524320444143206465737420696E76BD
:1049F000616C69642025640A00415544505243208B
:104A000041444320736F7572636520696E76616CF3
:104A100069642025640A006266305F617564696FAD
:104A20005F73746F7020307825780A006175647048
:104A3000726320636C6F7365206164632F646163CC
:104A40000061756470726320636C6F7365206461CC
:104A500063006266305F617564696F5F73746F7065
:104A6000203078257820646F6E650A006175647067
:104A7000726320636C6F73652061646300617564A9
:104A8000707263206368616E6E656C5F7265663D0F
:104A90002564006664203E3D203000726574203D30
:104AA0003D2073697A656F6628657162696E5F691A
:104AB0006E666F5F742900696E7075742070617224
:104AC00061206E756D202564203C203300675F6D8A
:104AD000757369635F73746174653D256400675F16
:104AE000766F6963655F73746174653D2564006109
:104AF0007267765B325D206C656E206572726F72D4
:104B000000617267765B325D202564206E6F7420D1
:104B1000696E20302D390076616C75653A307825E4
:104B20003038782C3078253038782C30782530386B
:104B3000782C3078253038782C307825303878004B
:104B4000617072635F64656275675F766F6C5F77D3
:104B5000207375636365737300617072635F64656E
:104B60006275675F766F6C2025640A006D757369E6
:104B70006320766F6C756D655B25645D3D25640013
:104B8000617072635F64656275675F766572736991
:104B90006F6E2025730A00617072635F7277206602
:104BA00061696C00617072635F7277207375636313
:104BB00065737300696E6974203030204144435F2F
:104BC000504154485F4346473020307825780A00EA
:104BD00048414C5F4155445052435F496E697420CF
:104BE0007265732025640A006765745F6D69635F91
:104BF000766F6C756D65203D20666163746F7279A8
:104C0000202D340D0A006765745F6D69635F766FF0
:104C10006C756D65203D20256464620D0A00686135
:104C200075647072632D3E6275665B48414C5F41EE
:104C300055445052435F52585F4348305D006861AD
:104C400075647072632D3E6275665B48414C5F41CE
:104C500055445052435F54585F4348305D006D697E
:104C600063206761696E3D256464620D0A006D69A9
:104C700063206761696E207265673D307825303842
:104C8000780D0A00736574206D6963206761696E31
:104C900020746F20256464620D0A004144435F5014
:104CA0004154485F434647303D307825780D0A002F
:104CB00070757473697A65203D3D20310073616DB4
:104CC000706C6572617465203D2025642C207365CD
:104CD0006C656374206D757369632065710A007378
:104CE000616D706C6572617465203D2025642C20B7
:104CF00073656C65637420766F6963652065710AFE
:104D00000073616D706C65726174653A256420751D
:104D10006E737570706F72742065710A002D2D2D81
:104D20002D2D747820646D612073697A65203D2093
:104D3000256400706C6C206C6F636B206661696C1D
:104D4000210A00706C6C206C6F636B210A00636138
:104D50006C6C207061722043464731282578290DFC
:104D60000A0066632025642C207874616C20256419
:104D70002C20706C6C2025640D0A00617564636FD3
:104D8000646563005B492F6472762E617564636F9E
:104D90006465635D20006461632073657420766FD1
:104DA0006C756D653A207072633D256420636F6495
:104DB00065633D25640A00636F6465632064616315
:104DC000206D757465207365743A25640A006175F9
:104DD00064636F64656320636C6F736520646163F3
:104DE00000617564636F646563206368616E6E65FE
:104DF0006C5F7265663D256400617564636F646510
:104E00006320636C6F7365206164630048414C5F8D
:104E1000415544434F4445435F496E697420726570
:104E2000732025640A0073657420766F6C756D6558
:104E30003D25640A0074785F696E73203C20484108
:104E40004C5F415544434F4445435F4144435F43B6
:104E5000483000287364696E203E3D2030292026AA
:104E60002620287364696E203C3D203078464646F3
:104E700046462900667265712064656C74613D2543
:104E8000640A00706C6C206C6F636B206661696CE7
:104E90002120667265715F747970653A25640A0035
:104EA000706C6C206C6F636B2120667265715F742F
:104EB0007970653A25640A00656E61626C652070E0
:104EC0006C6C200A006E657720504C4C5F454E415B
:104ED000424C452076636F3A25642C2066726571DA
:104EE0005F747970653A25640A006164635F636684
:104EF000672D3E73616D706C6572617465203D3D18
:104F0000206461635F6366672D3E73616D706C65DD
:104F10007261746500706C6C20636F6E66696720E7
:104F200073746174653A25642C2073616D706C65CF
:104F3000726174653A2564200A00616E676C653D94
:104F400025642C7363616C655F78793D25642C253D
:104F5000642C207069766F745F78793D25642C2508
:104F6000642C206D6972726F725F68763D25642CC7
:104F700025640065706963005B492F4442475D20EA
:104F8000006472765F657069635F636667205B4F7C
:104F90005054494F4E5D205B56414C55455D0020B5
:104FA000205B4F5054494F4E5D3A006165735F730B
:104FB000656D6120213D204E554C4C006165735F4D
:104FC00064727600636C6B5F73657474696E6700FE
:104FD00048414C20617373657274696F6E2066611D
:104FE000696C656420696E2066696C653A25732C6E
:104FF000206C696E65206E756D6265723A2564205D
:105000000A00443A5C5369466C695C5369466C69B2
:105010002D53444B5C76322E342E365C72746F7393
:105020005C72747468726561645C6273705C7369ED
:10503000666C695C647269766572735C6472765FD3
:10504000636F6D6D6F6E2E630053657269616C3AAC
:1050500025782C436869703A25782C5061636B6120
:1050600067653A25782C5265763A25782020526576
:1050700061736F6E3A253038780D0A005B452F64F6
:1050800072765D200055736167653A207265676FBF
:10509000702072656164203C616464726573733E64
:1050A000203C6C656E20696E20776F726428333205
:1050B0002D626974293E0A0055736167653A207252
:1050C00065676F70207772697465203C61646472F3
:1050D0006573733E203C6461746120696E2062696F
:1050E000672D656E6469616E3E0A00557361676580
:1050F0003A207265676F70207772697465346C202E
:105100003C616464726573733E203C646174612029
:10511000696E206C6974746C652D656E6469616E6E
:105120002C206D617820342062797465733E0A000A
:105130006170705F73657474696E675F646C7670BC
:105140005F7365745F6A6C696E6B5F756172745FC3
:1051500073776974636828504131383D25782C5045
:105160004131393D257829200D0A00537769746350
:105170006820746F204A6C696E6B200D0A0073659D
:10518000676765720053776974636820746F2044A1
:1051900042472055415254200D0A004C6F636B6505
:1051A00064210D0A00253038582000777269746533
:1051B000346C006465627567005369666C690075DC
:1051C0006E6C6F636B00556E6C6F636B210D0A0024
:1051D0007365745F70777200626C656272006564FB
:1051E00072007365742074787077722025642C20A7
:1051F000737461742025640D0A0048656C6C6F201F
:10520000776F726C64210A006F6C656431006D61A8
:10521000696E0074696420213D2052545F4E554CE4
:105220004C0072745F6F626A6563745F6765745F78
:105230007479706528266465762D3E706172656E9E
:105240007429203D3D2052545F4F626A6563745F4C
:10525000436C6173735F4465766963650072745F64
:105260006F626A6563745F69735F73797374656D88
:105270006F626A65637428266465762D3E7061727C
:10528000656E742900696E666F726D6174696F6E08
:1052900020213D2052545F4E554C4C00546F2069E4
:1052A0006E697469616C697A6520646576696365A5
:1052B0003A2573206661696C65642E205468652008
:1052C0006572726F7220636F646520697320256454
:1052D0000A006465762D3E7265665F636F756E7455
:1052E00020213D20300046756E6374696F6E5B252A
:1052F000735D207368616C6C206E6F742062652032
:105300007573656420696E204953520A007469649C
:105310006C650073656D20213D2052545F4E554CE5
:105320004C0076616C7565203C203078313030302F
:1053300030550072745F6F626A6563745F6765748D
:105340005F74797065282673656D2D3E7061726596
:105350006E742E706172656E7429203D3D2052542A
:105360005F4F626A6563745F436C6173735F53651B
:105370006D6170686F72650072745F6F626A6563F9
:10538000745F69735F73797374656D6F626A656367
:1053900074282673656D2D3E706172656E742E7073
:1053A0006172656E74290046756E6374696F6E5B19
:1053B00025735D207368616C6C206E6F742062656C
:1053C0002075736564206265666F7265207363681B
:1053D0006564756C65722073746172740A00467539
:1053E0006E6374696F6E5B25735D207368616C6CAE
:1053F000206E6F74206265207573656420696E206D
:10540000437269746963616C0A0046756E637469FE
:105410006F6E5B25735D207368616C6C206E6F74BA
:105420002062652075736564207768696C65206902
:105430006E7465727275707420697320646973612B
:10544000626C65640A006D7574657820213D205298
:10545000545F4E554C4C0072745F6F626A656374A2
:105460005F6765745F7479706528266D75746578FB
:105470002D3E706172656E742E706172656E742956
:10548000203D3D2052545F4F626A6563745F436CF8
:105490006173735F4D757465780072745F6F626AD3
:1054A0006563745F69735F73797374656D6F626A46
:1054B00065637428266D757465782D3E706172651C
:1054C0006E742E706172656E74290072745F696EFD
:1054D000746572727570745F6E657374203E2030EF
:1054E00000284E554C4C29000A205C207C202F0AB5
:1054F000002D205369466C6920436F72706F726192
:1055000074696F6E0A004A756C203139203230326E
:105510003600202F207C205C20202020206275690E
:105520006C64206F6E2025732C2025642E25642E3C
:105530002564206275696C642025730A0030303060
:105540003030303030002032303230202D203230B8
:10555000323220436F7079726967687420627920F3
:105560005369466C69207465616D0A005468726500
:10557000616420496E666F20202020202020200AB0
:10558000004D61696C626F7820496E666F20202043
:10559000202020200A004D65737361676551756591
:1055A000756520496E666F20200A004D7574657818
:1055B00020496E666F2020202020202020200A0015
:1055C00053656D6170686F726520496E666F20204B
:1055D0002020200A004D656D6F727920496E666F3C
:1055E00020202020200A00417373657274696F6E59
:1055F000206661696C65642061742066756E6374F1
:10560000696F6E3A25732C206C696E65206E756D1E
:105610006265723A2564202C282573290A0050728D
:105620006576696F75732049535220656E61626CAF
:10563000652025780A00746F74616C206D656D6F4C
:1056400072793A202564200075736564206D656D5C
:105650006F7279203A20256420006D6178696D753C
:105660006D20616C6C6F6361746564206D656D6F36
:1056700072793A2025640A002872745F75696E7425
:10568000385F74202A296D656D203E3D2068656174
:10569000705F707472002872745F75696E74385F21
:1056A00074202A296D656D203C202872745F75690D
:1056B0006E74385F74202A29686561705F656E6456
:1056C000006D656D2D3E75736564203D3D20300095
:1056D00068656170006D656D20696E69742C206568
:1056E00072726F7220626567696E206164647265B0
:1056F000737320307825782C20616E6420656E6489
:10570000206164647265737320307825780A0028FC
:1057100072745F75696E7433325F74296D656D20C4
:105720002B2053495A454F465F5354525543545FBB
:105730004D454D202B2073697A65203C3D20287211
:10574000745F75696E7433325F7429686561705F68
:10575000656E64002872745F75696E7433325F74AD
:1057600029282872745F75696E74385F74202A293D
:105770006D656D202B2053495A454F465F53545257
:105780005543545F4D454D2920252052545F414CCF
:1057900049474E5F53495A45203D3D203000282857
:1057A0002872745F75696E7433325F74296D656D2C
:1057B000292026202852545F414C49474E5F5349C7
:1057C0005A45202D20312929203D3D203000282810
:1057D0002872745F75696E7433325F7429726D65F7
:1057E0006D292026202852545F414C49474E5F5373
:1057F000495A45202D20312929203D3D20300028BF
:1058000072745F75696E74385F74202A29726D65D1
:105810006D203E3D202872745F75696E74385F7428
:10582000202A29686561705F7074722026262028FE
:1058300072745F75696E74385F74202A29726D65A1
:105840006D203C202872745F75696E74385F742017
:105850002A29686561705F656E6400746F206672E6
:105860006565206120626164206461746120626CFE
:105870006F636B3A0A006D656D3A203078253038D9
:10588000782C207573656420666C61673A20256406
:105890002C206D6167696320636F64653A203078FE
:1058A000253034780A006D656D2D3E757365640092
:1058B0006D656D2D3E6D61676963203D3D204845F6
:1058C00041505F4D4147494300484541505F4D417C
:1058D000474943203D3D2028287374727563742026
:1058E000686561705F6D656D202A29266865617045
:1058F0005F7074725B6D656D2D3E6E6578745D29A9
:105900002D3E6D61676963006F626A20213D206FE3
:10591000626A656374006F626A65637420213D206A
:1059200052545F4E554C4C0021286F626A65637477
:105930002D3E7479706520262052545F4F626A654F
:1059400063745F436C6173735F537461746963293B
:105950000074687265616420213D2052545F4E5589
:105960004C4C007468726561643A257320737461ED
:10597000636B206F766572666C6F770A0077617271
:105980006E696E673A20257320737461636B2069BA
:105990007320636C6F736520746F20746865206278
:1059A0006F74746F6D206F6620737461636B206118
:1059B0006464726573732E0A00287468726561648A
:1059C0002D3E7374617420262052545F5448524512
:1059D00041445F535441545F4D41534B29203D3D59
:1059E0002052545F5448524541445F5355535045EB
:1059F0004E440072745F6F626A6563745F676574BA
:105A00005F74797065282872745F6F626A65637469
:105A10005F742974687265616429203D3D20525489
:105A20005F4F626A6563745F436C6173735F546850
:105A3000726561640072745F6F626A6563745F6946
:105A4000735F73797374656D6F626A656374282818
:105A500072745F6F626A6563745F742974687265DB
:105A6000616429203D3D2052545F46414C5345001E
:105A700074687265616420213D202669646C65004C
:105A8000287468726561642D3E73746174202620E9
:105A900052545F5448524541445F535441545F4D02
:105AA00041534B29203D3D2052545F5448524541BB
:105AB000445F494E4954007072696F72697479206D
:105AC0003C2052545F5448524541445F5052494F24
:105AD000524954595F4D415800737461636B5F7351
:105AE0007461727420213D2052545F4E554C4C001D
:105AF00072745F6F626A6563745F6765745F7479FF
:105B00007065282674696D65722D3E706172656ED0
:105B10007429203D3D2052545F4F626A6563745F73
:105B2000436C6173735F54696D65720072745F6F6B
:105B3000626A6563745F69735F73797374656D6FAF
:105B4000626A656374282674696D65722D3E7061A2
:105B500072656E74290074696D65722D3E696E6997
:105B6000745F7469636B203C2052545F5449434B0B
:105B70005F4D4158202F20320074696D6572006DB1
:105B8000656D206D616E616765206661756C743A44
:105B90000A005343425F434653525F4D4653523AC5
:105BA00030782530325820004941434356494F4C04
:105BB00020004441434356494F4C20004D554E531D
:105BC000544B45525220004D53544B4552522000E5
:105BD0005343422D3E4D4D41523A253038580A002C
:105BE0002073703A203078253038780A007073724C
:105BF0003A203078253038780A007230303A203038
:105C000078253038780A007230313A2030782530E3
:105C100038780A007230323A203078253038780AE5
:105C2000007230333A203078253038780A007230EC
:105C3000343A203078253038780A007230353A20EE
:105C40003078253038780A007230363A203078259E
:105C50003038780A007230373A203078253038787A
:105C60000A007230383A203078253038780A0072CD
:105C700030393A203078253038780A007231303A9D
:105C8000203078253038780A007231313A20307867
:105C9000253038780A007231323A20307825303891
:105CA000780A00206C723A203078253038780A0063
:105CB0002070633A203078253038780A00686172A5
:105CC00064206661756C74206F6E20746872656103
:105CD000643A2025730D0A0D0A006861726420661B
:105CE00061756C74206F6E2068616E646C65720DF6
:105CF0000A0D0A003D3D3D3D3D3D3D3D3D3D3D3DA7
:105D00003D3D3D3D3D3D3D3D3D0A005053503A2017
:105D1000307825702C204D53503A20307825700A69
:105D20000046505520616374697665210D0A00664E
:105D300061696C656420766563746F722066657452
:105D400063680A00627573206661756C743A0A00B4
:105D50005343425F434653525F424653523A307870
:105D600025303258200049425553455252200049AF
:105D70004D50524543495345525220005343422D02
:105D80003E424641523A253038580A0075736167E1
:105D900065206661756C743A0A005343425F43465E
:105DA00053525F554653523A3078253032582000CE
:105DB000554E444546494E5354522000494E565381
:105DC000544154452000494E56504320004E4F4305
:105DD00050200053544B4F462000554E414C4947EC
:105DE0004E4544200044495642595A45524F2000DE
:105DF0006465627567206576656E740A0066617415
:105E0000616C206572726F72206F6E2074687265AB
:105E100061643A2025730A00666174616C206572C2
:105E2000726F72206F6E204953520A0066642074AC
:105E300079706520202020726566206D6167696336
:105E40002020706174680A002D2D202D2D2D2D2D00
:105E50002D20202D2D2D202D2D2D2D2D202D2D2DA6
:105E60002D2D2D0A00253264200064697200252D35
:105E7000372E3773200066696C6500736F636B653E
:105E800074007573657200756E6B6E6F776E0025AA
:105E90002D382E3873200025303478202000646699
:105EA0007320616C726561647920696E69742E0A71
:105EB0000066736C6F636B006465766673002F64B5
:105EC0006576006D6F756E74202F6465762073752E
:105ED000636573730A006D6F756E74202F64657649
:105EE000206661696C005B452F4446535D20004489
:105EF0004653206664206E65772069732066616969
:105F00006C65642120436F756C64206E6F7420662D
:105F10006F756E6420616E20656D707479206664A3
:105F200020656E7472792E00666420213D204E55E6
:105F30004C4C0066696C656E616D6520213D204E9C
:105F4000554C4C0025732F2573004F70656E20252E
:105F500073206661696C65640A0044656C657465EC
:105F6000202573206661696C65640A006F75742072
:105F70006F66206D656D6F72790A005265616420ED
:105F80002573206661696C65640A005772697465DF
:105F9000202573206661696C65640A005772697414
:105FA000652066696C652064617461206661696C56
:105FB00065642C206572726E6F3D25640A00636112
:105FC0006E27742066696E64206D6F756E746564EB
:105FD0002066696C6573797374656D206F6E2074CB
:105FE00068697320706174683A257300746865206D
:105FF00066696C6573797374656D206469646E2776
:106000007420696D706C656D656E74207468697359
:106010002066756E6374696F6E004469726563749F
:106020006F72792025733A0A00252D323073003CB7
:106030004449523E00252D3235730A00252D323554
:106040006C750A004241442066696C653A202573EC
:106050000A004E6F2073756368206469726563740B
:106060006F72790A006F70656E2025732066616912
:106070006C65640A002E2E006F7574206F66206DAB
:10608000656D6F7279210A006F70656E2066696CAC
:10609000653A202573206661696C65640A00636F48
:1060A0007079206661696C65642C206261642025CA
:1060B000730A006370206661696C642C2063702031
:1060C00064697220746F2066696C65206973206E44
:1060D0006F74207065726D6974746564210A005470
:1060E00068657265206973206E6F207370616365E7
:1060F00020746F20726567697374657220746869B3
:10610000732066696C652073797374656D2028252A
:1061100073292E0070617468005468657265206987
:1061200073206E6F20737061636520746F206D6FD4
:10613000756E7420746869732066696C6520737964
:106140007374656D20282573292E00446576696374
:1061500065202825732920776173206E6F7420666F
:106160006F756E640046696C652073797374656D34
:10617000202825732920776173206E6F7420666F45
:10618000756E642E005468652066696C65207379AD
:106190007374656D2028257329206D6B66732066E6
:1061A000756E6374696F6E20776173206E6F7420F3
:1061B000696D706C656D656E74006466735F737491
:1061C00061746673206661696C65642E0A00646997
:1061D000736B20667265653A2025642E2564202540
:1061E00073205B20256420626C6F636B2C20256418
:1061F0002062797465732070657220626C6F636BC6
:10620000205D0A004B42004D420047420066696C27
:106210006520213D2052545F4E554C4C00646576FC
:106220005F696420213D2052545F4E554C4C0072F2
:106230006F6F745F646972656E7420213D205254E3
:106240005F4E554C4C006D7368200066696E736834
:1062500020001B5B324B0D002573257300736865AE
:106260006C6C20213D2052545F4E554C4C006E6F9B
:10627000206D656D6F727920666F72207368656C32
:106280006C0A00747368656C6C007368727800093E
:10629000272563272C2025642C203078253038785A
:1062A0000A000925642C203078253038780A00252A
:1062B0006300082573202008000820080048656C4A
:1062C0006C6F2052542D546872656164210A002D50
:1062D0002D46756E6374696F6E204C6973743A0A4B
:1062E000005F5F00252D313673202D2D2025730A88
:1062F000005B6C5D2025730A002D2D56617269616B
:10630000626C65204C6973743A0A00556E6B6E6F4F
:10631000776E0064657669636500252D2A2E7320EB
:10632000202020202020202074797065202020202B
:10633000202020202072656620636F756E740A002D
:10634000202D2D2D2D2D2D2D2D2D2D2D2D2D2D2D8A
:106350002D2D2D2D2D202D2D2D2D2D2D2D2D2D2D7A
:106360000A00252D2A2E2A7320252D323073202550
:106370002D38640A00252D2A2E732020706572693D
:106380006F64696320202074696D656F75742020C7
:106390002020202020666C61670A00202D2D2D2DE5
:1063A0002D2D2D2D2D2D202D2D2D2D2D2D2D2D2D2A
:1063B0002D202D2D2D2D2D2D2D2D2D2D2D0A002572
:1063C0002D2A2E2A732030782530387820307825F1
:1063D000303878200064656163746976617465643F
:1063E0000A0063757272656E74207469636B3A306B
:1063F00078253038780A006D656D706F6F6C0025F8
:106400002D2A2E7320626C6F636B20746F74616C25
:1064100020667265652073757370656E642074689C
:10642000726561640A00202D2D2D2D20202D2D2D2B
:106430002D20202D2D2D2D202D2D2D2D2D2D2D2DB3
:106440002D2D2D2D2D2D0A00252D2A2E2A732025A8
:1064500030346420202530346420202530346420FA
:1064600025643A00252D2A2E2A73202530346420F5
:1064700020253034642020253034642025640A002F
:106480006D7367717565756500252D2A2E732065FE
:106490006E7472792073757370656E64207468729F
:1064A0006561640A00202D2D2D2D20202D2D2D2DF0
:1064B0002D2D2D2D2D2D2D2D2D2D0A00252D2A2E66
:1064C0002A732025303464202025643A00252D2AA3
:1064D0002E2A732025303464202025640A006D6143
:1064E000696C626F7800252D2A2E7320656E747298
:1064F000792073697A652073757370656E64207492
:1065000068726561640A00252D2A2E2A73202530C1
:1065100034642020253034642025643A00252D2A57
:106520002E2A732025303464202025303464202521
:10653000640A006D7574657800252D2A2E7320205D
:10654000206F776E65722020686F6C64207375739E
:1065500070656E64207468726561640A00202D2D78
:106560002D2D2D2D2D2D202D2D2D2D202D2D2D2D75
:106570002D2D2D2D2D2D2D2D2D2D0A00252D2A2EA5
:106580002A7320252D382E2A7320253034642025A7
:10659000640A006576656E7400252D2A2E7320200E
:1065A000202020207365742020202073757370656F
:1065B0006E64207468726561640A0020202D2D2DA0
:1065C0002D2D2D2D2D2D2D202D2D2D2D2D2D2D2D08
:1065D0002D2D2D2D2D2D0A00252D2A2E2A7320201C
:1065E00030782530387820253033643A00252D2A3C
:1065F0002E2A73202030782530387820300A007316
:10660000656D6170686F726500252D2A2E73207686
:1066100020202073757370656E64207468726561E4
:10662000640A00202D2D2D202D2D2D2D2D2D2D2DCD
:106630002D2D2D2D2D2D0A00252D2A2E2A732025B6
:106640003033642025643A00252D2A2E2A73202514
:106650003033642025640A00746872656164002523
:106660002D2A2E73207072692020737461747573E3
:106670002020202020207370202020202020746FD4
:10668000702020202020737461636B2073697A6509
:10669000206D61782075736564206C656674207464
:1066A00069636B20206572726F720A00202D2D2D98
:1066B00020202D2D2D2D2D2D2D202D2D2D2D2D2D31
:1066C0002D2D2D2D202D2D2D2D2D2D2D2D2D2D2014
:1066D0002D2D2D2D2D2D2D2D2D2D20202D2D2D2D04
:1066E0002D2D20202D2D2D2D2D2D2D2D2D2D202D01
:1066F0002D2D0A00252D2A2E2A73202533642000F3
:106700002072656164792020002073757370656E56
:10671000640020696E69742020200020636C6F7310
:1067200065202000203078253038782030782530DA
:1067300038782030782530387820202020253032D5
:1067400064252520202030782530387820253033E6
:10675000640A002D2D66756E6374696F6E3A0A00C7
:106760002D2D7661726961626C653A0A005B765D17
:106770002025730A00436861726163746572204466
:10678000657669636500426C6F636B20446576696A
:106790006365004E6574776F726B20496E74657225
:1067A00066616365004D5444204465766963650005
:1067B00043414E204465766963650052544300535B
:1067C0006F756E6420446576696365004772617019
:1067D00068696320446576696365004932432042F5
:1067E00075730055534220536C617665204465767D
:1067F0006963650055534220486F73742042757376
:106800000053504920427573005350492044657627
:10681000696365005344494F2042757300504D2011
:1068200050736575646F20446576696365005069CF
:10683000706500506F7274616C20446576696365A1
:106840000054696D657220446576696365004D6921
:106850007363656C6C616E656F75732044657669F2
:1068600063650053656E736F722044657669636576
:10687000004D61696C626F782044657669636500DC
:1068800052542D546872656164207368656C6C2085
:10689000636F6D6D616E64733A0A005F5F636D6470
:1068A0005F00252D313673202D2025730A00546F8B
:1068B0006F206D616E7920617267732021205765AA
:1068C000206F6E6C79205573653A0A00257320009D
:1068D00025733A20636F6D6D616E64206E6F742056
:1068E000666F756E642E0A0055736167653A206D98
:1068F0007620534F5552434520444553540A005285
:10690000656E616D6520534F5552434520746F206D
:10691000444553542C206F72206D6F766520534F81
:106920005552434528732920746F204449524543EA
:10693000544F52592E0A002573203D3E2025730ADC
:1069400000656C6D002D740055736167653A206DAC
:106950006B6673205B2D7420747970655D206465AF
:10696000766963650A006D6B6673206661696C65A4
:10697000642C20726573756C743D25640A00557330
:106980006167653A206D6F756E746673205B2D7458
:1069900020747970655D206465766963652064693B
:1069A000720A006D6F756E746673206661696C653E
:1069B000642C20726573756C743D25640A005573F0
:1069C0006167653A20637020534F55524345204418
:1069D0004553540A00436F707920534F5552434535
:1069E00020746F20444553542E0A00557361676527
:1069F0003A20726D2046494C452E2E2E0A005265D3
:106A00006D6F76652028756E6C696E6B29207468D1
:106A1000652046494C452873292E0A005573616745
:106A2000653A20636174205B46494C455D2E2E2EED
:106A30000A00436F6E636174656E61746520464938
:106A40004C452873290A004E6F20737563682064D3
:106A500069726563746F72793A2025730A00557301
:106A60006167653A206D6B646972205B4F505449D1
:106A70004F4E5D204449524543544F52590A0043FA
:106A800072656174652074686520444952454354B9
:106A90004F52592C206966207468657920646F20F4
:106AA0006E6F7420616C72656164792065786973BA
:106AB000742E0A002D2D68656C70002D68006466C8
:106AC000205B706174685D0A006F70656E20666996
:106AD0006C653A2573206661696C6564210A00550E
:106AE000736167653A206563686F20227374726909
:106AF0006E6722205B66696C656E616D655D0A007C
:106B00002E7368002E5348002F62696E2F252E2A9F
:106B100073004E6F206572726F7200496E76616C01
:106B2000696420746F6B656E0045787065637420CE
:106B300061207479706500556E6B6E6F776E20748E
:106B4000797065005661726961626C65206578696B
:106B50007374004578706563742061206F7065728E
:106B600061746572004D656D6F72792066756C6C2D
:106B700000556E6B6E6F776E206F70657261746F0B
:106B80007200556E6B6E6F776E206E6F6465004598
:106B900078706563742061206368617261637465F5
:106BA0007200556E65787065637420656E6400557B
:106BB0006E6B6E6F776E20746F6B656E00466C6FD8
:106BC0006174206E6F7420737570706F7274656479
:106BD00000556E6B6E6F776E2073796D626F6C000F
:106BE0004E756C6C206E6F646500766F696400632F
:106BF0006861720073686F727400696E74006C6F04
:106C00006E6700756E7369676E6564006E756C6C97
:106C100000504154483D2F62696E00484F4D453D3C
:106C20002F686F6D6500722B007762007262002F13
:106C30006465762F2573007468726561643A252D4A
:106C4000382E2A732061626F7274210A0043616ECC
:106C500063656C20004C6162656C00424D502057AA
:106C60002D2D2D2D2D2D303132333435362D2D2D2A
:106C70002D00E995BFE6A087E9A29831323334357B
:106C80003738392D2D2D2D2D2D61626364656600F9
:106C9000202056616C756520506F70202057696EFA
:106CA000646F77002020426F6F6C20506F7020203F
:106CB00057696E646F770054455354204D455353C4
:106CC0004147452031323300546578742050616764
:106CD0006500436F6D70757465720046696C650080
:106CE0004D435500E997AAE794B500506963747560
:106CF00072650053657474696E6700E9A1B5E99D1A
:106D0000A2E4B880032F3000E6B688E681AFE5BC88
:106D1000B9E7AA9700E5B883E5B094E5BCB9E7AA5E
:106D200097032F3200E580BCE5BCB9E7AA97032F93
:106D30003200E69687E69CACE58897E8A1A8E5BC1A
:106D4000B9E7AA97032F3200E59BBEE5BDA2E9A1F2
:106D5000B5E99DA200E995BFE69687E69CACE6B54D
:106D60008BE8AF956368616E672077656E2062651A
:106D70006E206365207368692031323334350077C3
:106D8000656E2062656E2000E69687E69CACE4B8EE
:106D90008000E69687E69CACE4BA8C00E995BFE6F5
:106DA0009687E69CACE6BC94E7A4BA2D2D2D2D6306
:106DB00068616E672077656E2062656E2079616E0E
:106DC000207368692000617564696F20213D20523D
:106DD000545F4E554C4C005F72656370697065007E
:106DE0002872745F7374726C656E28617564696F64
:106DF0002D3E6465765F6E616D6529202B2072746F
:106E00005F7374726C656E28225F7265637069705F
:106E100065222929203C2033320070646D006932DC
:106E200073007069706520213D2052545F4E554CAF
:106E30004C0073697A65203C3D2052545F55494EA1
:106E40005431365F4D4158002D2D617564696F20B6
:106E5000706970652066756C6C0A006275660074F6
:106E6000696D65722D3E6F707320213D2052545F15
:106E70004E554C4C0074696D65722D3E696E666F9F
:106E800020213D2052545F4E554C4C006932635FC7
:106E90006275735F6C6F636B006275666665722006
:106EA000213D2052545F4E554C4C005F68775F7017
:106EB000696E2E6F707320213D2052545F4E554CE9
:106EC0004C0070696E20213D2052545F4E554C4C51
:106ED0000070696E203C2052545F50494E5F4E4F07
:106EE0004E45006D6F6465203C2030786666006614
:106EF00061696C7572650070726F62650070726FA7
:106F00006265202573202573200A00616463207068
:106F1000726F6265203C6164635F6E616D653E20E7
:106F200020202D2070726F62652061646320627979
:106F3000206E616D650A00506C6561736520757324
:106F4000696E6720276164632070726F6265203C00
:106F50006164635F6E616D653E272066697273745C
:106F60000A00656E61626C65002573206368616E5E
:106F70006E656C20256420656E61626C65732025EA
:106F800073200A0061646320656E61626C65203C59
:106F90006368616E6E656C3E2020202D20656E61F9
:106FA000626C6520616463206368616E6E656C0A63
:106FB000002573206368616E6E656C202564202057
:106FC000726561642076616C756520697320307824
:106FD00025303858200A006164632072656164209E
:106FE0003C6368616E6E656C3E20202020202D2061
:106FF00072656164206164632076616C7565206FE1
:107000006E20746865206368616E6E656C0A00644A
:10701000697361626C65002573206368616E6E65DB
:107020006C2025642064697361626C65202573207F
:107030000A006164632064697361626C65203C636B
:1070400068616E6E656C3E20202D206469736162FC
:107050006C6520616463206368616E6E656C0A0014
:10706000556E6B6E6F776E20636F6D6D616E642E03
:1070700020506C6561736520656E746572202761B0
:1070800064632720666F722068656C700A00557310
:107090006167653A200A0079656172206973206F23
:1070A0007574206F662072616E6765205B313937B9
:1070B000302D323039395D0A006D6F6E7468206989
:1070C00073206F7574206F662072616E6765205B38
:1070D000312D31325D0A00646179206973206F754A
:1070E00074206F662072616E6765205B312D3331CD
:1070F0005D0A00686F7572206973206F7574206F68
:10710000662072616E6765205B302D32335D0A0048
:107110006D696E757465206973206F7574206F6674
:107120002072616E6765205B302D35395D0A007312
:1071300065636F6E64206973206F7574206F6620BD
:1071400072616E6765205B302D35395D0A00706CA9
:107150006561736520696E7075743A206461746549
:10716000205B79656172206D6F6E7468206461794F
:1071700020686F7572206D696E207365635D206F86
:107180007220646174650A00652E673A2064617438
:1071900065203230313820303120303120323320F8
:1071A0003539203539206F7220646174650A0072A8
:1071B000785F6669666F20213D2052545F4E554CC2
:1071C0004C005B452F554152545D2000666F707333
:1071D000206F70656E3A20756E6B6E6F776E206DE6
:1071E0006F6465202D202564210072785F646D61D5
:1071F00020213D2052545F4E554C4C0074785F6600
:1072000069666F20213D2052545F4E554C4C0074EE
:10721000785F646D6120213D2052545F4E554C4C87
:1072200000747820213D2052545F4E554C4C00286C
:1072300073657269616C20213D2052545F4E554C3C
:107240004C2920262620286461746120213D20528B
:10725000545F4E554C4C290073657269616C2D3E2C
:107260006F70732D3E646D615F7472616E736D69D2
:107270007420213D2052545F4E554C4C006C656E7D
:10728000203C3D2072745F646D615F63616C635F7D
:107290007265637665645F6C656E2873657269619B
:1072A0006C290073657269616C2D3E73657269614A
:1072B0006C5F727820213D204E554C4C00736572F6
:1072C00069616C2D3E73657269616C5F7478202111
:1072D0003D204E554C4C0073657269616C2D3E70BB
:1072E0006172656E742E72785F696E646963617431
:1072F0006520213D2052545F4E554C4C0062757301
:107300002D3E6F776E657220213D2052545F4E55A1
:107310004C4C00636F6D706C6574696F6E20213D1D
:107320002052545F4E554C4C0072745F6C697374FC
:107330005F6973656D707479282628636F6D706C52
:107340006574696F6E2D3E73757370656E646564E8
:107350005F6C697374292900717565756520213D1D
:107360002052545F4E554C4C00646174615F7074E0
:107370007220213D2052545F4E554C4C0073697A67
:107380006520213D2052545F4E554C4C00726220C6
:10739000213D2052545F4E554C4C0073697A652054
:1073A0003E20300073657420616E616C6F672070E1
:1073B00061206D6F6465005F5F636D645F61706124
:1073C0005F7365745F6D6F64650009002000520093
:1073D0000A0074000C000B00AC0018000C008000C8
:1073E0002C000D00C40004000E00C80004000000C2
:1073F0001A0001000100040004000200080004005B
:1074000003000C0004000400100004000500180034
:10741000020006001400040007001B000100080021
:107420001C00040080B501F087FE01F0FFF805485C
:1074300005490160054806490160064806490160A2
:1074400080BD00BF24E44020DD614000E0E4402036
:10745000A5644000E4E44020816F40002DE9FF472F
:1074600004465A48005DA0F11600042804D248F6EC
:107470000F72C0F201021047204648F62962C0F29E
:10748000010210472046012129F478FB05282046F7
:1074900005D000214AF64176C0F2020630474AF68E
:1074A0006B76C0F202063047494D4A4B20680028EF
:1074B00024D029784268511ACA180099881A20F0F5
:1074C0007040B04213D822F070428A4205D1206841
:1074D0000189BDF804208A4209D9204600F40BFA3C
:1074E000014604F10C02104600F40FFADEE70098A2
:1074F000256848F63911C0F20501084748F67F11A2
:10750000C0F2050108470446FFF71CF620B14DF60E
:10751000EB11C0F20101084720022221013019F4C9
:1075200055FA7CBD4FF001034BF233504BF2295218
:10753000062C06D803FA04F313F0620F01D0B01F33
:107540001047004701280AD805F1090000F4F8F9AE
:10755000142804D34EF61172C0F2040210474EF6FE
:107560004572C0F204021047B06881880131818001
:1075700040F2000045F69B21084745F6F111084707
:1075800001F056F845F63D10004745F2555658F8BB
:10759000240015214BF29123C0F20203184745F253
:1075A00055539E4200D10C4A27F48CFC4BF2B92370
:1075B000C0F2020318477CB5044600F0C3FA204627
:1075C0004EF6A552C0F20102104700BF78F44020E9
:1075D00094FA4020010000F0716B4000E0B5FBF729
:1075E000C6F510B14FF08E408CBD042001A96A464B
:1075F00000900120FBF722F600B1FEE701988CBD58
:10760000032804BF07487047182804BF064870477E
:10761000172804BF054870470B2814BF00200448F2
:10762000704700BF5C7F4000D07F4000B47F4000C7
:10763000687F4000E0B5042001A90DF10202ADF819
:1076400002000620FBF7FAF59DF807102B48817021
:1076500059B100F0FDFB4FF4004051F425FF034801
:107660004FF48021C0F8801101608CBD00E100E082
:107670002DE9F041204E05460A290C464FF0010243
:1076800056F8200020F40060C8BF00F5006046F8FE
:1076900025000846002101F0C3FB56F82510174FBE
:1076A0000B2C60F30A2146F82510154905DBB87844
:1076B00018B1086840F00C0008603878884638B97E
:1076C000F878022804D00220F870022001F056FB5E
:1076D00020460121002201F0A3FB06F82500B8781E
:1076E00038B10A2C05DCD8F8000020F00C00C8F8EE
:1076F0000000BDE8F08100BFF0ED4020EC7F4020AD
:10770000EC4008400021006808B10131FBE788B275
:1077100070470000BCB50D464FF68A518B4217D01A
:107720004FF686518B4263D04FF685518B421CD168
:107730004FF4885000214FF68552012311F496FC36
:107740002978032917D82A682E4B43F821201DE0F9
:107750004FF4885000214FF68A52012311F486FC21
:1077600004462878A8B112203EE0294602B0BDE8C0
:10777000B04005F41DB822490A6842F400420A608C
:10778000D1F8002442F40042C1F800240021017025
:107790002CE06878022815D001281AD00028E2D100
:1077A0000620144D0DF107018DF8070012482A46F6
:1077B00003680120984788B1104881880068A98033
:1077C00028600BE0E8880B498880D5F80200086043
:1077D00004E00848017881F055010170054800F186
:1077E000190123F45BFF0020207020460EF466F898
:1077F0000020BCBD80F440209CE94020E9C3050086
:10780000D0040940F37F402041F205120249904222
:1078100018BF002108467047F16240000E4A9423C9
:10782000528800FB0320044A835A23F4006343EA8E
:10783000C1218152704700BF00804020064A942336
:10784000528800FB0320054A835A23F0E00343EAF1
:1078500041118152704700BF0CEE4020168040203D
:1078600080B50A464FF4885000210A2311F4FEFB2C
:107870000C2101710449C0F80610044901600EF49E
:107880001DF8002080BD00BF4C0A4F02000C000212
:10789000F8B5074610461C4616460D4611F4A8FCDE
:1078A000052808D16878A98800F00F000138C0B217
:1078B000FFF73AF505E038462946324623460EF4EE
:1078C000BFFC0020F8BD000080B5C9B20246002010
:1078D000082912D8DFE801F0050A11110E11111163
:1078E00012001046BDE8804000F0F0BD104600F0E8
:1078F0002FF980BD104600F061FB80BD1046FFF7F8
:1079000083FF80BDF8B50746084815460E461C465D
:107910002946026840F21F609047384631462A46A1
:10792000234612F41DF80020F8BD00BF54E44020A7
:1079300010B50C881CB1BDE8104012F4CDB8002081
:1079400010BD00000648C078013800061CBF0320A7
:10795000704728480068C07F043818BF032070476C
:10796000E4EA40201CB504467548332250F8210053
:1079700090F8360062F35F008DF80400C8B201A9E8
:1079800017F440FA204618F449FF2046112111F45B
:1079900059FC1CBD2DE9F843074680209846154642
:1079A0008946082300EB122441F202105822214696
:1079B00011F45CFB06460480284611F419FCB070F3
:1079C00030460DF47BFF284611F412FC042807D141
:1079D0000848006820B1C17F032904BF0221C17794
:1079E000384649462A46434601B0BDE8F04313F401
:1079F000C5BA00BF80E84020B0B5514D140A55F813
:107A000024401CB1BDE8B04013F478BC0020B0BDE8
:107A1000B0B54B4D140A55F824401CB1BDE8B04038
:107A200013F496BC0020B0BDB0B54549100A144609
:107A300051F82050104611F4DBFB19280CD8012115
:107A400001FA00F01049084201D00020B0BD10F04A
:107A5000300F01D00220B0BD012085F8440095F818
:107A60003C00022803D1204618F4CCFAF2E795F83E
:107A70003710204615F4F2FE0028EBD095F83710A9
:107A8000204612F48FFEE0E70100C0032DE9F0412B
:107A90000E462B490746100A9846154651F82040D5
:107AA000104611F4A5FB012809D194F8870101289B
:107AB00005D194F8860110B10020BDE8F081384668
:107AC00031462A464346BDE8F04114F47DBA00BF72
:107AD0002DE9F843074610461C4615460E4611F49C
:107AE00087FBA0F11101052918D301280DD0FAF761
:107AF00087F080460B480830FFF704FE8146404679
:107B0000FAF782F0B9F10A0F08D8384631462A460A
:107B1000234601B0BDE8F04314F496BF0020BDE851
:107B2000F88300BFF4F2402080B50549100A51F8EF
:107B3000200018B11046222112F434FE002080BD2E
:107B400008F4402091F8B10281F839007047000034
:107B5000A0F21D610D290AD8DFE801F007212325D5
:107B60002127212129212121212B1748704740F26B
:107B70000161884204BF1648704740F203618842A1
:107B800004BF1048704740F21761884204BF0C4898
:107B9000704741F20711884204BF07487047002030
:107BA00070470E487047094870470B4870470948AE
:107BB00070470248704700BF6D644000AD664000EA
:107BC000696640007165400005664000ED65400053
:107BD000D5654000E16440000D6540000567400048
:107BE00010B50446FAF70CF0A34951F8241049B136
:107BF00091F89720012A05D191F8AA10B1FA81F1E4
:107C00004C0900E00024F9F7FFF7204610BD00BF43
:107C100010B50446F9F7F4F7974951F8241039B133
:107C200091F8AA1041F00201022905D1002400E0D8
:107C30000C24F9F7E9F707E0F9F7E6F72002082145
:107C40000824013012F4AEFD204610BD2DE9F041AC
:107C500004461F48427A012A09D1807A884218BF17
:107C6000002804D11B484170047049F463FF824826
:107C700050F824601EB13046002152F4FFFA20462D
:107C800000F064FFF9F7BCF7804696F8DD0030B1EC
:107C9000002086F8DD004FF4004051F4E5FB824FF0
:107CA00000261025388D798D081AF1B290FBF5F079
:107CB000884207DD204621F46DFD18B121F49CFDBA
:107CC0000136EFE74046BDE8F041F9F79DB700BF48
:107CD000F37F402003804020B0B55AB3164909789D
:107CE00041B321F457FD28B31448154990F82100F9
:107CF00041EA00106C49098D405A00F0780159485A
:107D00000068026883689A429ABF42680132002282
:107D10004260202902D1C1688A4201D2002401E0D8
:107D200001244160074D2878844203D0204600F0AA
:107D3000A9FE2C70B0BD00BFEE7F402080F4402033
:107D400004804020058040204B4951F8200050B16C
:107D500090F8DD10012906D1002180F8DD104FF4E4
:107D6000004051F481BB7047C8B2434951F820101C
:107D70000020002908BF4FF0FF307047B0B53E49E2
:107D800051F82040BCB3606ED4F8BC100A1A401AF7
:107D900022F0704520F07040B5F1006F88BF454279
:107DA00094F8D610B4F8C400002908BF0121484354
:107DB00000EB400085420BDA94F8DD0001280ED17B
:107DC000002084F8DD004FF4004051F44DFB06E044
:107DD000012084F8DD004FF4004051F465FB012DD3
:107DE00009DBA90AA07E01EBC101C9B20844FF2842
:107DF00028BFFF20A076B0BDF8B51C4615460E463C
:107E00000746F9F7FDF61C4951F82710A1B191F882
:107E100099200C27012A10D191F8971045EA060302
:107E2000069A234300294FF00C0108BF4FF0FF31A1
:107E30001A4308BF0F4600E00C27F9F7E5F6F8B241
:107E4000F8BD00BF80B500F081FE002080BD0000BD
:107E500004486021802200230068C0E90132C1602B
:107E6000704700BFDC7F4020034951F82000002804
:107E700018BF0120704700BFA0E8402070B5A24D98
:107E800000241026288D698D081AE1B290FBF6F0C7
:107E9000884207DD022021F47DFC18B121F4ACFCFE
:107EA0000134EFE770BD00BF0CEE4020234951F8CC
:107EB000200010B1002152F4E1B97047C1F307115D
:107EC0001E4840F2FD1250F82100490190F852007E
:107ED00002EB4000084AC0F347001F2828BF1F20BC
:107EE0005358C3F30423834205D08B5823F4F8532B
:107EF00043EA0020885070471006094070B51446C8
:107F00000E46F9F77DF605460C4850F8260028B1D4
:107F1000002152F4B3F9304621F4B0FD0848094974
:107F20000068C069884204D16078022804BF032039
:107F300060702846F9F768F6002070BD98E8402088
:107F4000F8EA4020A5A55A5A70B514460D460646D3
:107F500000F0DEF808B12A2004E030462946224627
:107F600023F4D2FDC0B270BD70B515460E4604466E
:107F700000F0CEF830B120462A2101222A2526F42D
:107F8000ADF805E0204631462A4624F4E5FD0546D5
:107F9000E8B270BD1CB50446874850F82400438DF4
:107FA000828C018DC08C0090204633F4FFF820466F
:107FB0000021BDE81C4026F45BBB00BFB0F5057F87
:107FC00004BF0448704740F2132188420CBF0248A6
:107FD00000207047496D4000656F400010B50446B1
:107FE000F9F70EF6044951F82440F9F70DF6B4FA02
:107FF00084F0400910BD00BFECF4402010B50446E9
:108000000F48417B012909D1807B904218BF00288D
:1080100004D10C484270047049F48CFDD94850F8E2
:10802000240060B190F8AD10012908D1002180F83A
:10803000AD104FF48030BDE8104051F415BA10BDBA
:10804000F37F402003804020F8B50F460546F9F73E
:10805000D7F50446CB4850F82560D6B1B6F886006F
:1080600020F0100067F30410A6F88600284633F4C9
:1080700043FB67B1284635F42BFD96F89A0030B1E2
:10808000284631460022002700F038F902E0002798
:1080900000E00C272046F9F7B7F53846F8BD00BFD9
:1080A000F8B50F460546F9F7ABF50446B54850F864
:1080B0002560A6B106F12C003946FFF726F4B6F884
:1080C000860040F00800A6F88600284635F400FD3A
:1080D00028463146012200F011F9002500E00C2568
:1080E0002046F9F791F52846F8BD00BF58B106497A
:1080F00090F896009422498800FB02100349425AE6
:1081000042F02002425270470CEE40200280402094
:108110009C4951F8200028B190F84A00002818BF67
:108120000120704700207047F8B50F460546F9F763
:1081300067F50446934850F8256086B1B6F8860086
:10814000B76240F00800A6F88600284635F4C0FC67
:1081500028463146012200F0D1F8002500E00C2528
:108160002046F9F751F52846F8BD00BF2DE9F0414A
:10817000140A0746984615460E46204641F404FC6C
:10818000874951F8241059B10089328882420AD3B4
:10819000092C05D891F8940000F00300032802D1BF
:1081A0000020BDE8F081384631462A464346BDE806
:1081B000F04133F497BE00BFB8F440202DE9F047FA
:1081C0001E46144689460546F9F71AF5DFF8B4A1AC
:1081D00080465AF82570C7B397F84A00F8B90A984C
:1081E000DDE90821A7F848000120A7F84220B200E5
:1081F00087F84A00A000A7F840004FEA8900A7F8D6
:1082000074004801C7E90E20B86EB0EB860F06D99E
:1082100097F89C10022924BF284635F425FB97F8CF
:108220009700002687F8446080B939F4B7FF044608
:108230005AF825000021002652F420F897F89600FD
:108240002146012234F462FD00E00C264046F9F795
:10825000DBF43046BDE8F0874A4951F8200028B1E8
:1082600090F89700023818BF01207047002070472F
:1082700070B50446434850F82450DDB3686DAA6ECB
:108280000B1A401A23F0704620F07040B6F1006FD0
:1082900088BF4642B5F8760006305043864207DD77
:1082A000012085F8AD004FF4803051F4FDF80AE06C
:1082B00095F8AD00012806D1002085F8AD004FF4F7
:1082C000803051F4D1F8204634F4FCF8012E11DB53
:1082D000094AC1B2A87E12F8113098420AD102EBC5
:1082E0004101B20A49785143C9B20844FF2828BF66
:1082F000FF20A87670BD00BFD0ED05002DE9F0414C
:10830000054691F89700D8BBB1F886000E46C00725
:1083100036D096F8B60098B31A48144650F825801F
:1083200039F43CFF96F84A100746F06C012902D157
:1083300096F8441021BBC11B21F07042B16E8A42F5
:108340001ED9B2FBF1F2B6F87E304FF6FF7C1FFA71
:1083500082FE734508BF62449B1A92B2A6F87E3033
:1083600002FB1100002120F07040F064404651F4FF
:1083700085FF284639462246BDE8F04134F4C6BCA4
:10838000BDE8F08114F54020B0B5054D140A55F84C
:1083900024401CB1BDE8B04035F41CBD0020B0BD88
:1083A000B8F44020012804BF0348704718280CBFC8
:1083B00002480020704700BF256B4000456B40001D
:1083C000184951F8200038B1018D29B1B0F8520098
:1083D000814218BFFEF74CB1704700BF2DE9F04154
:1083E00015460E460746F9F70BF4DFF838800446C9
:1083F00058F8271089B191F8570040B1088D18B18D
:10840000FEF736F158F827100D854E8505E0384601
:1084100031462A46012338F42FFA2046BDE8F041C0
:10842000F9F7F2B39CF54020007800B17047074897
:108430000749084A03230A500748026863F30B22DE
:108440000260086840F4004008607047A0F7FFFF32
:10845000D008094000103D205809094010B541F2EC
:108460000100834206D1084641F20101BDE81040F7
:10847000FFF7F6B90A4A00205D280ED032F83040E6
:108480009C4201D00130F7E702EBC000426822B104
:1084900008461946BDE810401047002010BD00BF37
:1084A0003CE50500B0B5084C94F8545035B1E47C77
:1084B000022C03D14C7B0CB18C7B1CB1BDE8B040CD
:1084C00043F442BB0020B0BD50F7402041F20511FB
:1084D000884204BF0448704740F2015188420CBFF3
:1084E00002480020704700BF397040008170400092
:1084F00070B5054640780C46182812D14949200A23
:1085000051F8206096F8360001280AD1204610F470
:108510006FFE322805D096F83C0002281CBF0020D0
:1085200070BD28462146BDE8704044F419BB00BF29
:1085300070B505460C46080A3A4951F820602046B5
:1085400010F456FE1F2815D0252816D196F83600AF
:1085500098B915F8010B102200F0010086F83900D7
:1085600006F5E47029464BF4DCFF204614F416FCB3
:10857000002070BD002086F87A0128462146BDE81B
:10858000704044F4E5BE00BFF8B5054625480E0A24
:108590000C4650F82670084610F42AFEA0F1160189
:1085A000042913D390B12E280BD10F48342106FB98
:1085B0000100407A28B197F8360010B92878C00732
:1085C0000AD1287800F0010087F8390028462146B2
:1085D000BDE8F84047F412BF30461721232201239B
:1085E00016F470FD0020F8BD10F4402070B505466B
:1085F0000C46080A0B4951F82060204610F4F8FD9B
:10860000322809D196F83600012805D106482146BE
:10861000026840F20360904728462146BDE870405A
:1086200048F41EBF08F4402054E440207047000086
:1086300070B51B481B4C016841F00041016094F883
:10864000005101680029FCD41420FAF711F501202B
:1086500000F03EFD4FF08046306840F480203060EE
:108660000520FAF705F5306820F4802030600520F9
:10867000FAF7FEF4012000F0FDFC0B4E94F8020125
:1086800060B1E8B20101725A42F0180222F02002F1
:10869000725252F4C7F994F80051EFE770BD00BF71
:1086A00000000940B8FA40200080402010B5144670
:1086B00010280CD0122813D0292808BF082919D156
:1086C0001846FFF73FF9B0FA80F1490914E0B1F517
:1086D000007F0FD11846FFF7A7FE002001210BE015
:1086E000042907D1D8B2FFF77BFAC0B2B0FA80F004
:1086F000410900E000210020217010BD10B5144692
:10870000072826D00D280BD014280FD020281AD0E7
:10871000312808BF022923D1184600F03FFA1FE094
:1087200010291DD1D8B2FFF74BFE22E0B1F5805FD2
:1087300018D0B1F5807F19D0B1F1004F10D1D8B267
:10874000FFF7B4FB15E008290AD1184600F07CFCBD
:108750000FE0B1F5002F03D11846FFF7C7FC08E082
:10876000002007E0D8B2FFF709FB02E0D8B2FFF71C
:10877000EBFA0120207010BD10B50C460146002018
:108780000729107014D10299B4F5805F0AD0B4F5AE
:10879000804F0ED0B4F1006F12BF0020D8B2FFF7A7
:1087A000C3FC10BDD8B2002918BF0121FFF74CFC53
:1087B00010BDD8B2FFF774FC10BD10B512281446D6
:1087C0004FF0000208BFB1F5800F05D10299D8B271
:1087D000C9B2FFF73BFA0122227010BD10B5144652
:1087E00000221428227008BFB1F5803F06D1DDE9D0
:1087F0000212D8B2C9B2FFF725FB01220020227075
:1088000010BD000070B50D4600211446C61F117042
:108810000E2EDDE9041211D8DFE806F00815141455
:1088200014141F141414141429343C00402D09D1BD
:10883000D8B2C9B2D2B2FFF7E1FB45E0022808BFC7
:10884000042D2ED070BDB5F5803F32D0B5F5806FC8
:10885000F8D1D8B2FFF700FD12E0B5F5807FF1D175
:10886000D8B2C9B292B2BDE87040FFF7B7BDB5F556
:10887000800F25D0B5F5803FE4D1C8B2FFF7F4FAF8
:1088800010BBDFE7B5F5806FDCD1D2B21846FFF739
:108890006BFA0BE0042DD5D1D2B21846FFF70EFBD0
:1088A00012E092B2D8B2C9B2FFF798FB0028C9D142
:1088B0000AE0D8B2002A18BF0122FFF7D9FC03E072
:1088C000D2B21846FFF708FA0120207070BDB0B58B
:1088D000144602460020122A20700ED0152A12D10A
:1088E000B1F5007F12D104ADD8B226CD2B46C9B266
:1088F000FFF704FB01212170B0BD102906D1D8B2C9
:10890000FFF786F900B1B0BD012020700020B0BD96
:108910000020107070470020107000207047000089
:1089200070B5144611280ED0172814D0252817D05A
:1089300027281BD0282824D0312808BF20293FD140
:1089400000F0CAF93CE001293AD12648016821F03B
:108950004001016043E0012932D1FFF78FFA3EE088
:10896000B1F5805F2CD1FEF765FE38E0B1F5807F70
:1089700026D11D480168D0F8CC01084318BF01205A
:108980002EE0B1F5002F27D040291BD0B1F5802F64
:108990001ED0082914D1164D164E01202870D6F885
:1089A000A00020F00800C6F8A000FDF743F5D6F8B7
:1089B000A0100020287041F00801C6F8A0100FE0B8
:1089C00000200DE009480068B0FA80F0400907E097
:1089D000002000F04FFB02E0002000F079FB0120B6
:1089E000207070BD00040940B0F840204C000440E5
:1089F000EC7F402028EC402070B586B0144602463B
:108A00000020142A20701BD0072A36D1B1F1804FE4
:108A100032D10AA8BDF83430BDF83020BDF8384056
:108A2000BDF83C50BDF8406000F11C01059110F804
:108A3000041F9DF828008DE87000FFF7BFFB1CE0C5
:108A4000B1F5005F18D10AA8BDF83430BDF8302068
:108A5000BDF838509DF83C6000F11801049130F8E1
:108A6000041F9DF82800CDE90056FFF7C5F9FF283F
:108A70001CBF0121217000E0002006B070BD002065
:108A8000107070470B4900280A6A22F0010308BFE2
:108A900042F001030B6200280A6802F000420A60FB
:108AA000054A04BF44F22012C0F200520868104385
:108AB000086070477040084060080001022070475D
:108AC0002C4A0021072904D05356834201DA013190
:108AD000F8E77648817170472DE9F84F8246734870
:108AE000DFF8DCB4144600260091417180F804A040
:108AF0000020072E07D01BF90610A14203DA00F56B
:108B000080500136F5E740EA0165DFF8F0974FB293
:108B10004FF00008B8F1070F09D05FFA88F0394626
:108B200049F82850FEF7A4FD08F10108F2E75F4973
:108B3000A2454E7004BF1BF8060008710098A042C1
:108B400004BF1BF806004871BDE8F88FB0B557495F
:108B5000094B0A4D53F820404A7806492C40895663
:108B600062F30E3444EA016243F82020BDE8B040CD
:108B7000FEF77EBDF87E4000F0ED4020FF8FFF0045
:108B8000044805A10068C0F34100032808BF022083
:108B9000085C70473428084001000200FEB5044616
:108BA0004DF6EC0002A90DF10602A0870420ADF8F5
:108BB00006000620FAF742F3029EE94F300EB87025
:108BC000387820B197F9030000F0D8F827E0FF21AA
:108BD000350C300AF9702906B1EB066F05DD41B29C
:108BE00068B20246FFF778FF05E041B270B2024674
:108BF000FFF772FF354668B2FFF762FF2C488168C5
:108C00006FF39A418160816841F02A718160C16887
:108C10006FF39A41C160C16841F02E71C16076B2B4
:108C20000025112084F83A5084F838000A2EC8BF75
:108C300001250B2E0BDB304600212A4600F0F0F810
:108C4000B978D1B11A490A6842F00C0214E03878B8
:108C500038B9F878022804D00220F870022000F019
:108C60008DF8304601212A4600F0DAF8B97821B1B2
:108C70000F490A6822F00C020A6084F83B50114D3B
:108C800084F83900DFF82CC00B490C4A0C4B0F4E0E
:108C90000F4F1048A5620C4DC4E90207C4E90462F5
:108CA000C4E90631C4E9085CFEBD00BFEC7F40208A
:108CB000EC400840117E4000E57E40008D7A400087
:108CC000FD794000517940009D7D4000B17E40001B
:108CD000417B4000E97A400018481949194A1F4B66
:108CE0000A501948194A0260194A4260194A8260BA
:108CF00040F25572C260184A1360194B5360194B09
:108D00009360194BD3600D230A6863F30502502367
:108D10000A601649425863F317424250425863F3BF
:108D200007020B2342501249425863F30E220323D9
:108D30004250425863F306024250704770FCFFFFF6
:108D400000040940001020208008094037053C003D
:108D500050035000550750009008094007090900CA
:108D6000030507000309A81C030028170CFCFFFFDC
:108D700010FCFFFF063840B2704700001F49022870
:108D80000A6822F006020A600A6822F001020A60FC
:108D90004A6822F478424A604A6822F480624A6053
:108DA00010D0012814D010BB086840F00200086001
:108DB000086840F001000860486840F400604860BE
:108DC000486812E0086840F004000860086804E0A1
:108DD00008680860086840F001000860486840F4CE
:108DE00078404860486840F480604860704704A05C
:108DF00004A14FF4017249F4C3BC00BF34280840F9
:108E00003000000072665F74785F706F7765725F24
:108E1000636C6173735F636F6E6669670000000067
:108E200070B50C460546012A08D1364900200828AD
:108E300016D00A5CAA4214DA0130F8E7FFF7A0FE68
:108E4000C0EB0010304901EB40000021102916D082
:108E500010F911207F2A14D0AA4213DA0131F5E764
:108E60000022511BB4FA84F218BF012152091140AB
:108E7000C2B2002A18BF01221140401A16E0102188
:108E800000E00139CAB2002610F91230AB42B4FA40
:108E900084F3C8BF01265B09002A18BF01223340B2
:108EA0001A40891AC9B200EB41004078C0B270BDC7
:108EB000B0B515460446FFF763FE3DB1601C072CB4
:108EC00015D80138FBD10F48005D11E0C0EB00124E
:108ED0000D4901EB42030022102A08D003EB4205A2
:108EE0006D78FF2D03D0A54204D00132F4E70020B5
:108EF00040B2B0BDC0EB001001EB400010F8120012
:108F0000F6E700BF7C7F4000FF7E400070B5ED4972
:108F10002A4D51F82020C2F3023395F90540B4EBF5
:108F2000226F1ADACBB1274C5E1E2240244CF3B2DA
:108F300066F30E32E45642EA046241F820202146EC
:108F4000FEF796FB95F9050000218442B6FA86F0FB
:108F5000D8BF01214009084370BD012070BD00BF8A
:108F6000EC7F4020F8B5E549E64E51F82020C2F3E9
:108F7000023596F90430B3EB226F1CDD072D1AD0B1
:108F80000F4C6B1CDE4F3A40E45663F30E3242EA5C
:108F9000046241F820202146FEF76AFB96F904009E
:108FA000002184424FF00000A8BF0120052D88BF9A
:108FB00001210843F8BD0120F8BD00BFEC7F40202F
:108FC000F87E4000FF8FFF00F8B5194F06460D46AA
:108FD00000201446C7E901128DF8030015A12846A8
:108FE0000322F8F773F758B113A128460322F8F7C4
:108FF0006DF728B111A128460422F8F767F7B0B938
:10900000F8F7FEF53878012800D1FEE70120387026
:109010004DF420FC0B4803681BB13046294622461C
:1090200098474AF40DFD9DF803000028FBD0F8BDD9
:10903000E07F40205F6B65006B655F00706C617462
:1090400000000000C0E54020B0B50546F8F7D8F5AF
:10905000044607482946FEF70AF418B10448294691
:10906000FEF7D4F32046BDE8B040F8F7CDB500BF19
:1090700098FA40202E4910B12B4B2C2208E01348BF
:1090800001F5C0512B4B026822F0400202607122B0
:109090002648036141614FF48041C260816081686C
:1090A00041F408618160816841F4107181608168D8
:1090B00041F00101816001688907FCD5012141600F
:1090C000816821F001018160704700BF0004094000
:1090D0001649174A10B1144B2C2009E0012002F563
:1090E000C052144B4860886820F0010088607120ED
:1090F0000B614A61C86044F210008860886840F4DF
:1091000008608860886840F410708860886840F063
:109110000100886008688007FCD5012048608868E5
:1091200020F001008860704708ED402000100040EA
:1091300000280840005E402070B51A481A493022C5
:109140004BF4EFF9194A262508234FF480701A4E84
:109150004FF401741749C2F8C4504FF48235C2F875
:109160009C00C2F8A430C2F8803011484FF482034A
:10917000C2E90765114D4FF40076C2F8A0504FF4D4
:109180008055C2F894500125D565C2E91065C2E941
:109190001213C2E914044FF48870506304209060E5
:1091A00070BD00BFE8E44020847F400028EC4020F0
:1091B00000350180140040004050084848000C0071
:1091C00070B5012831D00C46084611461D4616469A
:1091D000FEF724FB012E04D120462946FEF72EFB84
:1091E0000AE03A489421408804FB01001049425AA1
:1091F00022F0FF022A444252344841888088401AB3
:10920000942190FBF1F0A04211DD2D48012E50F881
:10921000241066F3CB2140F824101ABF21F0FF017F
:10922000294465F30A2140F82410002070BDFEE7B0
:109230001A80402070B50C4680B301283DD104EB64
:109240004402214B2D4843EA4212204B50F824009F
:10925000DC8C00F40061155B25F400652944115392
:10926000C108DC8C49091444E58861F34715E580A1
:10927000D98C11448A8A60F307028A8214490A68E9
:10928000D2041AD40A68000A00F0070022F46062CF
:109290000A600A6842EA402008600EE0084850F878
:1092A00024602046C6F3C0252946FEF7B7FA25B14B
:1092B000C6F302212046FEF7C1FA002070BD00BFB0
:1092C000B8ED4020F0ED4020008040200CEE402022
:1092D000B000094010B5094A094B52F820100B4064
:1092E00008498C7991F9041064F30E3343EA016361
:1092F00042F82030BDE81040FEF7BAB9F0ED40204A
:10930000FF8FFF00EC7F402000220A28C8BF012207
:10931000002918BF012142EA010070470004070A32
:109320000D1013EC13EF15F217F61BF71DF81EF9CD
:1093300020FA22FB24FC27FD2BFE2FFF34003E7F6A
:10934000FFEC11F013F317F718FA1BFD1E002501AF
:109350002B022F0334043D7FFF000000000000E6D5
:1093600010F011F912FE130115041A052006240746
:1093700028082E09340A3E7FFF000000000000008C
:10938000CD704000C57F4000820000000D7140009C
:10939000C07F4000D10000006001B400500BEE031C
:1093A0000003060A0D0D101389724000D9724000A7
:1093B0005573400097734000B9734000E17340005B
:1093C000AB744000ED744000F3744000FD74400045
:1093D000D57540005B76400065714000C87F400055
:1093E0004A000000423136420042420042424848B0
:1093F00048480000C9714000C67F4000410000009D
:109400009027084048435450F00000006466020072
:10941000BDF902211420000004F0D0B0248E010018
:10942000EDF308B95C130500B6F322BCE4D90100E2
:10943000E8F37DBB3CAF0200DBF390B80889050080
:10944000ADF3BCBB24B50000FAF3ECBD0CEF040097
:10945000B7F308B9C04E0100022900BFCC3B0000A1
:109460001040022038A70400841D062CC0A0020072
:109470005146384494B505000FF00C00D498010013
:10948000ECF334BE785A000000F064B39859000041
:1094900000F0DDB350810400002014493859000069
:1094A00000F010B49CA6040018BF002158B10200BF
:1094B000002482F8B0B5000002E045F0502102001F
:1094C0006EB1D6F8AC330200012182420C81040057
:1094D00001F000007CB20200DAF373BFB4B2020004
:1094E000DAF361BF28A000000C0A0329F49E0000F3
:1094F000D847B91CA0ED0100E7F3F7B980B500F03B
:1095000059FF03480349016003488121017080BD70
:1095100090014020915240009009402000F00EB987
:109520007047514600F0F6F904464AF6C131C0F2E0
:10953000010108470AD1F80703D12046012104F4AC
:109540006DFA44F60F11C0F20201084744F60551C6
:10955000C0F20201084770B5044600F0D5F9204674
:1095600041F68952C0F20202104742F210710844DB
:109570000490684649F2A971C0F203010847AC693A
:10958000A24288BF22467C2B04D84DF65D34C0F23F
:10959000020420474DF67134C0F2020420472846E9
:1095A00000F076FB904288BF024690B2618AADF827
:1095B000122040F6A912C0F20302104758460B468B
:1095C00000F066FB1946884288BF0146AAF81010D1
:1095D000608A0B4641008B4288BF1946042988BF28
:1095E0000A464EF25133C0F20203184706B400F0A7
:1095F000CFF806BC4BF62343C0F20103184735B140
:10960000D5F8647141F60176C0F20206304741F6A2
:109610002B76C0F20206304759450BD8A6F80A80CF
:1096200008EB09011FFA81F8D8458CBFA6F80CB0E9
:10963000B18101E04FF0030049F24521C0F205017C
:1096400008474FF0FF0200F09FF945F22F51C0F29A
:109650000201084701B44BF427F908B96F6801E02B
:1096600005F1040701BC31464AF6E102C0F20102ED
:10967000104706D0032804D04BF6DD30C0F20100BD
:1096800000474BF6C330C0F2010000479DF81800B8
:109690008DF81900684654F47DFA49F2AD70C0F2B5
:1096A000030000474649032818BF002108467047B9
:1096B00080B501204FF4806114F402FA30B90448F7
:1096C000083001F46EF808B1808880BD002080BDAC
:1096D000300740207CB505464BF4E6F800281448D6
:1096E000144E18BF04358DF80050EDB20468306890
:1096F00001944EF41DFEA84203D20F4800680430C6
:1097000011E0306821462A464EF448FE684615F4BA
:109710001DFB022805D0012808D107480068023047
:1097200001E0054800680188013101807CBD00BF6F
:1097300030604020B0024020B4024020B0B50C465A
:109740000546FAF797F7296809B1696800E02946E4
:109750000C6000216C602160BDE8B040FAF78EB764
:109760000021006808B10131FBE788B270470000B2
:109770000249012289690A54704700BFC80C402081
:10978000C9B2032908BF00F0DFBC00207047000009
:109790007F22B2EB500F06D148780A4900EB400017
:1097A00001EB8000704741080548044B01EB410282
:1097B000032918BF03EB8200704700BF54E5050082
:1097C000F85F400078E805002DE9F047384C9846EE
:1097D000164689468246050A002700F0E5FD8742C5
:1097E0000BD2206850F8370028B1418BA94202D132
:1097F000007FB04201D00137EFE7FEB200F0D4FDA8
:10980000B04222D9206850F83700C17F042930D1F6
:1098100090F8221029B9304625F454FB206850F8FE
:109820003700244980F82080807F0968022851F899
:10983000251091F83610B1FA81F14FEA511225D175
:1098400028460D211BF40EFE24E01A48B9F1020F40
:10985000006850F8250090F83600B0FA80F04FEA22
:10986000501328460CD10D210222BDE8F0471BF40D
:10987000ABBE11A040F22D11BDE8F04751F4A5BADE
:109880002C210222BDE8F0471BF490BE28462C2173
:109890001BF4DCFD50461DF41DFA2068082150F829
:1098A0003700C17750460521BDE8F04714F4CEBA21
:1098B0001C034020180340206C635F73636F5F706C
:1098C000617463682E630000F8B50646BB480D4618
:1098D000006800EBC101496899B1C97889B950F8AD
:1098E0003500C07F053801280BD82846144625F4DA
:1098F000E9FA3046294600222346002719F4D2FF10
:1099000000E001273846F8BD91F8C50181F839001B
:1099100070470000B0B50D460446FAF7ABF6634950
:10992000096851F82510002569B191F89610094A87
:1099300001EB410142EA4111994AD28C895A49040A
:1099400058BF4FF4C875FAF799F6601C20F0010073
:109950002844B0BD068040205449096851F82000D1
:1099600030B190F899000338B0FA80F040097047A0
:1099700000207047C8B24D49096851F820000028FE
:1099800018BF0120704700BF2DE9F04190460D46F9
:109990000646FAF76FF6074609480830FFF7E0FE7B
:1099A00004463846FAF76AF60A2C88BFBDE8F0810B
:1099B000304629464246BDE8F04114F4EBB900BFF9
:1099C0008805402070B539490025096851F82040C4
:1099D0006E1C4AF431FF85423546F9D320491F48B1
:1099E000096800684A7800212AB108C8013A002BAA
:1099F00018BF0131F8E7C8B241F2F95102281948FD
:109A000008BF41F21711418094F8970040B994F8CB
:109A10009F0028B994F8A00010B994F8AB00E0B109
:109A200024F436FCA17E602928BF6021A176616EF6
:109A3000421A081A22F0704220F07040B2F1006F12
:109A400088BF4242B2F5707F07D3B4F89C006168CA
:109A500001EB400004490840606070BD2C034020C9
:109A60000800402098024020FCFFFF0F0F490968C2
:109A700051F82000C0B1426ED0F8BC30991AD21A09
:109A800021F0704122F07042B1F1006F88BF514265
:109A9000012909DB890A827E01EBC101C9B21144A7
:109AA000FF2928BFFF218176704700BF280340208F
:109AB0002DE9F0410D4CDFF8E080394F224E20684F
:109AC00090F8470000F042F868B198F82100398D0D
:109AD00046EA0010405A850724F426FC002DEED1FA
:109AE0000120BDE8F0810020BDE8F0813C0340206A
:109AF0002DE9F0471348DFF8A080DFF8E499046807
:109B000011488246861C94F8390000F01FF8B0B165
:109B100098F82100B9F828204AEA001146EA001016
:109B2000895A875A8D0724F4FFFB002DEBD107F0EB
:109B30007800082804BF0120BDE8F087E3E7002093
:109B4000BDE8F087400340200280402070B5044605
:109B50001148124990F8210041EA00101049098D7E
:109B6000465E08444088B4EBD02F4FEAD02508D099
:109B7000B6F1FF3F05DC284600F0F0FA08B124F406
:109B8000D3FB291B0020002EB1FA81F148BF012030
:109B90004909084070BD00BF60054020008040209A
:109BA000F800402080B50549096851F8301009B126
:109BB000012080BD25F486F9002080BD1C034020D3
:109BC00010B51446FAF756F50649074A0968914256
:109BD00004D16178022904BF03216170FAF74EF5C0
:109BE000002010BD1C2A4020A5A55A5A2DE9F0419D
:109BF00015460C460746FAF73DF5DFF85080064655
:109C0000D8F8000050F8271061B191F8920048B1DF
:109C1000088D28B1FFF794F5D8F8000050F8271008
:109C20000D858C853046BDE8F041FAF727B500BFB9
:109C30000649096851F8200038B1018D29B1B0F802
:109C40008600814218BFFFF77BB57047E0024020D5
:109C500080B558B190F89710022907D190F8960076
:109C60000121162233F420FD002080BD012080BD9B
:109C700050B1064991F8393091F83B20D1F820C015
:109C800090F8961000206047704700BF6C15402088
:109C90000749096851F8200038B1406E40F271213F
:109CA00000F59C70B0FBF1F070470020704700BFDA
:109CB000F40240202DE9F04F89B0DFF810930C46F4
:109CC0000D78D9F8181001EB851010F83C2F052AF3
:109CD0001ED14FEA8518627851F808A0BAF1000F3A
:109CE0001CD06AB304F10E06217F304642F4BAF864
:109CF00060B3284601214FF0010B35F427FDD9F858
:109D0000180000210B2700EB851080F83C10BAE00A
:109D1000AFA040F2191151F458F852E1B2FA82F0B2
:109D200000214FF0000B4009470042F20E0042F4C0
:109D300005F8D9F8180000EB851080F83CB0A2E0D7
:109D40004FF0000B022780F800B09CE00020D4F810
:109D50001D108DF81100A08ACDF80A1001A9ADF8E8
:109D60000400D4F81600CDF8060094F821008DF810
:109D70000E0094F824008DF80F0094F823008DF85D
:109D80001000D9F84800CDF8120099F84E008DF86F
:109D90001800B9F84F00ADF81900D9F85200079033
:109DA00099F856008DF8200028462BF409FF41F45D
:109DB00041FED9F81800618B4FF0010B894A042746
:109DC00000EB8510C181A18AA0F818B0C5828582F8
:109DD0008900818199F80F11002908BF0A46826025
:109DE00094F8222000290AEB0212138BD28A18BFA2
:109DF0000121890081765100042988BF5700B9B23A
:109E00000782B1EB430F38BF59004182043053F44D
:109E1000CBFDD9F81800B18800EB851001843168BA
:109E2000C161D9F81800217F00EB851001F0010114
:109E300080F822100021D9F8180000EB851080F876
:109E40002310092180F83C103046217F41F4ACFFFB
:109E500097498A88C988891A0C2291FBF2F18142BC
:109E60000CDD00EB8001D9F8302002EB4101497A8A
:109E7000890703D5227F31463DF448FD5A48002723
:109E8000806900F805B099F81100800722D441F2EA
:109E9000031000213E2214234FF0000A13F4F0FEB9
:109EA000064602301221FAF704F70120BBF1000F39
:109EB000777030705FD0758086F804A0207F8107AE
:109EC0002CD400F001007071D4F80E00C6F8060022
:109ED000608A29E041F2031000213E22202313F47E
:109EE000CFFE064602301E21FAF7E3F60A20BBF148
:109EF000000F777030703ED0002075803071608A1E
:109F00007081D4F80E00C6F8060006F10C009AF82D
:109F10000110890713D40021818014E001207071A1
:109F2000A068C6F80600A0897081A08AB081D4F824
:109F30001600C6F80E0094F82400B0741BE0E18807
:109F40008180D4F80210016006F11200217F890798
:109F500002D40021818002E0A1898180A168016092
:109F6000207F7071A08A3083D4F81600C6F81A00DA
:109F700094F82400B07730460FF464FDD9F8180047
:109F800050F8080038B10C3813F4A2FED9F81800C4
:109F9000002140F80810002F8BF0010018BF0127A6
:109FA00038430ED141F2031000213E22062313F460
:109FB00067FE14214580017094F8251001710FF49B
:109FC00041FD002009B0BDE8F08F00BF78114020AE
:109FD0006C6C6D5F696E69745F70617463682E6329
:109FE00000000000FDDC0200C80C40201A4909688E
:109FF00051F8200038B1018D29B1B0F852008142EA
:10A0000018BFFFF79DB370472DE9F04115460E4686
:10A010000746FAF72FF3DFF840800446D8F800002F
:10A0200050F8271099B191F8570050B1088D28B118
:10A03000FFF786F3D8F8000050F827100D854E85FD
:10A0400005E0384631462A46012338F4F9FA20461D
:10A05000BDE8F041FAF712B3FC02402070B50446A7
:10A0600011481249007AC0EBC00041EA8000104953
:10A070000989465E08448089B4EBD02F4FEAD02589
:10A0800008D0B6F1FF3F05DC284600F037F808B9E4
:10A0900039F496FF291B0020002EB1FA81F148BF48
:10A0A00001204909084070BD100640200080402072
:10A0B000F8004020F0B510490968D1B10022002312
:10A0C000022A04BF03F00100F0BD51F8224074B130
:10A0D0000025B02D0BD0661996F82F70874204D159
:10A0E00096F83060012E98BF01235835F1E7013210
:10A0F000E6E70020F0BD00BF00034020AC4909683E
:10A100008978814298BFFFF7D5BF0E49896901EB75
:10A110008010012190F83C0001FA00F040F2534118
:10A120008843002818BF0120704700BF054901EB94
:10A13000D00100F00700097C21FA00F000F00100D6
:10A14000704700BF7811402040F209220249904236
:10A1500018BF002108467047C5574000B0B50446F7
:10A160004AF46AFBA04209D90A4904EBC400496BCE
:10A1700008448079B0FA80F0450900E000254AF4EF
:10A180005BFB0449604091F84410084308BF012577
:10A190002846B0BD8C1240200020704770B505469F
:10A1A00040780C46182813D10C49200A096851F848
:10A1B000206096F8360001280AD1204613F422FECA
:10A1C000322805D096F83C0002281CBF002070BD44
:10A1D00028462146BDE8704044F442BD18034020A3
:10A1E00010B5144638B1112808BF08290AD1D8B2D1
:10A1F000FFF7ACFC07E0B1F5000F03D1D8B2FFF7D1
:10A200002DFF00E000200021217010BD10B5144684
:10A21000072823D031280BD0142810D0152817D0A8
:10A220000D2808BF102923D1D8B2FFF7DFFE24E0A4
:10A23000B1F5804F1CD1184600F0ACF81DE0B1F527
:10A24000805F17D0022913D1D8B2FFF7BBFB14E00F
:10A2500080290DD1D8B2FFF7A5FC13E0B1F5802F0E
:10A260000DD0B1F5002F03D11846FFF701FD04E032
:10A2700000200BE0D8B2FFF7F9FB012006E01846FA
:10A28000FFF7E6FC0138B0FA80F04009207010BDFD
:10A29000B0B514460A46DDE90415022816D029286F
:10A2A0000CD013281ED00D2808BFB2F5807F25D111
:10A2B000AAB2D8B2C9B2FFF7A7FE1FE0802A1DD10B
:10A2C00098B2C9B2EAB2FFF7FFFA12E0042A18D036
:10A2D000802A13D1D8B2EAB2002918BF0121FFF7B2
:10A2E000A7FC13E0B2F5803F08D1EAB21846FFF7A9
:10A2F00041FB0138B0FA80F0400900E000202070F6
:10A30000B0BDAAB2D8B2C9B2FFF770FC0120F6E71F
:10A31000B0B5144602460020152A10D1B1F5007FD1
:10A320004FF000010CD104ADD8B226CD002D18BFDE
:10A3300001252B46C9B2FFF743FC012100E00021B3
:10A340002170B0BD10B514461B2806D0192808BFCF
:10A35000012907D1FFF7ACFB05E0012902D1FFF786
:10A36000C7FB00E000200021217010BDB0B513280C
:10A3700014464FF0000508BF012906D182200121B3
:10A3800001254AF423FD024908602570B0BD00BFD5
:10A390003060402001494162704700BF715F40005A
:10A3A000034800688078704701480068407870472B
:10A3B000080040201D481E494FF440234FF0011271
:10A3C00001601C481C4901601C481D4901601D4872
:10A3D0001D4901601D481E4901601E481E4901605B
:10A3E0001E4844F20401C0F8C4104FF48871C361E0
:10A3F00041F2020341634FF42071C0E91323416528
:10A400004FF48071C0F8CC100121C166416608216B
:10A41000416484218160D0F8A41041F08001C0F82B
:10A42000A4104FF084510160704700BF9801402094
:10A430001D5D4000B80140207D5E4000A801402025
:10A44000A15D4000AC014020215E4000B4014020ED
:10A45000555E400094014020F15C4000A808402077
:10A46000F8B5012837D114460D464AF4E5F9A8425B
:10A470002CD92846FFF770FA012827D105EB4502B1
:10A48000174C1649174F41EA4213E58C585B20F4EC
:10A49000006697F8390097F83B7046EAC726012F07
:10A4A0005E534FEA4213E28C1FBF143119438B5A9B
:10A4B00023F0FF0311BF1844063119438B5A04BF20
:10A4C00023F0E00343EA4010885204E001202946CB
:10A4D000224654F4A9FE0020F8BD00BF00804020B1
:10A4E000F80040206C154020AD5C40002C6040001E
:10A4F0008200000008000400400010006001B40069
:10A50000500BEE0350002C00D002CE0113151000AA
:10A510001B001200740ADC055C4C46174242000026
:10A5200048435450C800000030780500322068636A
:10A53000C8620000FEF3B0BEBCAB0100EAF339BA5A
:10A54000004D0200E0F3A0B960790400DF4800216B
:10A55000841D0200E3F36FB9A4970300CBF369BC39
:10A5600050930500ABF3EABEA0090300D4F385BB0A
:10A5700044E30200D6F3C2BE08BC0100E9F378BA96
:10A58000FC1E0200E3F307B928550200DFF313BEF7
:10A59000DCA80100EAF342BC785E0200012182429D
:10A5A000D0EF0100E6F382B9C0BB0100E9F3DFBAE6
:10A5B000685B0200C302C2F3588D0200042221F03E
:10A5C000E4960200FF010422D4CA0300084647496A
:10A5D000A8970300CBF3F8BC68FB0300381018E021
:10A5E000EC520000FFF368BF88590000FFF32CBC59
:10A5F00050414348810000000D50400000F0FF0032
:10A60000FDCFFF00FCEFFF00050001001DB00200C0
:10A6100037C0030038B002001580FF00D5FFFA00F4
:10A620008A9FF600518FF40050DFF600A1CFFE00A4
:10A630004E300C0048511D0065122F006FB33D00D5
:10A640002CF44500700400003C183C1802300C301B
:10A6500013303C286418083009300A300B300C30B5
:10A66000642840180B301130402858180030582802
:10A67000025040180A304028025058180530582817
:10A680004C1807304C286018043009301530602809
:10A690003C1814303C2828180B30282800180D309E
:10A6A000073000281418074014281C1813300B30EA
:10A6B0000D401C2814180C300540043003401428A9
:10A6C000041802300630042848180D3048281018A5
:10A6D0000030103011301230102800180C300730C4
:10A6E000002814180C30074014281C1813301C289C
:10A6F0003418163010301530342800F010181018A7
:10A700001040114012401028025048180D404828AF
:10A71000006024286C2800180D4000281C181340E5
:10A720000B400D301C2814180C4005300440033039
:10A73000142814180730142804180240064004286E
:10A7400000180740002828180B402828101800403F
:10A7500010286418084009400A400B4064283C183F
:10A7600014403C2840180B40114040280070A82895
:10A770000080AC283C180C4013403C285818054079
:10A7800058284C1807404C286018044009401540D0
:10A790006028085040180A404028055058180040CA
:10A7A0005828145074181D407428095064180C401F
:10A7B00064283C1802403C2800F000F010181018E3
:10A7C0000830103011301230102800180C300730CB
:10A7D000002814180C30074014281C1813301C28AB
:10A7E000341816301030153034283C1814303C28FA
:10A7F0006418083009300A300B300C3064284018D7
:10A800000B30113040283C1802300C3013303C28FB
:10A8100028180B30282800180D300730002814188D
:10A82000074014281C1813300B300D401C28141836
:10A830000C30054004300340142804180230063060
:10A84000042848180D3048281018003010301130F6
:10A850001230102800F000F01018101811401240AB
:10A860001040102802500060082800180C400028F2
:10A8700014180C4014281C1813401C2814180730F6
:10A8800014281E50001807400028101808401028EF
:10A890003C1814403C2834181640342840180B301B
:10A8A00040280550341810401540342874181D40B5
:10A8B0007428095000F000F01018101812301130F0
:10A8C00010300930102800180C30073000281418F8
:10A8D0000C30074014281C1813301C28441803306F
:10A8E0000640113016304428601804300930153005
:10A8F0001430602848180D30482838180940382886
:10A90000581805300630073058284C181B300630D0
:10A9100007304C28501800300130023003305028E6
:10A9200000F000F0101810181240114010401028CC
:10A9300002500060082800180C4000281C18134022
:10A940001C2814180C4014281418073014282D50F3
:10A9500000180740002844181640063044286018A4
:10A960000440094015401440602848180D4048280C
:10A97000381809303828581805400640074058282C
:10A980004C181B40064007404C285018004001401E
:10A990000240034050280550101809401028441860
:10A9A00003401140442874181D4074281E5000F0C4
:10A9B00051777977A177C977F177197841786978F4
:10A9C0009178B978E1780979317959798179A979DA
:10A9D000D179F979217A497A717A997AC17AE97AC1
:10A9E000117B397B617B897BB17BD97B017C297CA5
:10A9F000517C797CA17CC97CF17C197D417D697D8C
:10AA0000917DB97DE17D097E317E597E817EA97E71
:10AA1000D17EF97E217F497F717F997FC17FE97F58
:10AA20001180398061808980B180D980018129813C
:10AA300051817981A181C981F18119824182698223
:10AA40009182B982E1820983318359838183ED76D2
:10AA500015773D7765778D77B577DD7705782D7834
:10AA600055787D78A578CD78F5781D7945796D791B
:10AA70009579BD79E5790D7A357A5D7A857AAD7A01
:10AA8000D57AFD7A257B4D7B757B9D7BC57BED7BE8
:10AA9000157C3D7C657C8D7CB57CDD7C057D2D7DCC
:10AAA000557D7D7DA57DCD7DF57D1D7E457E6D7EB3
:10AAB000957EBD7EE57E0D7F357F5D7F857FAD7F99
:10AAC000D57FFD7F25804D8075809D80C580ED8080
:10AAD00015813D8165818D81B581DD8105822D8264
:10AAE00055827D82A582CD82F5821D83507778774D
:10AAF000A077C877F0771878407868789078B87839
:10AB0000E0780879307958798079A879D079F8791E
:10AB1000207A487A707A987AC07AE87A107B387B03
:10AB2000607B887BB07BD87B007C287C507C787CE9
:10AB3000A07CC87CF07C187D407D687D907DB87DD0
:10AB4000E07D087E307E587E807EA87ED07EF87EB6
:10AB5000207F487F707F987FC07FE87F108038809B
:10AB600060808880B080D880008128815081788181
:10AB7000A081C881F0811882408268829082B88268
:10AB8000E0820883308358838083D9762977797768
:10AB9000C97719786978B97809795979A979F979EA
:10ABA000497A997AE97A397B897BD97B297C797CC6
:10ABB000C97C197D697DB97D097E597EA97EF97EA2
:10ABC000497F997FE97F39808980D980298179817E
:10ABD000C98119826982B982098315776577B5774A
:10ABE00005785578A578F57845799579E579357AB8
:10ABF000857AD57A257B757BC57B157C657CB57C94
:10AC0000057D557DA57DF57D457E957EE57E357F6F
:10AC1000857FD57F25807580C58015816581B5814B
:10AC200005825582A582F58245830004B203D402D1
:10AC30008801000078FE2CFD4EFC00FC4EFC2CFD33
:10AC400078FE00008801D402B203000078FE2CFDDB
:10AC50004EFC00FC4EFC2CFD78FE00008801D40266
:10AC6000B2030004B203D40288010003060A0D10E7
:10AC70001315FFFF1AFFFF28FF2E343E00040A0DB4
:10AC800010137072696E745F737973696E666F000A
:10AC90004442475F547269676765725F4952514821
:10ACA000616E646C65720053686F7720737973749A
:10ACB000656D20696E666F726D6174696F6E005F9D
:10ACC0005F636D645F737973696E666F00666F7240
:10ACD00077617264206C63707520636F6D6D616E57
:10ACE00064005F5F636D645F6C63707500000000FB
:10ACF000384305123F4305124643051250430512DF
:10AD00005A430512624305127072696E745F70696E
:10AD10006E5F7374617465007369666C695F7069F6
:10AD20006E5F6D6F6465007369666C695F70696EF4
:10AD30005F72656164007369666C695F70696E5FFC
:10AD40006174746163685F697271007369666C69CC
:10AD50005F70696E5F646574746163685F69727166
:10AD6000007369666C695F70696E5F6972715F65B7
:10AD70006E61626C6500636865636B5F7773725FB9
:10AD800070696E0070696E5F6972715F68647200ED
:10AD90006472765F70696E5F636865636B0070698B
:10ADA0006E206770696F2066756E6374696F6E736D
:10ADB000005F5F636D645F70696E0000B111031224
:10ADC00079110312291103123908031225090312FC
:10ADD000290F031200000000000000007369666C78
:10ADE000695F636F6E666967757265007369666C2B
:10ADF000695F636F6E74726F6C007369666C695F14
:10AE000070757463007369666C695F67657463006D
:10AE10007369666C695F646D615F7472616E736D96
:10AE200069740072745F68775F75736172745F69CB
:10AE30006E6974320048414C5F554152545F45720F
:10AE4000726F7243616C6C6261636B0048414C5F6E
:10AE5000554152545F527848616C6643706C74433C
:10AE6000616C6C6261636B00756172745F697372AF
:10AE700000756172742073657474696E67005F5F3A
:10AE8000636D645F756172740000000085170312C2
:10AE9000691803128116031241160312E1160312F8
:10AEA00040420F00080001006C705F74696D6572AC
:10AEB0005F696E6974006C705F74696D65725F7351
:10AEC00074617274006C705F74696D65725F737425
:10AED0006F70006C705F74696D65725F636F756E23
:10AEE0007465725F676574006C705F74696D65721C
:10AEF0005F6374726C0074696D65725F696E69740A
:10AF00000074696D65725F73746172740074696D49
:10AF100065725F73746F700074696D65725F636FE3
:10AF2000756E7465725F6765740074696D65725FD4
:10AF30006374726C0000000011200312B91F031229
:10AF4000C51E0312911E0312A11D031200800000F2
:10AF500000010000FFFFFF0001000000E91E0312D6
:10AF60003D1D0312191D0312691C03128D1C0312CF
:10AF700040420F00D0070000FFFF0000010000006A
:10AF800000000000000200000004000000060000B5
:10AF900000080000000A0000000C0000000E000085
:10AFA0006472765F70776D5F7365745F62726561FE
:10AFB0006B5F64656164006472765F70776D5F6378
:10AFC0006F6E74726F6C007369666C695F73706921
:10AFD0005F696E6974007370695F636F6E6669673D
:10AFE000757265007370695F636F6E74726F6C0069
:10AFF000737069786665720072745F68775F7370EA
:10B00000695F6275735F696E69740000E12A0312FB
:10B01000C1270312792803126932635F6275735F77
:10B02000636F6E666967757265006D6173746572D2
:10B030005F78666572006932635F6275735F636F24
:10B040006E74726F6C0072745F68775F6932635FF1
:10B05000696E697432000000092E0312B12D0312CB
:10B06000ED3003129131031272745F7274635F6387
:10B070006F6E666967007274635F657869745F6399
:10B080007269746963616C007274635F656E746584
:10B09000725F637269746963616C0072745F727469
:10B0A000635F636F6E74726F6C0072745F68775F5A
:10B0B0007274635F696E6974004558545F444D4112
:10B0C0005F496E697400736176655F657100484120
:10B0D0004C5F4155445052435F527848616C66431F
:10B0E000706C7443616C6C6261636B0048414C5FCF
:10B0F0004155445052435F527843706C7443616CC5
:10B100006C6261636B0048414C5F4155445052434F
:10B110005F547848616C6643706C7443616C6C6218
:10B1200061636B0048414C5F4155445052435F544A
:10B130007843706C7443616C6C6261636B0062662F
:10B14000305F617564696F5F636F6E6669677572A2
:10B1500065006266305F617564696F5F7472616E0D
:10B1600073006C6F61645F657100617072635F642E
:10B17000656275672072202F2077206964782076B9
:10B18000616C7565005F5F636D645F617072635FC2
:10B190006465627567006D69635F6761696E005F12
:10B1A0005F636D645F6D69635F6761696E00000076
:10B1B000C53A0312654A0312F1480312E13F031234
:10B1C000AD4F031209400312C93A0312ED480312AE
:10B1D000D13E0312CD3A03120000000080BB0000F4
:10B1E0000000E803007D00000000DC05C05D0000F9
:10B1F0000000D007803E00000000B80BE02E0000E9
:10B200000000A00F401F00000000701744AC0000B9
:10B210000100E803225600000100D007112B0000B6
:10B220000100A00F401F112B0000000000000100D2
:10B23000609C702E401FE02E000000000000010006
:10B24000A8AAAA2A401F803E0100000000000000BA
:10B2500000000000401F2256010000000000010015
:10B26000806D702E401FC05D0100010000000100D4
:10B2700000375555401F007D01000100000000000F
:10B2800000000000401F44AC01000100000001006C
:10B29000002F702E401F80BB010001000000010044
:10B2A000005DAA2A112B401F0000000000000100D1
:10B2B000D9133358112BE02E0000000000000100CC
:10B2C000E6B7CC3A112B803E0000000000000100E0
:10B2D0006474192C112B225601000000000000009C
:10B2E00000000000112BC05D010000000000010003
:10B2F000E6B7CC3A112B007D0100000000000100F0
:10B300006474192C112B44AC0100010000000000F2
:10B3100000000000112B80BB0100010000000100B3
:10B32000C461CC3AE02E401F010100000000010082
:10B33000F0EEFF2FE02E112B0000000000000100B6
:10B3400020D3A845E02E803E000000000000010050
:10B3500080D7FF2FE02E22560100000000000100E0
:10B3600040A4A845E02EC05D0100000000000000E0
:10B3700000000000E02E007D010000000000010040
:10B3800080D7FF2FE02E44AC010001000000010037
:10B390008046A845E02E80BB0100010000000000AF
:10B3A00000000000803E401F01010000000000007E
:10B3B00000000000803E112B000000000000010092
:10B3C0008019E15C803EE02E0000000000000100DA
:10B3D00000375555803E2256000000000000010055
:10B3E000806D702E803EC05D0000000000000100F6
:10B3F000809BAA2A803E007D010000000000000022
:10B4000000000000803E44AC01000000000001008C
:10B41000002F702E803E80BB010000000000010064
:10B42000005DAA2A2256401F010100000000010011
:10B43000D91333582256112B0101000000000000DF
:10B44000000000002256E02E010100000000010073
:10B45000E6B7CC3A2256803E000000000000010012
:10B46000C8E832582256C05D00000000000001000C
:10B47000E6B7CC3A2256007D000000000000010033
:10B480006474192C225644AC010000000000000036
:10B4900000000000225680BB0100000000000100F7
:10B4A000C461CC3AC05D401F0101000000000100F2
:10B4B000E0DDFF5FC05D112B010100000000010015
:10B4C00020D3A845C05DE02E01010000000000006F
:10B4D00000000000C05D803E01010000000001008E
:10B4E00080D7FF2FC05D2256000000000000010041
:10B4F00040A4A845C05D007D0000000000000100E0
:10B5000080D7FF2FC05D44AC0100000000000100A7
:10B510008046A845C05D80BB01000000000000001F
:10B5200000000000007D401F01010101000000003B
:10B5300000000000007D112B01010000000001004F
:10B540008019E15C007DE02E010100000000010097
:10B5500000375555007D803E0101000000000000CD
:10B5600000000000007D22560101000000000100E3
:10B57000806D702E007DC05D0000000000000100A5
:10B5800000375555007D44AC00000000000001006C
:10B59000002F702E007D80BB000000000000010025
:10B5A000005DAA2A44AC401F010101010000010016
:10B5B000D913335844AC112B0101010100000000E4
:10B5C0000000000044ACE02E010101010000010078
:10B5D000E6B7CC3A44AC803E010100000000010017
:10B5E000C8E8325844AC22560101000000000000B7
:10B5F0000000000044ACC05D01010000000001003B
:10B60000E6B7CC3A44AC007D000000000000010029
:10B61000C8E8325844AC80BB0000000000000100C4
:10B62000C461CC3A80BB401F01010101010101004E
:10B63000F0EEFF2F80BB112B010101010000010082
:10B6400020D3A84580BBE02E0101010100000000CD
:10B650000000000080BB803E0101000000000100EE
:10B6600000AFFF5F80BB2256010100000000010017
:10B6700040A4A84580BBC05D01010000000000009F
:10B680000000000080BB007D0101000000000100FF
:10B6900080D7FF2F80BB44AC0000000000000100F9
:10B6A0008046A845312E302E390064656661756C80
:10B6B000745F62797061737300000000000048419C
:10B6C0004C5F415544434F4445435F527848616C59
:10B6D0006643706C7443616C6C6261636B004841DB
:10B6E0004C5F415544434F4445435F527843706C2F
:10B6F0007443616C6C6261636B006266305F61759C
:10B7000064696F5F706C6C5F636F6E66696700621F
:10B7100066305F617564696F5F7472616E73007526
:10B7200070646174615F706C6C5F667265710075E6
:10B7300070646174655F706C6C5F61667465725F84
:10B74000656E61626C650075706461746520504C53
:10B750004C2066726571005F5F636D645F75706435
:10B760006174655F706C6C0073657420636F6465F1
:10B77000632064616320766F6C756D65005F5F6345
:10B780006D645F636F6465635F6461635F73657459
:10B790005F766F6C00617564696F5F636F6465638A
:10B7A000005F5F636D645F636F6465635F68705FB4
:10B7B00073696E316B5F746573740000BD51031261
:10B7C000915B0312FD5A0312C1510312695F031208
:10B7D00071590312C5510312015D0312455803123A
:10B7E000A55C03120000000080BB00000005000003
:10B7F00001050000007D00000005010001050000BA
:10B80000C05D0000000A000000050200803E00004C
:10B81000000A010000050200E02E0000000A0200FC
:10B8200000050200401F0000000A0300000502009E
:10B8300044AC000001050001010501002256000092
:10B840000105020101050100112B0000010A02019E
:10B850000005030080BB0000000100004D01000551
:10B860000402141400000000007D0000000101002B
:10B870004D0100050402141400000000C05D00002A
:10B88000000105004D01000A02020A0A0100000041
:10B89000803E0000000104004D0100050402141464
:10B8A00000000000E02E0000000107004D01001420
:10B8B0000201050501000000401F00000001080012
:10B8C0004D01000A02020A0A0100000044AC000017
:10B8D000010100004D0101050402141400000000E4
:10B8E00022560000010105004D01010A02020A0A68
:10B8F00001000000112B0000010107004D0101149F
:10B9000002010505010000006472765F65706963DD
:10B910005F696E6974006472765F65706963206345
:10B920006F6E66696775726174696F6E005F5F63E1
:10B930006D645F6472765F657069635F63666700FC
:10B940004145535F496E697400556E6C6F636B00BF
:10B9500048414C5F4173736572744661696C6564FC
:10B96000006472765F6765745F626C657379735F9C
:10B97000636C6B006472765F6765745F6C7073797B
:10B98000735F636C6B006472765F6765745F687089
:10B990007379735F636C6B005265626F6F742053D1
:10B9A000797374656D005F5F636D645F7265626F6C
:10B9B0006F74006173736572745F636F6D6D616E38
:10B9C00064005377697463682064656275672075E5
:10B9D00061727420746F206A6C696E6B005F5F63C4
:10B9E0006D645F64626775617274326A6C696E6BF4
:10B9F00000466F72636520617373657274005F5FE8
:10BA0000636D645F617373657274004254205458AF
:10BA100020706F7765722061646A757374005F5F70
:10BA2000636D645F7077725F6374726C00526567F8
:10BA300069737465722072656164202F2077726962
:10BA40007465005F5F636D645F7265676F7000723D
:10BA5000745F6170706C69636174696F6E5F696E49
:10BA600069740072745F6465766963655F73657499
:10BA70005F72785F696E6469636174650072745F98
:10BA80006465766963655F636F6E74726F6C007274
:10BA9000745F6465766963655F7772697465007267
:10BAA000745F6465766963655F7265616400727472
:10BAB0005F6465766963655F636C6F73650072745C
:10BAC0005F6465766963655F6F70656E0072745F51
:10BAD0006465766963655F696E69740072745F643A
:10BAE00065766963655F66696E640072745F64653C
:10BAF000766963655F756E726567697374657200F8
:10BB000072745F7468726561645F69646C655F65B7
:10BB100078637574650072745F6D757465785F72B3
:10BB2000656C656173650072745F6D757465785FCF
:10BB300074616B650072745F6D757465785F696EB2
:10BB400069740072745F73656D5F636F6E74726F9A
:10BB50006C0072745F73656D5F72656C65617365AF
:10BB60000072745F73656D5F74616B650072745F02
:10BB700073656D5F6372656174650072745F736590
:10BB80006D5F696E69740072745F696E746572725C
:10BB90007570745F6C6561766500303132333435B1
:10BBA0003637383961626364656600303132333468
:10BBB00035363738394142434445460000000100DC
:10BBC0000200010003000100020001000400010066
:10BBD0000200010003000100020001000500010055
:10BBE0000200010003000100020001000400010046
:10BBF0000200010003000100020001000600010034
:10BC00000200010003000100020001000400010025
:10BC10000200010003000100020001000500010014
:10BC20000200010003000100020001000400010005
:10BC300002000100030001000200010007000100F2
:10BC400002000100030001000200010004000100E5
:10BC500002000100030001000200010005000100D4
:10BC600002000100030001000200010004000100C5
:10BC700002000100030001000200010006000100B3
:10BC800002000100030001000200010004000100A5
:10BC90000200010003000100020001000500010094
:10BCA0000200010003000100020001000400010085
:10BCB00002000100030001000200010072745F66CF
:10BCC00072656500706C75675F686F6C6573007294
:10BCD000745F7265616C6C6F630072745F6D616C30
:10BCE0006C6F6300696E69745F686561705F656E33
:10BCF000640072745F73797374656D5F68656170F9
:10BD00005F696E6974006C697374206D656D6F7224
:10BD10007920757361676520696E666F726D6174F5
:10BD2000696F6E005F5F636D645F6C6973745F6DF4
:10BD3000656D0072745F6F626A6563745F676574D6
:10BD40005F747970650072745F6F626A6563745FB7
:10BD500069735F73797374656D6F626A656374008C
:10BD600072745F6F626A6563745F64656C65746545
:10BD70000072745F6F626A6563745F616C6C6F639D
:10BD80006174650072745F6F626A6563745F646595
:10BD9000746163680072745F6F626A6563745F697F
:10BDA0006E69740072745F7363686564756C655F57
:10BDB00072656D6F76655F74687265616400727438
:10BDC0005F7363686564756C655F696E73657274D3
:10BDD0005F746872656164005F72745F7363686545
:10BDE00064756C65725F737461636B5F63686563D0
:10BDF0006B0072745F7468726561645F74696D650D
:10BE00006F75740072745F7468726561645F7265E7
:10BE100073756D650072745F7468726561645F73D9
:10BE2000757370656E640072745F746872656164C6
:10BE30005F636F6E74726F6C0072745F74687265AA
:10BE400061645F736C6565700072745F74687265BD
:10BE500061645F64656C6574650072745F746872B8
:10BE60006561645F73746172747570005F72745F92
:10BE70007468726561645F696E69740072745F747E
:10BE800068726561645F696E69740072745F746979
:10BE90006D65725F636F6E74726F6C0072745F7445
:10BEA000696D65725F73746F700072745F74696D31
:10BEB00065725F73746172740072745F74696D652A
:10BEC000725F6465746163680072745F74696D6544
:10BED000725F696E6974006466735F6E6F726D6124
:10BEE0006C697A655F706174680066645F70757410
:10BEF000006466735F6C6F636B006C6973742066BB
:10BF0000696C652064657363726970746F72005F39
:10BF10005F636D645F6C6973745F666400636F7008
:10BF2000792066696C65206F722064697200636FA6
:10BF30007079007072696E742066696C6500636167
:10BF4000740072656D6F76652066696C6573206F2D
:10BF500072206469726563746F7269657300726DD3
:10BF6000006C697374206469726563746F72792000
:10BF7000636F6E74656E7473006C73006466735FD8
:10BF800066696C6573797374656D5F6C6F6F6B75E3
:10BF90007000676574206469736B20667265650064
:10BFA0006466006D616B6520612066696C65207355
:10BFB000797374656D006D6B667300000462051221
:10BFC000076205120A6205126F70656E0063686190
:10BFD0006E67652063757272656E7420776F726B21
:10BFE000696E67206469726563746F727900636457
:10BFF00000637265617465206120646972656374B1
:10C000006F7279006D6B646972006466735F64655A
:10C01000766963655F66735F67657464656E747384
:10C02000006466735F6465766963655F66735F6FFE
:10C0300070656E006466735F6465766963655F66EC
:10C04000735F636C6F7365006466735F64657669C4
:10C0500063655F66735F7772697465006466735FBA
:10C060006465766963655F66735F726561640064C9
:10C0700066735F6465766963655F66735F696F6346
:10C08000746C0000B85E051200000000ACC0051220
:10C090009DB5031200000000000000000000000039
:10C0A00000000000C5B603120000000029B703120B
:10C0B00069B60312A5B50312E1B5031225B6031242
:10C0C0000000000000000000F9B70312A1B5031240
:10C0D00066696E73685F7365745F70726F6D70749C
:10C0E0005F6D6F64650064756D6D7920766172694E
:10C0F00061626C6520666F722066696E73680064A9
:10C10000756D6D79006C69737420616C6C20737946
:10C110006D626F6C20696E2073797374656D006C4D
:10C12000697374006C697374206465766963652053
:10C13000696E2073797374656D005F5F636D645F12
:10C140006C6973745F646576696365006C697374A8
:10C150002064657669636520696E20737973746500
:10C160006D006C6973745F646576696365006C6902
:10C1700073742074696D657220696E2073797374AD
:10C18000656D005F5F636D645F6C6973745F746994
:10C190006D6572006C6973742074696D65722069D5
:10C1A0006E2073797374656D006C6973745F746964
:10C1B0006D6572006C697374206D656D6F727920A6
:10C1C000706F6F6C20696E2073797374656D005F9A
:10C1D0005F636D645F6C6973745F6D656D706F6FC5
:10C1E0006C006C697374206D656D6F727920706F6F
:10C1F0006F6C20696E2073797374656D006C697360
:10C20000745F6D656D706F6F6C006C697374206D19
:10C2100065737361676520717565756520696E204A
:10C2200073797374656D005F5F636D645F6C6973D0
:10C23000745F6D73677175657565006C69737420E3
:10C240006D65737361676520717565756520696ECD
:10C250002073797374656D006C6973745F6D7367B7
:10C260007175657565006C697374206D61696C200A
:10C27000626F7820696E2073797374656D005F5FFB
:10C28000636D645F6C6973745F6D61696C626F7814
:10C29000006C697374206D61696C20626F7820692D
:10C2A0006E2073797374656D006C6973745F6D6172
:10C2B000696C626F78006C697374206D7574657851
:10C2C00020696E2073797374656D005F5F636D64C0
:10C2D0005F6C6973745F6D75746578006C697374F5
:10C2E000206D7574657820696E2073797374656D3F
:10C2F000006C6973745F6D75746578006C69737434
:10C30000206576656E7420696E2073797374656D2F
:10C31000005F5F636D645F6C6973745F6576656E03
:10C3200074006C697374206576656E7420696E2084
:10C3300073797374656D006C6973745F6576656E8F
:10C3400074006C6973742073656D6170686F7265D9
:10C3500020696E2073797374656D005F5F636D642F
:10C360005F6C6973745F73656D006C6973742073BF
:10C37000656D6170686F726520696E207379737482
:10C38000656D006C6973745F73656D006C697374BF
:10C3900020746872656164005F5F636D645F6C69DF
:10C3A00073745F746872656164006C69737420747F
:10C3B0006872656164006C6973745F74687265614A
:10C3C000640073686F77205254202D205468726582
:10C3D00061642076657273696F6E20696E666F7234
:10C3E0006D6174696F6E005F5F636D645F76657227
:10C3F00073696F6E0073686F77205254202D20543C
:10C4000068726561642076657273696F6E20696E0B
:10C41000666F726D6174696F6E0076657273696FB5
:10C420006E007361792068656C6C6F20776F726C39
:10C43000640068656C6C6F0075670512866705128D
:10C4400093670512A5670512B0670512BB67051251
:10C45000BF670512CC670512DB670512E36705129B
:10C46000F4670512016805120968051214680512BF
:10C470001D6805122E680512336805124168051201
:10C480004E68051263680512716805120B63051288
:10C490005254202D20546872656164207368656C65
:10C4A0006C2068656C702E005F5F636D645F68650B
:10C4B0006C70004368616E6765204D5348202F20E3
:10C4C00046494E534820636F6E736F6C65206465F8
:10C4D000766963652E005F5F636D645F636F6E7383
:10C4E0006F6C6500757365206D6F64756C65207386
:10C4F00068656C6C006D73680072657475726E208F
:10C50000746F205254202D2054687265616420732A
:10C5100068656C6C206D6F64652E005F5F636D6491
:10C520005F657869740053686F7720746865206D63
:10C53000656D6F727920757361676520696E20740F
:10C5400068652073797374656D2E005F5F636D6439
:10C550005F66726565004578656375746520636F15
:10C560006D6D616E6420776974682074696D652EE5
:10C57000005F5F636D645F74696D65004C6973741F
:10C58000207468726561647320696E207468652028
:10C5900073797374656D2E005F5F636D645F707394
:10C5A000006563686F20737472696E6720746F2012
:10C5B00066696C65005F5F636D645F6563686F00EB
:10C5C0006469736B2066726565005F5F636D645FAD
:10C5D0006466006D6F756E742064657669636520AE
:10C5E000746F2066696C652073797374656D005F84
:10C5F0005F636D645F6D6F756E74667300666F72F6
:10C600006D6174206469736B207769746820666952
:10C610006C652073797374656D005F5F636D645F33
:10C620006D6B667300437265617465207468652084
:10C630004449524543544F52592E005F5F636D6425
:10C640005F6D6B646972005072696E742074686506
:10C65000206E616D65206F66207468652063757259
:10C6600072656E7420776F726B696E672064697291
:10C670006563746F72792E005F5F636D645F7077BE
:10C6800064004368616E676520746865207368653F
:10C690006C6C20776F726B696E672064697265637A
:10C6A000746F72792E005F5F636D645F6364005224
:10C6B000656D6F766528756E6C696E6B2920746880
:10C6C000652046494C452873292E005F5F636D64E1
:10C6D0005F726D00436F6E636174656E6174652097
:10C6E00046494C45287329005F5F636D645F636151
:10C6F000740052656E616D6520534F55524345205D
:10C70000746F20444553542E005F5F636D645F6D0A
:10C710007600436F707920534F5552434520746F14
:10C7200020444553542E005F5F636D645F63700067
:10C730004C69737420696E666F726D6174696F6E97
:10C740002061626F7574207468652046494C45739A
:10C750002E005F5F636D645F6C730000126B0512E7
:10C760001B6B0512296B0512376B0512446B051202
:10C77000536B0512656B0512716B0512826B051206
:10C780008F6B0512A26B0512AF6B0512BD6B051204
:10C79000D16B0512E06B051201DD031205DD0312FA
:10C7A00025DD031245DD031261DD031281DD031275
:10C7B000A1DD0312BDDD0312DDDD0312FDDD031279
:10C7C00019DE031241DE031269DE03128DDE03124D
:10C7D000ADDE0312CDDE0312E9DE031209DF031220
:10C7E00029DF031245DF031265DF031285DF031221
:10C7F000A1DF0312C1DF0312E1DF0312FDDF031229
:10C8000011E0031225E0031239E0031259E003128C
:10C8100079E0031295E00312B5E00312D5E00312AC
:10C82000F1E0031215E1031239E103125DE1031295
:10C8300095E10312D5E103120DE2031229E203127E
:10C8400045E203125DE203126DE2031281E103127D
:10C85000BDE10312F9E10312000000000505020822
:10C8600008020B0B020E0E00EA6B0512140000000A
:10C87000EF6B051215000000F46B051216000000A6
:10C88000FA6B051217000000FE6B0512180000007D
:10C89000036C051219000000584805121E00000024
:10C8A0000C6C05121E00000067657474696D656F7D
:10C8B00066646179000000001F003B005A007800A8
:10C8C0009700B500D400F300110130014E016D0155
:10C8D000991D0412110504125911041200000000E0
:10C8E00000000000FD010412ED090412A920041249
:10C8F000D11C0412D9040412D11504120000000046
:10C9000000000000850104121926041231220412CD
:10C91000991C0412AD040412D11D04120000000081
:10C920000000000027010412791F04127F22041264
:10C93000611C041279040412A1100412000000000A
:10C9400000000000B900041241200412D522041294
:10C95000291C041255040412F50F041200000000F3
:10C9600000000000890004120000000033230412BC
:10C9700001190412F50304120D0E04120000000048
:10C98000000000003F180412ED070412010C04120D
:10C9900061180412910304128D13041281230412EE
:10C9A000090204121D180412911A0412052504121A
:10C9B0006ACE0512B2CB0512C0C905121C0C0800C4
:10C9C000300000000A00010000000000000000002C
:10C9D000410000001A000B000000000000000000F1
:10C9E000610000001A0025000000000000000000A7
:10C9F0000000000000000000B0CB051201000100A3
:10CA00000000000000003F00AECB05120100010055
:10CA10000000000000004000ACCB05120100010046
:10CA20000000000000004100AACB05120100010037
:10CA30000000000000004200A8CB05120100010028
:10CA40000000000000004300A6CB05120100010019
:10CA50000000000000004400A4CB0512010001000A
:10CA60000000000000004500A2CB051201000100FB
:10CA70000000000000004600A0CB051201000100EC
:10CA800000000000000047009ECB051201000100DD
:10CA900000000000000048009CCB051201000100CE
:10CAA00000000000000049009ACB051201000100BF
:10CAB0000000000000004A0098CB051201000100B0
:10CAC0000000000000004B0096CB051201000100A1
:10CAD0000000000000004C0094CB05120100010092
:10CAE0000000000000004D0092CB05120100010083
:10CAF0000000000000004E0090CB05120100010074
:10CB00000000000000004F008ECB05120100010064
:10CB100000000000000050008CCB05120100010055
:10CB200000000000000051008ACB05120100010046
:10CB3000000000000000520088CB05120100010037
:10CB4000000000000000530086CB05120100010028
:10CB5000000000000000540084CB05120100010019
:10CB6000000000000000550082CB0512010001000A
:10CB7000000000000000560080CB051201000100FB
:10CB800075986297EA957F95D58B6888977A3A79F8
:10CB90003575146F886D4B6D2C6787656F60625FAC
:10CBA000395F035E145CFE5617523C508C4E004EAB
:10CBB0002D0000000700FC06020006000700F90631
:10CBC000090012000701F90409001A000700F9061C
:10CBD000090026000700F906090032000700F906DF
:10CBE00009003E000700F90609004A000700F9069F
:10CBF000090056000700F906090062000700F9065F
:10CC000009006E000700F90609007A000700F9061E
:10CC1000090086000700F906090092000700F906DE
:10CC200009009E000700F9060900AA000700F9069E
:10CC30000900B6000700F9060900C2000700F9065E
:10CC40000900CE000700F9060900DA000401F90224
:10CC50000900DE000700F9060900EA000700F906EE
:10CC60000900F6000700F906090002010900F908A9
:10CC7000090012010700F90609001E010700F90664
:10CC800009002A010700F906090036010700F90723
:10CC90000B0044010700F906090050010700F906DE
:10CCA00009005C010700F906090068010700F906A0
:10CCB000090074010700F906090080010900F9085C
:10CCC000090090010700F90609009C010700F90618
:10CCD0000900A8010700F9060900B4010700FB06D6
:10CCE0000700BA010700F9060900C6010700FB06A4
:10CCF0000700CC010700F9060900D8010700FB0670
:10CD00000700DE010700F9060900EA010700FB063B
:10CD10000900F6010700F906090002020401F80201
:10CD20000A0006020400F8040C000E020700F906CF
:10CD300009001A020401F90209001E020900FB0899
:10CD4000070026020700FB0607002C020700FB066F
:10CD5000070032020700FB0609003E020700FB063F
:10CD600009004A020500FB0507004F020700FB0609
:10CD7000070055020700F906090061020700FB06DB
:10CD8000070067020700FB0607006D020900FB08A9
:10CD9000070075020700FB0607007B020700FB0681
:10CDA000090087020700FB0607008D020B00FB0A43
:10CDB000030097020B00F90A0900AB020B00F80A06
:10CDC0000B00BF020B00F80A0B00D3020B00F80A9D
:10CDD0000B00E7020B00F80A0B00FB020B00F80A3D
:10CDE0000B000F030B00F80A0B0023030B00F80ADB
:10CDF0000B0037030B00F80A0B004B030B00F80A7B
:10CE00000B005F030B00F80A0B0073030B00F80A1A
:10CE10000B0087030B00F80A0B009B030B00F80ABA
:10CE20000B00AF030B00F80A0B00C3030B00F80A5A
:10CE30000B00D7030B00F80A0B00EB030B00F80AFA
:10CE40000B00FF030B00F80A0B0013040B00F80A99
:10CE50000B0027040B00F80A0B003B040B00F80A38
:10CE60000B004F040B00F80A0B0002020202020042
:10CE70007C8283837C000000000000000804FE0028
:10CE800000000000C4A293938C000000000000008A
:10CE900043939B976300000000000000382422FFAA
:10CEA00020000000000000004F8B8B8B73000000FF
:10CEB000000000007C8A8B8B7000000000000000E6
:10CEC00003C3330B07000000000000006C92939333
:10CED0006C000000000000001CA2A3A37C00000066
:10CEE00000000000E0382638E000000000000000EC
:10CEF000FF9393936C000000000000007C8283830A
:10CF00008000000000000000FF8383837C0000009D
:10CF100000000000FF9393938300000000000000D6
:10CF2000FF13131303000000000000007C828393B2
:10CF3000F000000000000000FF101010FE000000D4
:10CF400000000000FE000000608080807E00000085
:10CF500000000000FF1028448200000000000000D4
:10CF6000FF8080808000000000000000FF060810A5
:10CF7000080406FE0000000000000000FF06081084
:10CF8000FE000000000000007C8283837C00000023
:10CF900000000000FF2323231C000000000000000D
:10CFA0007C8283837C000000000001020200FF13EA
:10CFB0001313EC000000000000004C9293936000FB
:10CFC0000000000000000303FF0303000000000056
:10CFD00000007F8080807E000000000000000F3095
:10CFE000C0300E00000000000000FF8080FE808046
:10CFF000807E00000000000000008344384482006E
:10D000000000000000000F10E0100E000000000003
:10D010000000C3A3938B8700000000000000102ACB
:10D020002A2A3C00FF888888700000000000000069
:10D030001C222222240070888888FE000000000044
:10D0400000001C2A2A2A2C001010FC1213000000D9
:10D05000000000001CA2A2A27E0000000000000050
:10D06000FF100808F000000000000000F1000100BF
:10D070000000F10004040300FF00205088000000BD
:10D0800000000000FE0000003E02023E0202023CE0
:10D090003E0402023C001C2222221C00FE2222220C
:10D0A0001C000000000000001C222222FE000000E4
:10D0B000000000003E04020200242A2A2A1200086E
:10D0C000087E8C88000000000000001E2020103E1A
:10D0D000000618201806003E20203E2020201E2298
:10D0E00014081422001EA0A0A07E00000000000072
:10D0F0000022322A26220004040404040404060642
:10D10000048080838383838383C0800000000000C9
:10D11000000000000010F807E000F9FFAFA9F900D7
:10D1200003000302020202020261112F4FF9010003
:10D13000FC00FF00020201000000000203FF93490F
:10D14000BF7F29294983FF03020202030202020270
:10D150000310C80706F6060606568C0100000203F7
:10D1600000000000014626F61E1EF6F61616F00018
:10D170000001000003030001017949CF007C7E7E9D
:10D18000FE5E7C0202010001010303010121FF2375
:10D19000FF33212040229103000003000000020120
:10D1A00000007C565656D6D65E7C00020100030273
:10D1B0000202020102060636468666260E060002B6
:10D1C0000201010001010102028646A696FEDE96DA
:10D1D000A6468000000000030000000000112200AD
:10D1E0007E03E1F37E00FF02010002010000030064
:10D1F00003112200E0A0A0B0BEA0E00201000300E5
:10D20000000000020311220EF656FEFE56F60C0335
:10D21000000202010101010302FE9696FE9E96960F
:10D220009EFC0000000003020202020203109111A2
:10D2300011F1111111901001000002030000000013
:10D2400001EEA6B66EA6BEBE6626EC03020202037F
:10D2500002020302034656D656FE7E5656D64001BB
:10D2600003020200010101020211F20020E8283C41
:10D270003ECC0F000301020302000001022020FF48
:10D280002060A4A22020200002030202000001026C
:10D2900002F10280403901418103FF0300000000D8
:10D2A0000000000203F909F9A9AFAFF9F909F90380
:10D2B00002030202020203020301F90909EF0F0946
:10D2C00009F901020202010001010102020000004D
:10D2D00003000000CCC80020200000002000000057
:10D2E000E4D20512FFFFFF1F1F1F0F0F1F1F1F0F8D
:10D2F0000F1FFFFFFFFFFFFFFFFFFFFFFFFFFFFF0E
:10D30000FFFFFFFFFFFFFF00000000000000000024
:10D31000000000000000000000000000000000000D
:10D3200000FFFFFFFFFFFF00000000000000000003
:10D3300000000000000000000000000000000000ED
:10D3400000FFFFFFFFFFFFF8F8F8F8F8F8F8F8F82B
:10D35000F8F8F8F8F8F8F8F8F8F8F8F8F8F8F8F84D
:10D36000F8FFFFFF200000002000000070D305122E
:10D37000FFFFFFFFFFFFFFFFFFFFFFFFFFFFFFFFBD
:10D38000FFFFFFFFFFFFFF7F7F7F7FFFFFFFFFFFAD
:10D39000FFFFFFFFFFFFFFFF1F0F0707071F3F7F75
:10D3A0007FFFFFFFFFE1C08080C0E0F0FFFFFFFFD5
:10D3B000FFFFFFFFFF1F0F01000000000000000043
:10D3C0000000011F1F7FFFFFFFFFFFFFFFFFFFFFA9
:10D3D000FFFFFFFFFFFEFEFEFEFEFEFEFEFEFEFE68
:10D3E000FEFEFEFEFEFEFFFFFFFFFFFFFFFFFFFF53
:10D3F0002000000020000000FCD30512FFFF7F7F0B
:10D400000FEFEFE3E8E3EFEFE3E8E3EFEFE3E8E369
:10D41000EFEF636863EFEF0F7F7FFFFFDEDE8CAD22
:10D4200000FFFFFFFFFFFFFFFFFFFFFFFFFFFFFF0B
:10D43000FFFFFCFDFCFFFF00AD8CDEDE7B7B31B52A
:10D4400000FFFFFFFFFFFFFFFFFFFFFFFFFFFFFFEB
:10D45000FFFFFFFFFFFFFF00B5317B7BFFFFFEFEFD
:10D46000F0F7F7C717C7F7F7C717C7F7F7C717C713
:10D47000F7F7C717C7F7F7F0FEFEFFFF0800000039
:10D480001000000088D40512FF3F0F013F3F3F3FCF
:10D49000FCFCFCFC80E0FCFF200000002000000001
:10D4A000A4D40512FFFFFFFFFFFFFFC7870F0F1F69
:10D4B0001F1F030101031F1F1F0F0F87C7FFFFFF60
:10D4C000FFFFFFFFFFFFFFFFEFC7C7830100000063
:10D4D0003C7EFFFFFFFF7E3C0000008183C7C7EF5B
:10D4E000FFFFFFFFFF7F7F7FFFFFCFC7E1E0F0F08F
:10D4F000F0F080000080F0F0F0F0E0E1C7CFFFFF37
:10D500007F7F7FFFFFC0C0C0CFCFCFCFCFCFCFCFE8
:10D51000CFCFCFCFCFCFCFCFCFCFCFCFCFCFCFCF1B
:10D52000C0C0C0FF200000002000000030D5051260
:10D5300000000000FE0202FA0A0A0A0A0A0A0A0A9F
:10D540000A0A0A0AFA5222FE000000000000000047
:10D55000000000807F40405F50505050505050506D
:10D56000505050505F40407F4080808080000000DD
:10D57000007F7F4041405D555555545C40405E42C0
:10D5800056425E405E42525652425E407F10E0007C
:10D59000000000003C524A437B5B525A4A7A5A5A76
:10D5A000527A5B737653675246321E180403010E9B
:10D5B0005F617564696F5F6465765F696E69740049
:10D5C0005F617564696F5F6465765F6F70656E003B
:10D5D0005F617564696F5F6465765F636C6F7365C7
:10D5E000005F617564696F5F6465765F7265616431
:10D5F000005F617564696F5F6465765F77726974F7
:10D6000065005F617564696F5F73656E645F726505
:10D61000706C61795F6672616D65005F61756469E8
:10D620006F5F6465765F636F6E74726F6C007274A7
:10D630005F617564696F5F726567697374657200B5
:10D6400072745F706970655F726561640072745FA7
:10D65000706970655F77726974650072745F617577
:10D6600064696F5F706970655F696E697400727478
:10D670005F6465766963655F687774696D65725F1D
:10D6800072656769737465720072745F6465766948
:10D6900063655F687774696D65725F697372007244
:10D6A000745F6932635F6D61737465725F72656325
:10D6B000760072745F6932635F636F6E74726F6C51
:10D6C0000072745F6932635F636C6F7365007274BC
:10D6D0005F6932635F6F70656E006932635F6275A8
:10D6E000735F6465766963655F6F70656E0069324C
:10D6F000635F6275735F6465766963655F636C6FB2
:10D700007365006932635F6275735F646576696330
:10D71000655F72656164006932635F6275735F643F
:10D7200065766963655F7772697465006932635F06
:10D730006275735F6465766963655F636F6E74724B
:10D740006F6C0072745F6932635F6275735F6465EA
:10D75000766963655F6465766963655F696E697440
:10D760000072745F70696E5F726561640072745FED
:10D7700070696E5F77726974650072745F70696E4C
:10D780005F6D6F6465007570646174655F70696E6C
:10D790005F6972710072745F70696E5F6972715F48
:10D7A000656E61626C650072745F70696E5F617452
:10D7B000746163685F697271005F70696E5F726542
:10D7C0006164007570646174655F70696E5F766135
:10D7D0006C7565005F70696E5F7772697465006172
:10D7E00064645F70696E5F6D6F6465005F70696E21
:10D7F0005F636F6E74726F6C007265616420737426
:10D80000617475732066726F6D20686172647761F0
:10D8100072652070696E0070696E52656164007790
:10D82000726974652076616C756520746F2068611B
:10D830007264776172652070696E0070696E5772EC
:10D8400069746500736574206861726477617265DC
:10D850002070696E206D6F64650070696E4D6F6435
:10D86000650072745F6164635F64697361626C65B3
:10D870000072745F6164635F656E61626C65007203
:10D88000745F6164635F72656164006164632066F4
:10D89000756E6374696F6E005F5F636D645F616472
:10D8A0006300676574206461746520616E64207430
:10D8B000696D65206F7220736574205B7965617294
:10D8C000206D6F6E74682064617920686F757220B6
:10D8D0006D696E207365635D005F5F636D645F7388
:10D8E000686F775F64617465007365742074696D37
:10D8F000652E20652E673A207365745F74696D65C7
:10D900002832332C2035392C2035392900736574A1
:10D910005F74696D650073657420646174652E20A1
:10D92000652E673A207365745F64617465283230D0
:10D9300031302C20322C20323829007365745F641A
:10D940006174650073686F77206461746520616E2F
:10D95000642074696D652E005F5F636D645F6C6940
:10D9600073745F646174650072745F646D615F728B
:10D970006563765F7570646174655F7075745F6907
:10D980006E6465780072745F68775F736572696151
:10D990006C5F6973720072745F73657269616C5F4A
:10D9A000696E69740072745F73657269616C5F6F30
:10D9B00070656E0072745F73657269616C5F636C31
:10D9C0006F73650072745F646D615F726563765F2B
:10D9D0007570646174655F6765745F696E646578AE
:10D9E000005F73657269616C5F646D615F7278007E
:10D9F0005F73657269616C5F696E745F72780072E3
:10DA0000745F73657269616C5F72656164005F73F6
:10DA1000657269616C5F696E745F74780072745FBF
:10DA200073657269616C5F7772697465005F7365B5
:10DA30007269616C5F6669666F5F63616C635F7278
:10DA400065637665645F6C656E0072745F736572A2
:10DA500069616C5F636F6E74726F6C00736572697D
:10DA6000616C5F666F70735F6F70656E0073657277
:10DA700069616C5F666F70735F706F6C6C0072745D
:10DA80005F68775F73657269616C5F726567697300
:10DA900074657200F15B0412DB5B0412D55B041247
:10DAA000975B0412895B0412000000000000000074
:10DAB00000000000895A041272745F7370695F7409
:10DAC00072616E736665720072745F7370695F6312
:10DAD0006F6E666967757265005F737069646576FD
:10DAE0005F6465766963655F6F70656E005F737014
:10DAF000696465765F6465766963655F636C6F739F
:10DB000065005F7370696465765F646576696365F7
:10DB10005F72656164005F7370696465765F6465F8
:10DB2000766963655F77726974650072745F73709C
:10DB3000696465765F6465766963655F696E69745B
:10DB4000005F7370695F6275735F646576696365B2
:10DB50005F72656164005F7370695F6275735F64B3
:10DB600065766963655F77726974650072745F7367
:10DB700070695F6275735F6465766963655F696E1E
:10DB800069740072745F636F6D706C6574696F6E39
:10DB90005F646F6E650072745F636F6D706C657447
:10DBA000696F6E5F776169740072745F636F6D7027
:10DBB0006C6574696F6E5F696E69740072745F641E
:10DBC0006174615F71756575655F7065616B007229
:10DBD000745F646174615F71756575655F706F70A6
:10DBE0000072745F646174615F71756575655F7003
:10DBF0007573680072745F646174615F71756575D7
:10DC0000655F696E69740072745F72696E676275D0
:10DC1000666665725F72657365740072745F7269BF
:10DC20006E676275666665725F6765740072745FC1
:10DC300072696E676275666665725F707574007290
:10DC4000745F72696E676275666665725F696E6938
:10DC5000740072745F7771756575655F776169745B
:10DC60000000000000202020202020202020282844
:10DC7000282828202020202020202020202020208C
:10DC800020202020208810101010101010101010CC
:10DC900010101010100404040404040404040410FC
:10DCA000101010101010414141414141010101018A
:10DCB0000101010101010101010101010101010154
:10DCC0001010101010104242424242420202020260
:10DCD0000202020202020202020202020202020224
:10DCE00010101010200000000000000000000000D4
:10DCF0000000000000000000000000000000000024
:10DD00000000000000000000000000000000000013
:10DD10000000000000000000000000000000000003
:10DD200000000000000000000000000000000000F3
:10DD300000000000000000000000000000000000E3
:10DD400000000000000000000000000000000000D3
:10DD500000000000000000000000000000000000C3
:10DD60000000000000000000303132333435363717
:10DD700038394142434445460000000030313233D7
:10DD800034353637383961626364656600000000F7
:10DD9000286E756C6C290000545A0000474D5400E1
:10DDA0002531315B2D2B302D39412D5A612D7A5D76
:10DDB000256E00002531315B412D5A612D7A5D259C
:10DDC0006E000000256875256E3A256875256E3A47
:10DDD000256875256E0000004D256875256E2E2579
:10DDE0006875256E2E256875256E00002F256875CF
:10DDF000256E3A256875256E3A256875256E0000F2
:10DE00002E0000004C435F434F4C4C4154450000F2
:10DE10004C435F4354595045000000004C435F4D54
:10DE20004F4E4554415259004C435F4E554D45525B
:10DE3000494300004C435F54494D45004C435F4DFE
:10DE40004553534147455300494E4600696E6600AD
:10DE50004E414E006E616E0030000000252E33737F
:10DE600020252E337325336420252E32643A252E47
:10DE700032643A252E32642025640A00496E6669B0
:10DE80006E697479000000004E614E0042616C6C56
:10DE90006F632073756363656564656400000000EB
:10DEA0002F646174612F6A656E6B696E732F776F73
:10DEB000726B73706163652F474E552D746F6F6C75
:10DEC000636861696E2F61726D2D31342D352F734A
:10DED00072632F6E65776C69622D63796777696EFF
:10DEE0002F6E65776C69622F6C6962632F7374643F
:10DEF0006C69622F64746F612E6300002F6461741B
:10DF0000612F6A656E6B696E732F776F726B7370BA
:10DF10006163652F474E552D746F6F6C636861693F
:10DF20006E2F61726D2D31342D352F7372632F6E0C
:10DF300065776C69622D63796777696E2F6E657797
:10DF40006C69622F6C6962632F7374646C69622FF1
:10DF50006D707265632E63004A495300534A4953FA
:10DF6000000000004555434A500000002C20667513
:10DF70006E6374696F6E3A20000000006173736510
:10DF80007274696F6E2022257322206661696C6548
:10DF9000643A2066696C6520222573222C206C6906
:10DFA0006E65202564257325730A000030303030FB
:10DFB00030303030303030303030303020202020A1
:10DFC00020202020202020202020202000000000D1
:10DFD0001F0000003B0000005A0000007800000015
:10DFE00097000000B5000000D4000000F30000001E
:10DFF00011010000300100004E0100001F00000070
:10E000001C0000001F0000001E0000001F00000098
:10E010001E0000001F0000001F0000001E00000086
:10E020001F0000001E0000001F0000000A00010089
:10E0300002000300040005000600070008000900B4
:10E040000A000B000C000D000E000F001000000075
:10E0500030303030303030303030303030303030C0
:10E0600020202020202020202020202020202020B0
:10E070004A616E4665624D61724170724D61794AC6
:10E08000756E4A756C4175675365704F63744E6F5A
:10E090007644656353756E4D6F6E54756557656450
:10E0A0005468754672695361740000001F000000D7
:10E0B0001C0000001F0000001E0000001F000000E8
:10E0C0001E0000001F0000001F0000001E000000D6
:10E0D0001F0000001E0000001F0000001F000000C5
:10E0E0001D0000001F0000001E0000001F000000B7
:10E0F0001E0000001F0000001F0000001E000000A6
:10E100001F0000001E0000001F00000005000000AE
:10E11000190000007D0000000080E03779C3414312
:10E12000176E05B5B5B89346F5F93FE9034F384D7D
:10E13000321D30F94877825A3CBF737FDD4F157529
:10E14000000000000000F03F00000000000024403C
:10E1500000000000000059400000000000408F4017
:10E16000000000000088C34000000000006AF84082
:10E170000000000080842E4100000000D0126341A6
:10E180000000000084D797410000000065CDCD411C
:10E19000000000205FA00242000000E876483742FD
:10E1A000000000A2941A6D42000040E59C30A2429B
:10E1B0000000901EC4BCD64200003426F56B0C4310
:10E1C0000080E03779C3414300A0D88557347643B7
:10E1D00000C84E676DC1AB43003D9160E458E14318
:10E1E000408CB5781DAF154450EFE2D6E41A4B448D
:10E1F00092D54D06CFF08044F64AE1C7022DB544D2
:10E20000B49DD9794378EA440C5F104E154E2A4EDE
:10E21000314E364E3C4E3F4E424E564E584E824E3A
:10E22000854E6B8C8A4E12820D5F8E4E9E4E9F4E97
:10E23000A04EA24EB04EB34EB64ECE4ECD4EC44EB4
:10E24000C64EC24ED74EDE4EED4EDF4EF74E094F54
:10E250005A4F304F5B4F5D4F574F474F764F884F68
:10E260008F4F984F7B4F694F704F914F6F4F864F35
:10E27000964F1851D44FDF4FCE4FD84FDB4FD14F71
:10E28000DA4FD04FE44FE54F1A50285014502A501F
:10E29000255005501C4FF64F215029502C50FE4F51
:10E2A000EF4F1150065043504750036755505050A0
:10E2B00048505A5056506C50785080509A50855063
:10E2C000B450B250C950CA50B350C250D650DE50AC
:10E2D000E550ED50E350EE50F950F5500951015121
:10E2E00002511651155114511A5121513A513751B9
:10E2F0003C513B513F51405152514C51545162514C
:10E30000F87A69516A516E5180518251D8568C51B8
:10E3100089518F519151935195519651A451A651C4
:10E32000A251A951AA51AB51B351B151B251B051FF
:10E33000B551BD51C551C951DB51E0515586E95127
:10E34000ED51F051F551FE5104520B5214520E5240
:10E3500027522A522E52335239524F5244524B5264
:10E360004C525E5254526A527452695273527F52E6
:10E370007D528D5294529252715288529152A88F6E
:10E38000A78FAC52AD52BC52B552C152CD52D752EA
:10E39000DE52E352E652ED98E052F352F552F85253
:10E3A000F9520653085338750D5310530F53155334
:10E3B0001A5323532F533153335338534053465337
:10E3C0004553174E49534D53D6515E5369536E53BF
:10E3D00018597B53775382539653A053A653A55392
:10E3E000AE53B053B653C353127CD996DF53FC6679
:10E3F000EE71EE53E853ED53FA5301543D5440543B
:10E400002C542D543C542E54365429541D544E54DF
:10E410008F5475548E545F54715477547054925481
:10E420007B5480547654845490548654C754A254D8
:10E43000B854A554AC54C454C854A854AB54C25492
:10E44000A454BE54BC54D854E554E6540F55145546
:10E45000FD54EE54ED54FA54E25439554055635589
:10E460004C552E555C5545555655575538553355D1
:10E470005D5599558055AF548A559F557B557E55AE
:10E4800098559E55AE557C558355A9558755A85529
:10E49000DA55C555DF55C455DC55E455D4551456E9
:10E4A000F7551656FE55FD551B56F9554E56505606
:10E4B000DF7134563656325638566B5664562F56E0
:10E4C0006C566A56865680568A56A05694568F5673
:10E4D000A556AE56B656B456C256BC56C156C356CD
:10E4E000C056C856CE56D156D356D756EE56F956C4
:10E4F0000057FF560457095708570B570D57135726
:10E5000018571657C7551C572657375738574E5761
:10E510003B5740574F576957C057885761577F57E8
:10E5200089579357A057B357A457AA57B057C35703
:10E53000C657D457D257D3570A58D657E3570B5814
:10E5400019581D587258215862584B587058C06B52
:10E5500052583D5879588558B9589F58AB58BA58B1
:10E56000DE58BB58B858AE58C558D358D158D758AC
:10E57000D958D858E558DC58E458DF58EF58FA58BD
:10E58000F958FB58FC58FD5802590A5910591B59A3
:10E59000A66825592C592D59325938593E59D27AE5
:10E5A000555950594E595A595859625960596759D5
:10E5B0006C596959785981599D595E4FAB4FA35990
:10E5C000B259C659E859DC598D59D959DA59255AE1
:10E5D0001F5A115A1C5A095A1A5A405A6C5A495A07
:10E5E000355A365A625A6A5A9A5ABC5ABE5ACB5A45
:10E5F000C25ABD5AE35AD75AE65AE95AD65AFA5A73
:10E60000FB5A0C5B0B5B165B325BD05A2A5B365BAA
:10E610003E5B435B455B405B515B555B5A5B5B5BC1
:10E62000655B695B705B735B755B785B88657A5B68
:10E63000805B835BA65BB85BC35BC75BC95BD45B7A
:10E64000D05BE45BE65BE25BDE5BE55BEB5BF05BD8
:10E65000F65BF35B055C075C085C0D5C135C205C9F
:10E66000225C285C385C395C415C465C4E5C535CE7
:10E67000505C4F5C715B6C5C6E5C624E765C795C8E
:10E680008C5C915C945C9B59AB5CBB5CB65CBC5C89
:10E69000B75CC55CBE5CC75CD95CE95CFD5CFA5CE0
:10E6A000ED5C8C5DEA5C0B5D155D175D5C5D1F5D6F
:10E6B0001B5D115D145D225D1A5D195D185D4C5D79
:10E6C000525D4E5D4B5D6C5D735D765D875D845D17
:10E6D000825DA25D9D5DAC5DAE5DBD5D905DB75D33
:10E6E000BC5DC95DCD5DD35DD25DD65DDB5DEB5DAF
:10E6F000F25DF55D0B5E1A5E195E115E1B5E365EA5
:10E70000375E445E435E405E4E5E575E545E5F5EC3
:10E71000625E645E475E755E765E7A5EBC9E7F5E1C
:10E72000A05EC15EC25EC85ED05ECF5ED65EE35EB6
:10E73000DD5EDA5EDB5EE25EE15EE85EE95EEC5ED7
:10E74000F15EF35EF05EF45EF85EFE5E035F095F0D
:10E750005D5F5C5F0B5F115F165F295F2D5F385F48
:10E76000415F485F4C5F4E5F2F5F515F565F575F61
:10E77000595F615F6D5F735F775F835F825F7F5F0C
:10E780008A5F885F915F875F9E5F995F985FA05FF8
:10E79000A85FAD5FBC5FD65FFB5FE45FF85FF15FD2
:10E7A000DD5FB360FF5F2160606019601060296009
:10E7B0000E6031601B6015602B6026600F603A6050
:10E7C0005A6041606A6077605F604A6046604D6091
:10E7D00063604360646042606C606B60596081603C
:10E7E0008D60E76083609A6084609B60966097604C
:10E7F0009260A7608B60E160B860E060D360B46055
:10E80000F05FBD60C660B560D8604D61156106619E
:10E81000F660F7600061F460FA6003612161FB60FB
:10E82000F1600D610E6147613E61286127614A61B7
:10E830003F613C612C6134613D61426144617361BF
:10E840007761586159615A616B6174616F6165618B
:10E8500071615F615D615361756199619661876105
:10E86000AC6194619A618A619161AB61AE61CC6186
:10E87000CA61C961F761C861C361C661BA61CB6130
:10E88000797FCD61E661E361F661FA61F461FF6170
:10E89000FD61FC61FE610062086209620D620C624A
:10E8A00014621B621E6221622A622E623062326230
:10E8B000336241624E625E6263625B6260626862A2
:10E8C0007C62826289627E62926293629662D462A4
:10E8D00083629462D762D162BB62CF62FF62C6621A
:10E8E000D464C862DC62CC62CA62C262C7629B62E4
:10E8F000C9620C63EE62F162276302630863EF6230
:10E90000F56250633E634D631C644F6396638E6390
:10E910008063AB637663A3638F6389639F63B5632F
:10E920006B636963BE63E963C063C663E363C96322
:10E93000D263F663C46316643464066413642664A5
:10E9400036641D65176428640F6467646F647664B9
:10E950004E642A6595649364A564A9648864BC6464
:10E96000DA64D264C564C764BB64D864C264F16409
:10E97000E7640982E064E164AC62E364EF642C65FF
:10E98000F664F464F264FA640065FD6418651C655D
:10E990000565246523652B65346535653765366502
:10E9A00038654B754865566555654D6558655E65B6
:10E9B0005D6572657865826583658A8B9B659F65F9
:10E9C000AB65B765C365C665C165C465CC65D26511
:10E9D000DB65D965E065E165F16572670A66036626
:10E9E000FB6573673566366634661C664F6644663B
:10E9F000496641665E665D666466676668665F6610
:10EA000062667066836688668E66896684669866C6
:10EA10009D66C166B966C966BE66BC66C466B866F0
:10EA2000D666DA66E0663F66E666E966F066F56633
:10EA3000F7660F6716671E672667276738972E6782
:10EA40003F67366741673867376746675E67606765
:10EA500059676367646789677067A9677C676A67D6
:10EA60008C678B67A667A1678567B767EF67B46731
:10EA7000EC67B367E967B867E467DE67DD67E2679D
:10EA8000EE67B967CE67C667E7679C6A1E68466827
:10EA9000296840684D6832684E68B3682B685968C9
:10EAA000636877687F689F688F68AD6894689D68C1
:10EAB0009B688368AE6AB9687468B568A068BA680C
:10EAC0000F698D687E680169CA680869D86822691B
:10EAD0002669E1680C69CD68D468E768D56836694D
:10EAE00012690469D768E3682569F968E068EF6826
:10EAF00028692A691A6923692169C6687969776969
:10EB00005C6978696B6954697E696E693969746991
:10EB10003D695969306961695E695D6981696A69E0
:10EB2000B269AE69D069BF69C169D369BE69CE698E
:10EB3000E85BCA69DD69BB69C369A7692E6A916927
:10EB4000A0699C699569B469DE69E869026A1B6A13
:10EB5000FF690A6BF969F269E769056AB1691E6ABA
:10EB6000ED69146AEB690A6A126AC16A236A136A58
:10EB7000446A0C6A726A366A786A476A626A596AD3
:10EB8000666A486A386A226A906A8D6AA06A846AEC
:10EB9000A26AA36A976A1786BB6AC36AC26AB86A1E
:10EBA000B36AAC6ADE6AD16ADF6AAA6ADA6AEA6ABA
:10EBB000FB6A056B1686FA6A126B166B319B1F6B2C
:10EBC000386B376BDC76396BEE98476B436B496B70
:10EBD000506B596B546B5B6B5F6B616B786B796BD4
:10EBE0007F6B806B846B836B8D6B986B956B9E6B6F
:10EBF000A46BAA6BAB6BAF6BB26BB16BB36BB76B48
:10EC0000BC6BC66BCB6BD36BDF6BEC6BEB6BF36BE3
:10EC1000EF6BBE9E086C136C146C1B6C246C236C25
:10EC20005E6C556C626C6A6C826C8D6C9A6C816CDB
:10EC30009B6C7E6C686C736C926C906CC46CF16CA9
:10EC4000D36CBD6CD76CC56CDD6CAE6CB16CBE6C3E
:10EC5000BA6CDB6CEF6CD96CEA6C1F6D4D88366D4D
:10EC60002B6D3D6D386D196D356D336D126D0C6DFD
:10EC7000636D936D646D5A6D796D596D8E6D956D83
:10EC8000E46F856DF96D156E0A6EB56DC76DE66D35
:10EC9000B86DC66DEC6DDE6DCC6DE86DD26DC56D79
:10ECA000FA6DD96DE46DD56DEA6DEE6D2D6E6E6EFB
:10ECB0002E6E196E726E5F6E3E6E236E6B6E2B6ED5
:10ECC000766E4D6E1F6E436E3A6E4E6E246EFF6E04
:10ECD0001D6E386E826EAA6E986EC96EB76ED36E58
:10ECE000BD6EAF6EC46EB26ED46ED56E8F6EA56EF5
:10ECF000C26E9F6E416F116F4C70EC6EF86EFE6EBF
:10ED00003F6FF26E316FEF6E326FCC6E3E6F136FEE
:10ED1000F76E866F7A6F786F816F806F6F6F5B6F42
:10ED2000F36F6D6F826F7C6F586F8E6F916FC26FD4
:10ED3000666FB36FA36FA16FA46FB96FC66FAA6F31
:10ED4000DF6FD56FEC6FD46FD86FF16FEE6FDB6F45
:10ED500009700B70FA6F117001700F70FE6F1B70ED
:10ED60001A70746F1D7018701F7030703E703270A2
:10ED70005170637099709270AF70F170AC70B87030
:10ED8000B370AE70DF70CB70DD70D9700971FD703B
:10ED90001C711971657155718871667162714C7160
:10EDA00056716C718F71FB7184719571A871AC7122
:10EDB000D771B971BE71D271C971D471CE71E07160
:10EDC000EC71E771F571FC71F971FF710D721072E0
:10EDD0001B7228722D722C72307232723B723C722E
:10EDE0003F72407246724B72587274727E728272B7
:10EDF0008172877292729672A272A772B972B2729F
:10EE0000C372C672C472CE72D272E272E072E172E2
:10EE1000F972F7720F5017730A731C7316731D7310
:10EE200034732F73297325733E734E734F73D89EBB
:10EE300057736A7368737073787375737B737A73BF
:10EE4000C873B373CE73BB73C073E573EE73DE73B5
:10EE5000A27405746F742574F87332743A7455741F
:10EE60003F745F74597441745C7469747074637432
:10EE70006A7476747E748B749E74A774CA74CF742B
:10EE8000D474F173E074E374E774E974EE74F274AB
:10EE9000F074F174F874F7740475037505750C75E6
:10EEA0000E750D75157513751E7526752C753C75CB
:10EEB00044754D754A7549755B7546755A75697522
:10EEC000647567756B756D757875767586758775FC
:10EED00074758A758975827594759A759D75A57511
:10EEE000A375C275B375C375B575BD75B875BC75B9
:10EEF000B175CD75CA75D275D975E375DE75FE75B8
:10EF0000FF75FC750176F075FA75F275F3750B7681
:10EF10000D7609761F76277620762176227624765E
:10EF2000347630763B764776487646765C76587609
:10EF300061766276687669766A7667766C767076E0
:10EF40007276767678767C768076837688768B761F
:10EF50008E769676937699769A76B076B476B876FB
:10EF6000B976BA76C276CD76D676D276DE76E17688
:10EF7000E576E776EA762F86FB76087707770477DB
:10EF8000297724771E77257726771B773777387789
:10EF900047775A7768776B775B7765777F777E7788
:10EFA00079778E778B779177A0779E77B077B677E2
:10EFB000B977BF77BC77BD77BB77C777CD77D77782
:10EFC000DA77DC77E377EE77FC770C7812782679BE
:10EFD00020782A7945788E78747886787C789A7843
:10EFE0008C78A378B578AA78AF78D178C678CB78C2
:10EFF000D478BE78BC78C578CA78EC78E778DA78C7
:10F00000FD78F47807791279117919792C792B79AF
:10F010004079607957795F795A79557953797A7956
:10F020007F798A799D79A7794B9FAA79AE79B3794F
:10F03000B979BA79C979D579E779EC79E179E37960
:10F04000087A0D7A187A197A207A1F7A8079317ABB
:10F050003B7A3E7A377A437A577A497A617A627A8A
:10F06000697A9D9F707A797A7D7A887A977A957A8B
:10F07000987A967AA97AC87AB07AB67AC57AC47A32
:10F08000BF7A8390C77ACA7ACD7ACF7AD57AD37A83
:10F09000D97ADA7ADD7AE17AE27AE67AED7AF07A8A
:10F0A000027B0F7B0A7B067B337B187B197B1E7BE5
:10F0B000357B287B367B507B7A7B047B4D7B0B7BBF
:10F0C0004C7B457B757B657B747B677B707B717B41
:10F0D0006C7B6E7B9D7B987B9F7B8D7B9C7B9A7BE7
:10F0E0008B7B927B8F7B5D7B997BCB7BC17BCC7B4E
:10F0F000CF7BB47BC67BDD7BE97B117C147CE67B1C
:10F10000E57B607C007C077C137CF37BF77B177CC2
:10F110000D7CF67B237C277C2A7C1F7C377C2B7C18
:10F120003D7C4C7C437C547C4F7C407C507C587CA8
:10F130005F7C647C567C657C6C7C757C837C907C7D
:10F14000A47CAD7CA27CAB7CA17CA87CB37CB27C93
:10F15000B17CAE7CB97CBD7CC07CC57CC27CD87CDB
:10F16000D27CDC7CE27C3B9BEF7CF27CF47CF67C0A
:10F17000FA7C067D027D1C7D157D0A7D457D4B7DDB
:10F180002E7D327D3F7D357D467D737D567D4E7D66
:10F19000727D687D6E7D4F7D637D937D897D5B7D16
:10F1A0008F7D7D7D9B7DBA7DAE7DA37DB57DC77D49
:10F1B000BD7DAB7D3D7EA27DAF7DDC7DB87D9F7D3D
:10F1C000B07DD87DDD7DE47DDE7DFB7DF27DE17D62
:10F1D000057E0A7E237E217E127E317E1F7E097E81
:10F1E0000B7E227E467E667E3B7E357E397E437E6A
:10F1F000377E327E3A7E677E5D7E567E5E7E597EAB
:10F200005A7E797E6A7E697E7C7E7B7E837ED57D1A
:10F210007D7EAE8F7F7E887E897E8C7E927E907E84
:10F22000937E947E967E8E7E9B7E9C7E387F3A7FF8
:10F23000457F4C7F4D7F4E7F507F517F557F547F60
:10F24000587F5F7F607F687F697F677F787F827F7D
:10F25000867F837F887F877F8C7F947F9E7F9D7F43
:10F260009A7FA37FAF7FB27FB97FAE7FB67FB87F33
:10F27000718BC57FC67FCA7FD57FD47FE17FE67F54
:10F28000E97FF37FF97FDC98068004800B80128091
:10F29000188019801C80218028803F803B804A8014
:10F2A0004680528058805A805F8062806880738078
:10F2B00072807080768079807D807F808480868077
:10F2C00085809B8093809A80AD809051AC80DB805C
:10F2D000E580D980DD80C480DA80D6800981EF8026
:10F2E000F1801B81298123812F814B818B9646815F
:10F2F0003E8153815181FC8071816E81658166817F
:10F300007481838188818A8180818281A0819581B5
:10F31000A481A3815F819381A981B081B581BE81E0
:10F32000B881BD81C081C281BA81C981CD81D181BD
:10F33000D981D881C881DA81DF81E081E781FA81D2
:10F34000FB81FE8101820282058207820A820D8290
:10F350001082168229822B8238823382408259821F
:10F3600058825D825A825F826482628268826A8287
:10F370006B822E827182778278827E828D829282E7
:10F38000AB829F82BB82AC82E182E382DF82D28247
:10F39000F482F382FA8293830383FB82F982DE8212
:10F3A0000683DC820983D9823583348316833283D2
:10F3B000318340833983508345832F832B83178385
:10F3C000188385839A83AA839F83A283968323834A
:10F3D0008E8387838A837C83B58373837583A083BD
:10F3E0008983A883F4831384EB83CE83FD83038412
:10F3F000D8830B84C183F7830784E083F2830D8471
:10F4000022842084BD8338840685FB836D842A840E
:10F410003C845A85848477846B84AD846E84828432
:10F42000698446842C846F8479843584CA84628498
:10F43000B984BF849F84D984CD84BB84DA84D0848A
:10F44000C184C684D684A1842185FF84F484178571
:10F4500018852C851F8515851485FC84408563855A
:10F4600058854885418502864B8555858085A485CC
:10F47000888591858A85A8856D8594859B85EA8593
:10F4800087859C8577857E859085C985BA85CF855A
:10F49000B985D085D585DD85E585DC85F9850A8644
:10F4A00013860B86FE85FA85068622861A863086A6
:10F4B0003F864D86554E54865F8667867186938655
:10F4C000A386A986AA868B868C86B686AF86C486D6
:10F4D000C686B086C9862388AB86D486DE86E98652
:10F4E000EC86DF86DB86EF86128706870887008733
:10F4F0000387FB86118709870D87F9860A8734877A
:10F500003F8737873B87258729871A8760875F87EB
:10F5100078874C874E877487578768876E875987A7
:10F52000538763876A870588A2879F878287AF870B
:10F53000CB87BD87C087D087D696AB87C487B38774
:10F54000C787C687BB87EF87F287E0870F880D885C
:10F55000FE87F687F7870E88D28711881688158868
:10F560002288218831883688398827883B884488D2
:10F570004288528859885E8862886B8881887E8834
:10F580009E8875887D88B5887288828897889288D9
:10F59000AE889988A2888D88A488B088BF88B188F1
:10F5A000C388C488D488D888D988DD88F988028936
:10F5B000FC88F488E888F28804890C890A89138910
:10F5C00043891E8925892A892B89418944893B8958
:10F5D000368938894C891D8960895E896689648984
:10F5E0006D896A896F89748977897E898389888919
:10F5F0008A8993899889A189A989A689AC89AF89C3
:10F60000B289BA89BD89BF89C089DA89DC89DD8977
:10F61000E789F489F889038A168A108A0C8A1B8A7A
:10F620001D8A258A368A418A5B8A528A468A488A96
:10F630007C8A6D8A6C8A628A858A828A848AA88A90
:10F64000A18A918AA58AA68A9A8AA38AC48ACD8A1F
:10F65000C28ADA8AEB8AF38AE78AE48AF18A148B0F
:10F66000E08AE28AF78ADE8ADB8A0C8B078B1A8BA8
:10F67000E18A168B108B178B208B338BAB97268BE5
:10F680002B8B3E8B288B418B4C8B4F8B4E8B498B1E
:10F69000568B5B8B5A8B6B8B5F8B6C8B6F8B748BEE
:10F6A0007D8B808B8C8B8E8B928B938B968B998B97
:10F6B0009A8B3A8C418C3F8C488C4C8C4E8C508C65
:10F6C000558C628C6C8C788C7A8C828C898C858C35
:10F6D0008A8C8D8C8E8C948C7C8C988C1D62AD8CDD
:10F6E000AA8CBD8CB28CB38CAE8CB68CC88CC18C01
:10F6F000E48CE38CDA8CFD8CFA8CFB8C048D058D0C
:10F700000A8D078D0F8D0D8D108D4E9F138DCD8C15
:10F71000148D168D678D6D8D718D738D818D998D85
:10F72000C28DBE8DBA8DCF8DDA8DD68DCC8DDB8D11
:10F73000CB8DEA8DEB8DDF8DE38DFC8D088E098EF0
:10F74000FF8D1D8E1E8E108E1F8E428E358E308E3A
:10F75000348E4A8E478E498E4C8E508E488E598EEE
:10F76000648E608E2A8E638E558E768E728E7C8E1F
:10F77000818E878E858E848E8B8E8A8E938E918ECF
:10F78000948E998EAA8EA18EAC8EB08EC68EB18EBE
:10F79000BE8EC58EC88ECB8EDB8EE38EFC8EFB8E2E
:10F7A000EB8EFE8E0A8F058F158F128F198F138F98
:10F7B0001C8F1F8F1B8F0C8F268F338F3B8F398FA2
:10F7C000458F428F3E8F4C8F498F468F4E8F578F7C
:10F7D0005C8F628F638F648F9C8F9F8FA38FAD8FA1
:10F7E000AF8FB78FDA8FE58FE28FEA8FEF8F879039
:10F7F000F48F0590F98FFA8F1190159021900D904C
:10F800001E9016900B902790369035903990F88F77
:10F810004F905090519052900E9049903E9056903B
:10F8200058905E9068906F907690A89672908290B3
:10F830007D90819080908A9089908F90A890AF90D1
:10F84000B190B590E290E4904862DB900291129101
:10F850001991329130914A915691589163916591E5
:10F860006991739172918B9189918291A291AB91DF
:10F87000AF91AA91B591B491BA91C091C191C9913A
:10F88000CB91D091D691DF91E191DB91FC91F591F3
:10F89000F6911E92FF9114922C92159211925E9203
:10F8A0005792459249926492489295923F924B9218
:10F8B00050929C92969293929B925A92CF92B99226
:10F8C000B792E9920F93FA9244932E93199322934D
:10F8D0001A9323933A9335933B935C9360937C9371
:10F8E0006E935693B093AC93AD939493B993D69390
:10F8F000D793E893E593D893C393DD93D093C893BC
:10F90000E4931A94149413940394079410943694E3
:10F910002B94359421943A944194529444945B945A
:10F92000609462945E946A9429927094759477942A
:10F930007D945A947C947E9481947F94829587954B
:10F940008A959495969598959995A095A895A7953B
:10F95000AD95BC95BB95B995BE95CA95F66FC39507
:10F96000CD95CC95D595D495D695DC95E195E59535
:10F97000E295219628962E962F9642964C964F9673
:10F980004B9677965C965E965D965F9666967296B7
:10F990006C968D96989695969796AA96A796B196F8
:10F9A000B296B096B496B696B896B996CE96CB96D1
:10F9B000C996CD964D89DC960D97D596F996049704
:10F9C0000697089713970E9711970F971697199701
:10F9D00024972A97309739973D973E9744974697B3
:10F9E0004897429749975C9760976497669768979E
:10F9F000D2526B977197799785977C9781977A9771
:10FA000086978B978F9790979C97A897A697A39781
:10FA1000B397B497C397C697C897CB97DC97ED97E2
:10FA20004F9FF297DF7AF697F5970F980C983898D2
:10FA30002498219837983D9846984F984B986B9802
:10FA40006F987098719874987398AA98AF98B198B5
:10FA5000B698C498C398C698E998EB980399099901
:10FA600012991499189921991D991E9924992099F0
:10FA70002C992E993D993E994299499945995099C9
:10FA80004B99519952994C99559997999899A5994B
:10FA9000AD99AE99BC99DF99DB99DD99D899D19947
:10FAA000ED99EE99F199F299FB99F899019A0F9ACB
:10FAB000059AE299199A2B9A379A459A429A409A4E
:10FAC000439A3E9A559A4D9A5B9A579A5F9A629AD0
:10FAD000659A649A699A6B9A6A9AAD9AB09ABC9A36
:10FAE000C09ACF9AD19AD39AD49ADE9ADF9AE29AA0
:10FAF000E39AE69AEF9AEB9AEE9AF49AF19AF79AC9
:10FB0000FB9A069B189B1A9B1F9B229B239B259B62
:10FB1000279B289B299B2A9B2E9B2F9B329B449B98
:10FB2000439B4F9B4D9B4E9B519B589B749B939B20
:10FB3000839B919B969B979B9F9BA09BA89BB49B11
:10FB4000C09BCA9BB99BC69BCF9BD19BD29BE39B7F
:10FB5000E29BE49BD49BE19B3A9CF29BF19BF09B44
:10FB6000159C149C099C139C0C9C069C089C129C44
:10FB70000A9C049C2E9C1B9C259C249C219C309CB4
:10FB8000479C329C469C3E9C5A9C609C679C769C01
:10FB9000789CE79CEC9CF09C099D089DEB9C039D48
:10FBA000069D2A9D269DAF9D239D1F9D449D159DCD
:10FBB000129D419D3F9D3E9D469D489D5D9D5E9D44
:10FBC000649D519D509D599D729D899D879DAB9DC2
:10FBD0006F9D7A9D9A9DA49DA99DB29DC49DC19D36
:10FBE000BB9DB89DBA9DC69DCF9DC29DD99DD39DFD
:10FBF000F89DE69DED9DEF9DFD9D1A9E1B9E1E9E10
:10FC0000759E799E7D9E819E889E8B9E8C9E929EE7
:10FC1000959E919E9D9EA59EA99EB89EAA9EAD9ED4
:10FC20006197CC9ECE9ECF9ED09ED49EDC9EDE9EC3
:10FC3000DD9EE09EE59EE89EEF9EF49EF69EF79E7A
:10FC4000F99EFB9EFC9EFD9E079F089FB776159F21
:10FC5000219F2C9F3E9F4A9F529F549F639F5F9F6F
:10FC6000609F619F669F679F6C9F6A9F779F729F4F
:10FC7000769F959F9C9FA09F2F58C7695990647449
:10FC8000DC5199719C4E1655035A3F96C0541B6126
:10FC90002863F659229075841C83507AAA60E16328
:10FCA000256EED656684A682F59B93682757A1654E
:10FCB00071629B5BD0597B86F498627DBE7D8E9B82
:10FCC00016629F7CB788895BB55E09639766486852
:10FCD000C7958D974F67E54E0A4F4D4F9D4F495041
:10FCE000F2563759D459015A095CDF600F617061CF
:10FCF00013660569BA704F757075FB79AD7DEF7D40
:10FD0000C3800E846388028B55907A903B53954E46
:10FD1000A54EDF57B280C190EF78004EF158A26E29
:10FD20003890327A28838B822F9C41517053BD5476
:10FD3000E154E056FB59155FF298EB6DE4802D8598
:10FD400062967096A096FB970B54F353875BCF7027
:10FD5000BD7FC28FE8966F535C9DBA7A114E93783F
:10FD6000FC81266E185604551D6B1A853B9CE5597F
:10FD7000A953666DDC748F954256914E4B90F29666
:10FD80004F830C99E153B655305B715F2066F36683
:10FD90000468386CF36C296D5B74C8764E7A3498BD
:10FDA000F1825B88608AED92B26DAB75CA76C599B7
:10FDB000A660018B8A8DB2958E69AD53865112571C
:10FDC00030584459B45BF65E2860A963F463BF6C95
:10FDD000146F8E7014715971D5713F73017E7682E4
:10FDE000D182978560905B921B9D6958BC655A6C67
:10FDF0002575F9512E596559805FDC5FBC62FA6543
:10FE00002A6A276BB46B8B73C17F56892C9D0E9D1C
:10FE1000C49EA15C966C7B8304514B5CB661C68129
:10FE200076686172594EFA4F78536960296E4F7A3D
:10FE3000F3970B4E1653EE4E554F3D4FA14F734F58
:10FE4000A052EF5309560F59C15AB65BE15BD17905
:10FE500087669C67B6674C6BB36C6B70C2738D79A9
:10FE6000BE793C7A877BB182DB8204837783EF8320
:10FE7000D3836687B28A2956A88CE68F4E901E9748
:10FE80008A86C44FE85C116259723B75E581BD8278
:10FE9000FE86C08CC5961399D599CB4E1A4FE3892F
:10FEA000DE564A58CA58FB5EEB5F2A609460626077
:10FEB000D0611262D0623965419B6666B068776D29
:10FEC00070704C758676757DA582F9878B958E96B8
:10FED0009D8CF151BE521659B354B35B165D6861E7
:10FEE0008269AF6D8D78CB845788728AA793B89A50
:10FEF0006C6DA899D986A357FF67CE860E92835260
:10FF000087560454D35EE162B9643C683868BB6BC1
:10FF10007273BA786B7A9A89D2896B8D038FED9060
:10FF2000A39594966997665BB35C7D694D984E98EE
:10FF30009B63207B2B6A7F6AB6680D9C5F6F725251
:10FF40009D557060EC623B6D076ED16E5B841089CD
:10FF5000448F144E399CF6531B693A6A84972A6879
:10FF60005C51C37AB284DC918C935B56289D2268E5
:10FF700005833184A57C0852C582E6747E4E834F8A
:10FF8000A051D25B0A52D852E752FB5D9A552A58CB
:10FF9000E6598C5B985BDB5B725E795EA3601F61E8
:10FFA0006361BE61DB636265D1675368FA683E6B6B
:10FFB000536B576C226F976F456FB0741875E3766B
:10FFC0000B77FF7AA17B217CE97D367FF07F9D80D6
:10FFD00066829E83B389CC8AAB8C8490519493952E
:10FFE0009195A2956596D39728991882384E2B54EF
:10FFF000B85CCC5DA9734C763C77A95CEB7F0B8D2C
:020000041206E2
:10000000C196119854985898014F0E4F71539C55B2
:100010006856FA574759095BC45B905C0C5E7E5E7C
:10002000CC5FEE633A67D765E2651F67CB68C4684B
:100030005F6A305EC56B176C7D6C7F754879635B5A
:10004000007A007DBD5F8F89188AB48C778DCC8E45
:100050001D8FE2980E9A3C9B804E7D500051935923
:100060009C5B2F628062EC643A6BA0729175477959
:10007000A97FFB87BC8A708BAC63CA83A0970954A5
:100080000354AB555468586A708A27787567CD9EBB
:100090007453A25B1A8150860690184E454EC74E87
:1000A000114FCA533854AE5B135F256051653D67ED
:1000B000426C726CE36C78700374767AAE7A087B6B
:1000C0001A7DFE7C667DE7655B72BB53455CE85D2F
:1000D000D262E0621963206E5A86318ADD8DF89211
:1000E000016FA6795A9BA84EAB4EAC4E9B4FA04FCA
:1000F000D1504751F67A7151F651545321537F53E1
:10010000EB53AC558358E15C375F4A5F2F6050601A
:100110006D601F6359654B6AC16CC272ED72EF77F7
:10012000F880058108824E85F790E193FF975799F3
:100130005A9AF04EDD512D5C81666D69405CF26625
:10014000756989735068817CC550E4524757FE5DDC
:100150002693A465236B3D6B34748179BD794B7B09
:10016000CA7DB982CC837F885F89398BD18FD19149
:100170001F5480925D4E3650E5533A53D7729673B2
:10018000E977E682AF8EC699C899D29977511A61FC
:100190005E86B0557A7A7650D35B47908596324E1C
:1001A000DB6AE791515C485C98639F7A936C749723
:1001B000618FAA7A8A718896827C1768707E5168EE
:1001C0006C93F2521B54AB85138AA47FCD8EE190C1
:1001D000665388884179C24FBE50115244515355DD
:1001E0002D57EA738B575159625F845F7560766152
:1001F0006761A961B2633A646C656F664268136EA9
:1002000066753D7AFB7C4C7D997D4B7E6B7F0E83C2
:100210004A83CD86088A638A668BFD8E1A988F9DE5
:10022000B882CE8FE89B87521F628364C06F999615
:1002300041689150206B7A6C546F747A507D40887D
:10024000238A0867F64E3950265065507C51385243
:100250006352A7550F570558CC5AFA5EB261F86140
:10026000F36272631C69296A7D72AC722E73147812
:100270006F78797D0C77A9808B89198BE28CD28E6F
:10028000639075937A965598139A789E43519F532D
:10029000B3537B5E265F1B6E906E8473FE73437D4B
:1002A0003782008AFA8A50964E4E0B50E4537C54A3
:1002B000FA56D159645BF15DAB5E275F38624565E4
:1002C000AF67566ED072CA7CB488A180E180F0839B
:1002D0004E86878AE88D3792C7966798139F944E0B
:1002E000924E0D4F485349543E542F5A8C5FA15F94
:1002F0009F60A7688E6A5A7481789E8AA48A778BD9
:1003000090915E4EC99BA44E7C4FAF4F1950165032
:1003100049516C519F52B952FE529A53E3531154B2
:100320000E5489555157A2577D59545B5D5B8F5BC5
:10033000E55DE75DF75D785E835E9A5EB75E185FA8
:1003400052604C619762D862A7633B650266436660
:10035000F4666D6721689768CB695F6C2A6D696D7B
:100360002F6E9D6E327587766C783F7AE07C057DC6
:10037000187D5E7DB17D15800380AF80B180548192
:100380008F812A8252834C8861881B8BA28CFC8CC3
:10039000CA90759171923F78FC92A4954D960598FC
:1003A0009999D89A3B9D5B52AB52F7530854D55854
:1003B000F762E06F6A8C5F8FB99E4B513B524A5493
:1003C000FD56407A7791609DD29E4473096F70818B
:1003D0001175FD5FDA60A89ADB72BC8F646B0398BD
:1003E000CA4EF0566457BE585A5A6860C7610F66C5
:1003F00006663968B168F76DD5753A7D6E82429BA5
:100400009B4E504FC95306556F5DE65DEE5DFB6731
:10041000996C73740278508A9693DF885057A75E60
:100420002B63B550AC508D510067C9545E58BB5911
:10043000B05B695F4D62A1633D68736B086E7D7050
:10044000C7918072157826786D798E65307DDC8352
:10045000C188098F9B966452285750676A7FA18C88
:10046000B45142572A963A588A69B480B2540E5D04
:10047000FC579578FA9D5C4F4A528B543E6428662F
:100480001467F567847A567B227D2F935C68AD9B59
:10049000397B19538A513752DF5BF662AE64E664EA
:1004A0002D67BA6BA985D1969076D69B4C6306933F
:1004B000AB9BBF765266094E9850C253715CE860A0
:1004C000926463655F68E671CA732375977B827E69
:1004D0009586838BDB8C78911099AC65AB668B6BC2
:1004E000D54ED44E3A4F7F4F3A52F853F253E3551C
:1004F000DB56EB58CB59C959FF59505B4D5C025E36
:100500002B5ED75F1D6007632F655C5BAF65BD65C4
:10051000E8659D67626B7B6B0F6C45734979C179A8
:10052000F87C197D2B7DA2800281F38196895E8AF9
:10053000698A668A8C8AEE8AC78CDC8CCC96FC9899
:100540006F6B8B4E3C4F8D4F5051575BFA5B486140
:1005500001634266216BCB6EBB6C3E72BD74D47579
:10056000C1783A790C803380EA8194849E8F506CF4
:100570007F9E0F5F588B2B9DFA7AF88E8D5BEB96E2
:10058000034EF153F7573159C95AA45B89607F6E06
:10059000066FBE75EA8C9F5B0085E07B7250F46746
:1005A0009D82615C4A851E7E0E829951045C68635F
:1005B000668D9C656E713E79177D05801D8BCA8E98
:1005C0006E90C786AA901F50FA523A5C53677C70AF
:1005D00035724C91C8912B93E582C25B315FF96013
:1005E0003B4ED653885B4B6231678A6BE972E0738E
:1005F0002E7A6B81A38D529196991251D7536A54DA
:10060000FF5B8863396AAC7D0097DA56CE53685435
:10061000975B315CDE5DEE4F0161FE62326DC07949
:10062000CB79427D4D7ED27FED811F8290844688BA
:100630007289908B748E2F8F31904B916C91C696EE
:100640009C91C04E4F4F45514153935F0E62D4670A
:10065000416C0B6E6373267ECD918392D4531959EE
:10066000BF5BD16D5D792E7E9B7C7E589F71FA5168
:100670005388F08FCA4FFB5C2566AC77E37A1C8207
:10068000FF99C651AA5FEC656F69896BF36D966E31
:10069000646FFE76147DE15D759087910698E65152
:1006A0001D5240629166D9661A6EB65ED27D727F27
:1006B000F866AF85F785F88AA952D95373598F5ECA
:1006C000905F5560E4926496B7501F51DD522053FD
:1006D0004753EC53E8544655315517566859BE599F
:1006E0003C5AB55B065C0F5C115C1A5C845E8A5EEA
:1006F000E05E705F7F628462DB628C6377630766B3
:100700000C662D6676667E67A2681F6A356ABC6CC9
:10071000886D096E586E3C7126716771C7750177D7
:100720005D7801796579F079E07A117BA77C397D74
:100730009680D6838B8449855D88F3881F8A3C8A9E
:10074000548A738A618CDE8CA49166927E9318948D
:100750009C9698970A4E084E1E4E574E97517052CF
:10076000CE573458CC58225B385EC560FE64616752
:100770005667446DB6727375637AB884728BB8919C
:1007800020933156F457FE98ED620D69966BED712A
:10079000547E77807282E689DF985587B18F3B5C03
:1007A000384FE14FB54F0755205ADD5BE95BC35F1A
:1007B0004E612F63B0654B66EE689B69786DF16D95
:1007C0003375B9751F775E79E679337DE381AF8242
:1007D000AA85AA893A8AAB8E9B8F3290DD910797C2
:1007E000BA4EC14E03527558EC580B5C1A753D5CFD
:1007F0004E810A8AC58F63966D97257BCF8A0898AC
:100800006291F356A853179039548257255EA86316
:10081000346C8A7061778B7CE07F70884290549151
:10082000109318938F965E74C49A075D695D706526
:10083000A267A88DDB966E6349671969C58317980F
:10084000C096FE88846F7A64F85B164E2C705D75D6
:100850002F66C4513652E252D359815F276010622D
:100860003F6574651F667466F2681668636B056E93
:1008700072721F75DB76BE7C5680F058FD887F89CA
:10088000A08A938ACB8A1D90929152975997896535
:100890000E7A0681BB962D5EDC601A62A565146631
:1008A0009067F3774D7A4D7C3E7E0A81AC8C648DE7
:1008B000E18D5F8EA9780752D962A5634264986280
:1008C0002D8A837AC07BAC8AEA96767D0C82498732
:1008D000D94E485143536053A35B025C165CDD5D07
:1008E00026624762B06413683468C96C456D176D41
:1008F000D3675C6F4E717D71CB657F7AAD7BDA7D9E
:100900004A7EA87F7A811B823982A6856E8ACE8C28
:10091000F58D78907790AD9291928395AE9B4D52E4
:100920008455386F367168518579557EB381CE7C98
:100930004C565158A85CAA63FE66FD665A69D97286
:100940008F758E750E795679DF79977C207D447D81
:100950000786348A3B966190209FE7507552CC53AE
:10096000E2530950AA55EE584F593D728B5B645CB7
:100970001D53E360F3605C6383633F63BB63CD64DB
:10098000E965F966E35DCD69FD69156FE571894E2D
:10099000E975F876937ADF7CCF7D9C7D6180498311
:1009A00058836C84BC84FB85C588708D01906D90E4
:1009B00097931C97129ACF5097588E61D3813585A3
:1009C000088D2090C34F7450475273536F60496332
:1009D0005F672C6EB38D1F90D74F5E5CCA8CCF655E
:1009E0009A7D525396887651C363585B6B5B0A5C61
:1009F0000D6451675C90D64E1A592A59706C518A11
:100A00003E551558A559F0605362C1673582556946
:100A10004096C499289A534F0658FE5B1080B15CEB
:100A20002F5E855F20604B613462FF66F06CDE6E86
:100A3000CE807F81D4828B88B88C00902E908A964D
:100A4000DB9EDB9BE34EF05327592C7B8D914C981A
:100A5000F99DDD6E277053534455855B58629E6245
:100A6000D362A26CEF6F2274178A3894C16FFE8A2A
:100A70003883E751F886EA53E953464F5490B08FD4
:100A80006A593181FD5DEA7ABF8FDA68378CF87276
:100A9000489C3D6AB08A394E585306566657C5621F
:100AA000A263E6654E6BE16D5B6EAD70ED77EF7A3C
:100AB000AA7BBB7D3D80C680CB86958A5B93E3563F
:100AC000C7583E5FAD659666806AB56B3775C78A55
:100AD0002450E57730571B5F65607A66606CF4756B
:100AE0001A7A6E7FF48118874590B399C97B5C753B
:100AF000F97A517BC4841090E979927A3683E15A6D
:100B000040772D4EF24E995BE05FBD623C66F16727
:100B1000E86C6B8677883B8A4E91F392D099176A7E
:100B200026702A73E7825784AF8C014E4651CB5111
:100B30008B55F55B165E335E815E145F355F6B5FD0
:100B4000B45FF2611163A2661D676E6F52723A75EF
:100B50003A777480398178817687BF8ADC8A858D7F
:100B6000F38D9A9277950298E59CC5525763F47677
:100B70001567886CCD73C38CAE937396256D9C58A6
:100B80000E69CC69FD8F9A93DB751A905A580268EA
:100B9000B463FB69434F2C6FD867BB8F2685B47D48
:100BA00054933F69706F6A57F7582C5B2C7D2A72FB
:100BB0000A54E391B49DAD4E4E4F5C507550435274
:100BC0009E8C485424589A5B1D5E955EAD5EF75E20
:100BD0001F5F8C60B5623A63D063AF68406C877802
:100BE0008E790B7AE07D4782028AE68A448E1390E2
:100BF000B8902D91D8910E9FE56C5864E2647565AC
:100C0000F46E84761B7B6990D193BA6EF254B95F0F
:100C1000A4644D8FED8F449278516B582959555CDF
:100C2000975EFB6D8F7E1C75BC8CE28E5B98B970F5
:100C30001D4FBF6BB16F3075FB964E511054355838
:100C40005758AC59605C925F97655C67216E7B7604
:100C5000DF83ED8C1490FD904D9325783A78AA525D
:100C6000A65E1F577459126012505A51AC51CD51A3
:100C700000521055545858585759955BF65C8B5D87
:100C8000BC6095622D6471674368BC68DF68D77685
:100C9000D86D6F6E9B6D6F70C871535FD875777923
:100CA000497B547B527BD67C717D3052638469854D
:100CB000E4850E8A048B468C0F8E03900F90199456
:100CC00076962D98309AD895CD50D5520C5402581E
:100CD0000E5CA7619E641E6DB377E57AF480048490
:100CE00053908592E05C079D3F53975FB35F9C6D87
:100CF00079726377BF79E47BD26BEC72AD8A03685B
:100D0000616AF851817A34694A5CF69CEB82C55B72
:100D100049911E7078566F5CC76066658C6C5A8C02
:100D2000419013985154C7660D924859A39085512C
:100D30004D4EEA5199850E8B58707A634B936269D8
:100D4000B499047E777557536069DF8EE3965D6CC6
:100D50008C4E3C5C105FE98F0253D18C8980798680
:100D6000FF5EE565734E655182593F5CEE97FB4E21
:100D70008A59CD5F8D8AE16FB0796279E75B7184C2
:100D80002B73B171745EF55F7B639A64C371987C59
:100D9000434EFC5E4B4EDC57A256A960C36F0D7DDF
:100DA000FD803381BF81B28F9789A486F45D8A620A
:100DB000AD6487897767E26C3E6D36743478465A45
:100DC000757FAD82AC99F34FC35EDD629263576568
:100DD0006F67C3764C72CC80BA80298F4D910D50CD
:100DE000F957925A856873696471FD72B78CF2582D
:100DF000E08C6A9619907F87E479E77729842F4FF2
:100E000065525A53CD62CF67CA6C7D76947B957CD0
:100E100036828485EB8FDD66206F06721B7EAB8386
:100E2000C199A69EFD51B17B7278B87B8780487BC3
:100E3000E86A615E8C80517560756B5162928C6E50
:100E40007A769791EA9A104F707F9C624F7BA595B6
:100E5000E99C7A565958E486BC96344F24524A533A
:100E6000CD53DB53065E2C6491657F673E6C4E6C00
:100E70004872AF72ED735475417E2C82E985A98C5E
:100E8000C47BC69169711298EF983D6369666A7573
:100E9000E476D0784385EE862A53515326548359FD
:100EA000875E7C5FB26049627962AB629065D46BA9
:100EB000CC6CB275AE769178D879CB7D777FA580F2
:100EC000AB88B98ABB8C7F905E97DB980B6A387CC5
:100ED00099503E5CAE5F8767D86B357409778E7F1B
:100EE0003B9FCA67177A39538B75ED9A665F9D8170
:100EF000F18398803C5FC55F6275467B3C90676874
:100F0000EB599B5A107D7E762C8BF54F6A5F196AE0
:100F1000376C026FE27468796888558A798CDF5E75
:100F2000CF63C575D279D7822893F2929C84ED86DF
:100F30002D9CC1546C5F8C655C6D1570A78CD38C37
:100F40003B984F65F6740D4ED84EE0572B59665AB4
:100F5000CC5BA851035E9C5E166076627765A765E0
:100F60006E666E6D3672267B50819A8199825C8B9B
:100F7000A08CE68C748D1C964496AE4FAB64666B69
:100F80001E8261846A85E890015C5369A8987A841E
:100F900057850F4F6F52A95F455E0D678F79798135
:100FA00007898689F56D175F5562B86CCF4E6972F7
:100FB000929B06523B547456B358A4616E621A71E8
:100FC0006E59897CDE7C1B7DF09687655E80194EAC
:100FD000754F75514058635E735E0A5FC467264E55
:100FE0003D8589955B96737C0198FB50C158567678
:100FF000A7782552A5771185867B4F5009594772EE
:10100000C77BE87DBA8FD48F4D90BF4FC952295A04
:10101000015FAD97DD4F1782EA9203575563696B05
:101020002B75DC88148F427ADF52935855610A621F
:10103000AE66CD6B3F7CE9832350F84F0553465491
:10104000315849599D5BF05CEF5C295D965EB16259
:1010500067633E65B9650B67D56CE16CF9703278F2
:101060002B7EDE80B3820C84EC84028712892A8A6C
:101070004A8CA690D292FD98F39C6C9D4F4EA14E47
:101080008D5056524A57A8593D5ED85FD95F3F628E
:10109000B4661B67D067D2689251217DAA80A8816F
:1010A000008B8C8CBF8C7E92329620542C981753D8
:1010B000D5505C53A858B264346767726677467A35
:1010C000E691C352A16C866B00584C5E54592C6754
:1010D000FB7FE151C6766964E878549BBB9ECB5791
:1010E000B95927669A67CE6BE954D969555E9C81D8
:1010F0009567AA9BFE67529C5D68A64EE34FC85356
:10110000B9622B67AB6CC48FAD4F6D7EBF9E074E2F
:101110006261806E2B6F138573542A67459BF35D64
:10112000957BAC5CC65B1C874A6ED184147A0881BF
:1011300099598D7C116C2077D952225921715F7297
:10114000DB772797619D0B697F5A185AA5510D547B
:101150007D540E66DF76F78F9892F49CEA595D72A3
:10116000C56E4D51C968BF7DEC7D6297BA9E7864AB
:10117000216A028384595F5BDB6B1B73F276B27D5D
:101180001780998432512867D99EEE766267FF52A4
:101190000599245C3B627E7CB08C4F55B6600B7D1C
:1011A000809501535F4EB6511C593A723680CE91EC
:1011B000255FE2778453795F047DAC85338A8D8E19
:1011C0005697F367AE85539409610861B96C5276FE
:1011D000ED8A388F2F55514F2A51C752CB53A55BFB
:1011E0007D5EA0608261D6630967DA67676E8C6D89
:1011F0003673377331755079D588988A4A909190B3
:10120000F590C4968D871559884E594F0E4E898A90
:101210003F8F1098AD507C5E9659B95BB85EDA632B
:10122000FA63C164DC664A69D8690B6DB66E947165
:101230002875AF7A8A7F00804984C9848189218B8F
:101240000A8E65907D960A997E619162326B836CFD
:10125000746DCC7FFC7FC06D857FBA87F888656729
:10126000B1833C98F7961B6D617D3D846A91714E08
:101270007553505D046BEB6FCD852D86A789295280
:101280000F54655C4E67A86806748374E275CF8856
:10129000E188CC91E29678968B5F8773CB7A4E8407
:1012A000A06365758952416D9C6E097459756B78A0
:1012B000927C8696DC7A8D9FB64F6E61C5655C86A2
:1012C000864EAE4EDA50214ECC51EE5B9965816868
:1012D000BC6D1F734276AD771C7AE77C6F82D28A31
:1012E0007C90CF91759618989B52D17D2B50985336
:1012F0009767CB6DD0713374E8812A8FA396579C82
:101300009F9E60744158996D2F7D5E98E44E364FD4
:101310008B4FB751B152BA5D1C60B2733C79D38226
:101320003492B796F6960A97979E629FA666746B5C
:101330001752A352C870C288C95E4B609061236F78
:1013400049713E7CF47D6F80EE8423902C9342544F
:101350006F9BD36A8970C28CEF8D3297B452415A19
:10136000CA5E045F17677C6994696A6D0F6F627269
:10137000FC72ED7B01807E804B87CE906D51939EF9
:1013800084798B803293D68A2D508C54718A6A6B03
:10139000C48C0781D160A067F29D994E984E109C35
:1013A0006B8AC185688500697E6E977855810000DB
:1013B000002502250C251025182514251C252C2573
:1013C000242534253C25012503250F2513251B2520
:1013D0001725232533252B253B254B2520252F2578
:1013E000282537253F251D2530252525382542254B
:1013F0001004110412041304140415040104160447
:101400001704180419041A041B041C041D041E04E8
:101410001F04200421042204230424042504260498
:101420002704280429042A042B042C042D042E0448
:101430002F04000000000000000000000000000079
:10144000000000000000000000000000000000009C
:1014500030043104320433043404350451043604B6
:101460003704380439043A043B043C043D043E0488
:101470003F04400441044204430444044504460438
:101480004704480449044A044B044C044D044E04E8
:101490004F04000091039203930394039503960372
:1014A0009703980399039A039B039C039D039E0350
:1014B0009F03A003A103A303A403A503A603A703FB
:1014C000A803A903000000000000000000000000C5
:1014D00000000000B103B203B303B403B503B603C5
:1014E000B703B803B903BA03BB03BC03BD03BE0310
:1014F000BF03C003C103C303C403C503C603C703BB
:10150000C803C90300000000000000000000000044
:1015100000000001010101010101010101000000C1
:1015200000000000010101010101010101010101AF
:10153000010101010101010101010101010100009D
:101540000000000000010101010101010101010190
:10155000010101010101010101010101010101007C
:10156000C625A125A025B325B225BD25BC253B2038
:10157000123092219021912193211330000000001C
:10158000000000000000000000000000000000005B
:10159000000008220B2286228722822283222A220E
:1015A00029220000000000000000000000000000F0
:1015B000000027222822AC00D221D42100220322BD
:1015C00029220000000000000000000000000000D0
:1015D0000000000000002022A52212230222072280
:1015E000612252226A226B221A223D221D223522BA
:1015F0002B222C2200000000000000000000000050
:1016000000002B2130206F266D266A262020212005
:10161000B6002C22000000000000EF250030013051
:1016200002300CFF0EFFFB301AFF1BFF1FFF01FFF4
:101630009B309C30B40040FFA8003EFF3E203FFF9F
:10164000FD30FE309D309E300330DD4E05300630DB
:101650000730FC30142010200FFF3CFF1C301620F8
:101660005CFF26202520182019201C201D2008FFA3
:1016700009FF143015303BFF3DFF5BFF5DFF083075
:1016800009300A300B300C300D300E300F30103076
:1016900011300BFF1222B100D700F7001DFF6022AE
:1016A0001CFF1EFF662267221E223422422640268D
:1016B000B000322033200321A50004FFA200A300C4
:1016C00005FF03FF06FF0AFF20FFA70006260526E9
:1016D000CB25CF25CE25C725000000001F001C20EC
:1016E0000000000014210000020016240000000089
:1016F0001425000002001528000000001129000038
:101700000000142A00000000182B00000000142C18
:1017100000000000102D00000000142E0000010049
:101720000C3000000900143A00000100183C0000D1
:101730000200143F00000100034100001900155B86
:1017400000000000145C00000000115D00000000BB
:10175000175E000000000F5F00000000176000002F
:101760000000036100001900157B00000000187CD8
:1017700000000000117D00000000187E0000000045
:10178000007F000020001CA00000000014A1000049
:10179000000016A20000030019A60000000014A714
:1017A0000000000017A80000000019A900000000B8
:1017B00006AA0000000013AB0000000018AC0000F7
:1017C000000001AD0000000019AE0000000017AFDE
:1017D0000000000019B00000000018B10000000077
:1017E0000EB20000010017B40000000003B50000B5
:1017F000000014B60000010017B8000000000EB988
:101800000000000006BA0000000012BB000000004B
:101810000EBC0000020014BF0000000003C0000066
:10182000160018D70000000003D80000060004DFEF
:101830000000000003E00000160018F700000000A0
:1018400003F800003F0004380100000003390100E4
:101850000F00044901000000034A01004200048D0A
:1018600001000000038E01000C00049B0100000039
:10187000039C01000D0004AA0100010003AC01005B
:101880000D0004BA0100000006BB0100000003BC0B
:101890000100010004BE0100000003BF01000000C0
:1018A00006C00100030003C40100000007C50100D9
:1018B000000003C60100010007C80100000003C9C1
:1018C0000100010007CB0100000003CC0100230050
:1018D00004F00100000003F10100000007F2010024
:1018E000000003F301002D00042102000000032288
:1018F00002001100043402000500033A02001A003D
:1019000004550200000003560200010004580200C2
:101910000000035902000000045A02000000035BAB
:1019200002000100045D02000200036002000100E9
:10193000046202000000036302000000046402006D
:101940000000036502000100046702000000036854
:1019500002000400046D02000100036F0200000099
:101960000470020000000371020001000473020011
:101970000100037502000000047602000600037DEA
:1019800002000000047E020001000380020000004B
:1019900004810200000003820200010004840200AE
:1019A0000200038702000500048D02000400039278
:1019B00002000000049302000000069402000000F0
:1019C000049502000700039D02000100049F02002D
:1019D000100005B00200110017C20200030005C686
:1019E00002000B0017D202000D0005E00200040007
:1019F00017E50200060005EC0200000017ED0200EA
:101A0000000005EE0200000017EF020010000B00BE
:101A100003006F000370030003000574030000005F
:101A2000177503000000037603000100057A030028
:101A30000000037B03000200147E03000000037F0C
:101A40000300000017840300010003860300000068
:101A5000148703000000038803000200038C0300C6
:101A60000000038E030001000490030000000391B6
:101A70000300100003A303000C0004B003000000E7
:101A800003B10300200008D20300020003D50300C5
:101A9000200018F60300000003F70300040004FC14
:101AA0000300000003FD030084001982040000000D
:101AB0000B83040004000A8804000100038A040068
:101AC000A500033105002500055905000000145A42
:101AD0000500050004600500000003610500250005
:101AE000048705000100148905000000108A050024
:101AF0000000198D05000100168F050000000B91F4
:101B000005002C0010BE050000000BBF0500000002
:101B100014C0050000000BC10500010014C305003E
:101B200000000BC40500010014C6050000000BC72F
:101B30000500000006D005001A0006EF05000300AE
:101B400014F3050001000100060005001806060058
:101B50000200140906000100160B06000000140C18
:101B600006000100190E060001000B1006000A0015
:101B7000141B06000000011C06000000141D0600D6
:101B80000200062006001F00054006000000064176
:101B9000060009000B4B060014000C60060009004B
:101BA000146A06000300066E060001000B700600B2
:101BB000000006710600620014D40600000006D57D
:101BC000060000000BD60600060001DD060000003E
:101BD00019DE060000000BDF0600050005E5060023
:101BE00001000BE70600010019E9060000000BEAFE
:101BF0000600030006EE060001000CF006000900D6
:101C000006FA0600020019FD0600010006FF0600A4
:101C10000000140007000D00010F0700000006106F
:101C2000070000000B1107000000061207001D004E
:101C30000B3007001A00064D070058000BA60700DE
:101C40000A0006B1070000000CC00700090006CA20
:101C5000070020000BEB0700080005F40700010057
:101C600019F60700000014F70700020005FA070044
:101C700000000BFD0700000016FE07000100060033
:101C8000080015000B1608000300051A08000000E4
:101C90000B1B080008000524080000000B250800A5
:101CA00002000528080000000B2908000400143079
:101CB00008000E000640080018000B59080002003A
:101CC000145E08000000066008000A0006700800A4
:101CD0001700178808000000068908000500019019
:101CE000080001000B980800070006A00800280063
:101CF00005C9080000000BCA0800170001E208002F
:101D000000000BE308001F0009030900000006049F
:101D1000090035000B3A09000000093B09000000EA
:101D20000B3C09000000063D09000000093E0900C7
:101D300002000B41090007000949090003000B4D8F
:101D400009000000094E09000100065009000000CA
:101D50000B51090006000658090009000B62090032
:101D600001001464090001000C66090009001470E8
:101D700009000000057109000000067209000E004C
:101D80000B81090000000982090001000685090095
:101D90000700068F0900010006930900150006AA36
:101DA0000900060006B20900000006B6090003009B
:101DB0000BBC0900000006BD0900000009BE0900B7
:101DC00002000BC10900030009C70900010009CB8B
:101DD000090001000BCD0900000006CE090000003B
:101DE00009D70900000006DC0900010006DF090030
:101DF00002000BE2090001000CE60900090006F0F0
:101E00000900010016F2090001000EF409000500A6
:101E100019FA0900000016FB0900000006FC090081
:101E2000000014FD090000000BFE090000000B017A
:101E30000A00010009030A00000006050A00050067
:101E4000060F0A00010006130A001500062A0A0000
:101E5000060006320A00010006350A0001000638B5
:101E60000A0001000B3C0A000000093E0A000200C3
:101E70000B410A0001000B470A0001000B4B0A004E
:101E800002000B510A00000006590A000300065E1A
:101E90000A0000000C660A0009000B700A0001002D
:101EA00006720A0002000B750A00000014760A0090
:101EB00000000B810A00010009830A00000006856A
:101EC0000A000800068F0A00020006930A001500A7
:101ED00006AA0A00060006B20A00010006B50A00BA
:101EE00004000BBC0A00000006BD0A00000009BE89
:101EF0000A0002000BC10A0004000BC70A0001001F
:101F000009C90A00000009CB0A0001000BCD0A0034
:101F1000000006D00A00000006E00A0001000BE203
:101F20000A0001000CE60A00090014F00A00000093
:101F300016F10A00000006F90A0000000BFA0A0078
:101F400005000B010B00000009020B000100060553
:101F50000B000700060F0B00010006130B00150015
:101F6000062A0B00060006320B00010006350B00A6
:101F700004000B3C0B000000063D0B000000093E76
:101F80000B0000000B3F0B00000009400B0000009D
:101F90000B410B00030009470B000100094B0B002C
:101FA00001000B4D0B0000000B550B000100095701
:101FB0000B000000065C0B000100065F0B00020036
:101FC0000B620B0001000C660B00090019700B007E
:101FD000000006710B0000000E720B0005000B8262
:101FE0000B00000006830B00000006850B000500B7
:101FF000068E0B00020006920B00030006990B00F0
:102000000100069C0B000000069E0B00010006A3C9
:102010000B00010006A80B00020006AE0B000B002F
:1020200009BE0B0001000BC00B00000009C10B0032
:10203000010009C60B00020009CA0B0002000BCD0B
:102040000B00000006D00B00000009D70B000000B9
:102050000CE60B0009000EF00B00020019F30B0058
:10206000050016F90B00000019FA0B0000000B0028
:102070000C00000009010C0002000B040C00000021
:1020800006050C000700060E0C00020006120C00EC
:102090001600062A0C000F000B3C0C000000063D49
:1020A0000C0000000B3E0C00020009410C00030074
:1020B0000B460C0002000B4A0C0003000B550C00F1
:1020C000010006580C000200065D0C0000000660CE
:1020D0000C0001000B620C0001000C660C000900F2
:1020E00014770C0000000E780C000600197F0C001D
:1020F000000006800C0000000B810C00000009822B
:102100000C00010014840C00000006850C00070080
:10211000068E0C00020006920C00160006AA0C00A7
:10212000090006B50C0004000BBC0C00000006BD45
:102130000C00000009BE0C0000000BBF0C000000EA
:1021400009C00C0004000BC60C00000009C70C00FD
:10215000010009CA0C0001000BCC0C00010009D5DC
:102160000C00010006DD0C00010006E00C0001007F
:102170000BE20C0001000CE60C00090006F10C005B
:10218000010009F30C0000000B000D000100090222
:102190000D00010006040D000800060E0D000200EF
:1021A00006120D0028000B3B0D000100063D0D003E
:1021B0000000093E0D0002000B410D00030009461E
:1021C0000D000200094A0D0002000B4D0D00000039
:1021D000064E0D000000194F0D00000006540D00C2
:1021E000020009570D0000000E580D000600065FA2
:1021F0000D0002000B620D0001000C660D000900CD
:102200000E700D00080019790D000000067A0D000F
:1022100005000B810D00000009820D0001000685FC
:102220000D001100069A0D00170006B30D000800FE
:1022300006BD0D00000006C00D0006000BCA0D0013
:10224000000009CF0D0002000BD20D0002000BD6DA
:102250000D00000009D80D0007000CE60D00090074
:1022600009F20D00010014F40D00000006010E003B
:102270002F000B310E00000006320E0001000B345F
:102280000E000600163F0E00000006400E0005007E
:1022900005460E0000000B470E000700144F0E000D
:1022A00000000C500E000900145A0E0001000681B7
:1022B0000E00010006840E00000006860E000400D9
:1022C000068C0E00170006A50E00000006A70E00E3
:1022D00009000BB10E00000006B20E0001000BB4A5
:1022E0000E00080006BD0E00000006C00E0004002F
:1022F00005C60E0000000BC80E0006000CD00E0034
:10230000090006DC0E00030006000F0000001901A2
:102310000F00020014040F000E0019130F0000003C
:1023200014140F00000019150F0002000B180F0005
:102330000100191A0F0005000C200F0009000E2AD9
:102340000F00090019340F0000000B350F000000CA
:1023500019360F0000000B370F00000019380F006E
:1023600000000B390F000000153A0F000000113B70
:102370000F000000153C0F000000113D0F00000091
:10238000093E0F00010006400F00070006490F003C
:1023900023000B710F000D00097F0F0000000B8060
:1023A0000F00040014850F0000000B860F000100D1
:1023B00006880F0004000B8D0F000A000B990F0018
:1023C000230019BE0F0007000BC60F00000019C73D
:1023D0000F00050019CE0F00010014D00F000400FB
:1023E00019D50F00030014D90F00010006001000DA
:1023F0002A00092B100001000B2D100003000931E9
:10240000100000000B321000050009381000000019
:102410000B3910000100093B100001000B3D1000BA
:102420000100063F100000000C4010000900144A93
:1024300010000500065010000500095610000100AC
:102440000B5810000100065A100003000B5E10002C
:10245000020006611000000009621000020006651B
:1024600010000100096710000600066E100002004F
:102470000B7110000300067510000C000B82100099
:1024800000000983100001000B851000010009877E
:10249000100005000B8D10000000068E10000000DB
:1024A000098F100000000C9010000900099A10001C
:1024B00002000B9D10000000199E1000010003A0F7
:1024C0001000250003C71000000003CD100000001D
:1024D00003D010002A0014FB1000000005FC1000BF
:1024E000000003FD10000200060011004801064A2A
:1024F00012000300065012000600065812000000E9
:10250000065A12000300066012002800068A120014
:10251000030006901200200006B21200030006B865
:102520001200060006C01200000006C212000300DE
:1025300006C812000E0006D812003800061213005A
:1025400003000618130042000B5D13000200146024
:10255000130008000E6913001300068013000F001B
:1025600019901300090003A01300550003F813008D
:102570000500100014000000060114006B02196D24
:1025800016000000146E16000000066F1600100002
:102590001C8016000000068116001900159B16000D
:1025A0000000119C1600000006A016004A0014EB63
:1025B000160002000DEE1600020006F116000700DC
:1025C0000600170011000B12170002000915170072
:1025D0000000061F170012000B321700010009341B
:1025E0001700000014351700010006401700110005
:1025F0000B5217000100066017000C00066E170052
:1026000002000B72170001000680170033000BB4A4
:102610001700010009B6170000000BB717000600ED
:1026200009BE170007000BC61700000009C71700F6
:1026300001000BC917000A0014D41700020005D7C7
:102640001700000014D81700020016DB1700000066
:1026500006DC170000000BDD170000000CE017007F
:1026600009000EF0170009001400180005001006FC
:10267000180000001407180003000B0B18000200DC
:10268000010E180000000B0F180000000C101800BD
:102690000900062018002200054318000000064427
:1026A000180034000680180004000B851800010093
:1026B0000687180021000BA91800000006AA1800C0
:1026C000000006B018004500060019001E000B208F
:1026D000190002000923190003000B27190001004B
:1026E0000929190002000930190001000B321900F4
:1026F00000000933190005000B39190002001940C8
:10270000190000001444190001000C4619000900CA
:10271000065019001D0006701900040006801900FB
:102720002B0006B0190019000CD0190009000EDAB0
:102730001900000019DE1900210006001A00160019
:102740000B171A00010009191A0001000B1B1A00CF
:102750000000141E1A00010006201A00340009555A
:102760001A0000000B561A00000009571A0000005A
:102770000B581A0006000B601A00000009611A00CD
:1027800000000B621A00000009631A0001000B65CB
:102790001A000700096D1A0005000B731A000900E2
:1027A0000B7F1A0000000C801A0009000C901A0020
:1027B000090014A01A00060005A71A00000014A8BA
:1027C0001A0005000BB01A000D000ABE1A00000026
:1027D0000BBF1A000F000B001B00030009041B00B5
:1027E000000006051B002E000B341B0000000935FD
:1027F0001B0000000B361B000400093B1B000000FF
:102800000B3C1B000000093D1B0004000B421B0099
:10281000000009431B00010006451B0007000C5087
:102820001B000900145A1B00060019611B00090057
:102830000B6B1B00080019741B000800147D1B00A3
:1028400001000B801B00010009821B0000000683B1
:102850001B001D0009A11B0000000BA21B000300B0
:1028600009A61B0001000BA81B00010009AA1B0000
:1028700000000BAB1B00020006AE1B0001000CB0F9
:102880001B00090006BA1B002B000BE61B00000012
:1028900009E71B0000000BE81B00010009EA1B0010
:1028A00002000BED1B00000009EE1B0000000BEF07
:1028B0001B00020009F21B00010014FC1B000300B6
:1028C00006001C00230009241C0007000B2C1C0020
:1028D000070009341C0001000B361C000100143BEA
:1028E0001C0004000C401C000900064D1C000200E6
:1028F0000C501C000900065A1C001D0005781C0025
:102900000500147E1C00010003801C0008000390D9
:102910001C002A0003BD1C00020014C01C0007009C
:102920000BD01C00020014D31C0000000BD41C00B0
:102930000C0009E11C0000000BE21C00060006E987
:102940001C0003000BED1C00000006EE1C0005003F
:102950000BF41C00000006F51C00010009F71C0028
:1029600000000BF81C00010006FA1C000000040027
:102970001D002B00052C1D003E00046B1D000C00EB
:1029800005781D00000003791D000000047A1D0079
:102990000200037D1D000000047E1D000F00038E59
:1029A0001D000000048F1D000B00059B1D0024006E
:1029B0000BC01D003F0003001E00950004961E0082
:1029C0000400039B1E000000049C1E000100039EE7
:1029D0001E000000049F1E00000003A01E007500E2
:1029E00003181F00050003201F00250003481F00D7
:1029F000050004501F00000003511F000000045296
:102A00001F00000003531F00000004541F000000BB
:102A100003551F00000004561F00000003571F004D
:102A2000000003591F000000035B1F000000035D4E
:102A30001F000000035F1F001E0003801F0007002F
:102A400007881F00070003901F00070007981F005A
:102A5000070003A01F00070007A81F00070003B01E
:102A60001F00010004B21F00000003B31F0000009C
:102A700004B41F00000004B61F00010003B81F00CB
:102A8000030007BC1F00000017BD1F00000003BEAD
:102A90001F00000017BF1F00020004C21F0000003B
:102AA00003C31F00000004C41F00000004C61F0071
:102AB000010003C81F00030007CC1F00000017CD52
:102AC0001F00020003D01F00010004D21F000100FC
:102AD00004D61F00010003D81F00030017DD1F00EC
:102AE000020003E01F00010004E21F00020003E5F2
:102AF0001F00000004E61F00010003E81F0004009F
:102B000017ED1F00020004F21F00000003F31F0076
:102B1000000004F41F00000004F61F00010003F889
:102B20001F00030007FC1F00000017FD1F0001002D
:102B30001C0020000A00010B2000040010102000DF
:102B400005001416200001001318200000001219BF
:102B500020000000151A20000000131B20000100B7
:102B6000121D20000000151E20000000131F200071
:102B700000001420200007001A28200000001B2954
:102B800020000000012A200004001C2F200000006B
:102B9000143020000800133920000000123A2000F1
:102BA0000000143B200003000F3F200001001441EF
:102BB00020000200184420000000154520000000FD
:102BC000114620000000144720000A00185220007F
:102BD00000001453200000000F5420000000145582
:102BE000200009001C5F200000000160200004009C
:102BF0000166200009000E70200000000571200011
:102C000000000E7420000500187A20000200157DD7
:102C100020000000117E20000000057F2000000041
:102C20000E8020000900188A20000200158D200067
:102C30000000118E20000000059020000C0016A05E
:102C4000200020000BD020000C000ADD2000030033
:102C50000BE1200000000AE2200002000BE520004A
:102C60000B001900210001000802210000001903D7
:102C700021000300080721000000190821000100BD
:102C8000040A21000000080B21000200040E2100AC
:102C90000100081021000200041321000000191493
:102CA0002100000008152100000019162100010074
:102CB000181821000000081921000400191E210025
:102CC000050008242100000019252100000003262A
:102CD0002100000019272100000008282100000021
:102CE000192921000000032A21000100082C2100DD
:102CF0000100192E21000000042F210000000830DF
:102D000021000100033221000000083321000000EF
:102D1000043421000000063521000300043921009D
:102D20000000193A21000100043C21000100083E86
:102D30002100010018402100040008452100000086
:102D4000044621000300194A21000000184B21000D
:102D50000000194C21000100034E21000000194F12
:102D6000210000000E5021000F000D602100220004
:102D70000383210001000D85210003000E8921003D
:102D80000000198A21000100189021000400199503
:102D900021000400189A21000100199C2100030061
:102DA00018A02100000019A12100010018A3210092
:102DB000000019A42100010018A62100000019A795
:102DC0002100060018AE2100000019AF21001E00EE
:102DD00018CE2100010019D02100010018D22100D5
:102DE000000019D32100000018D42100000019D5DB
:102DF00021001E0018F421000B0119002300070018
:102E0000150823000000110923000000150A230003
:102E10000000110B23000000190C230013001820E0
:102E200023000100192223000600152923000000B9
:102E3000112A23000000192B23005000187C2300C6
:102E40000000197D23001D00189B2300180019B4F1
:102E50002300270018DC2300050019E223004400AA
:102E6000194024000A000E6024003B00199C240035
:102E70004D000EEA2400150019002500B60018B711
:102E80002500000019B82500080018C12500000021
:102E900019C22500350018F8250007001900260082
:102EA0006E00186F2600000019702600F7001568E4
:102EB00027000000116927000000156A27000000A4
:102EC000116B27000000156C27000000116D270012
:102ED0000000156E27000000116F2700000015701C
:102EE0002700000011712700000015722700000064
:102EF00011732700000015742700000011752700CA
:102F000000000E7627001D00199427002B0018C022
:102F10002700040015C52700000011C62700000087
:102F200018C727001E0015E62700000011E727003C
:102F3000000015E82700000011E92700000015EA4D
:102F40002700000011EB2700000015EC270000000F
:102F500011ED2700000015EE2700000011EF2700FB
:102F6000000018F027000F0019002800FF001800CB
:102F70002900820015832900000011842900000027
:102F800015852900000011862900000015872900F9
:102F90000000118829000000158929000000118A0D
:102FA00029000000158B29000000118C2900000069
:102FB000158D29000000118E29000000158F2900B1
:102FC00000001190290000001591290000001192C5
:102FD0002900000015932900000011942900000029
:102FE0001595290000001196290000001597290069
:102FF0000000119829000000189929003E0015D8FA
:103000002900000011D92900000015DA290000006C
:1030100011DB2900000018DC29001F0015FC290025
:10302000000011FD2900000018FE2900010119000F
:103030002B002F0018302B00140019452B00010025
:1030400018472B000500194D2B00260019762B0080
:103050001F0019972B00680003002C0070000471FA
:103060002C00000003722C00010004742C000000EE
:1030700003752C00010004772C000400057C2C0053
:103080000100037E2C00650004E42C00000019E51B
:103090002C00050003EB2C0003000BEF2C000200BA
:1030A00003F22C00010014F92C0003000EFD2C008B
:1030B000000014FE2C00010003002D002500032752
:1030C0002D000000032D2D00000006302D003700DC
:1030D000056F2D00000014702D0000000B7F2D00E7
:1030E000000006802D00160006A02D00060006A890
:1030F0002D00060006B02D00060006B82D000600C3
:1031000006C02D00060006C82D00060006D02D00C2
:10311000060006D82D0006000BE02D001F0014004D
:103120002E00010013022E00000012032E000000EA
:1031300013042E00000012052E00000014062E00BD
:10314000020013092E000000120A2E000000140BCA
:103150002E000000130C2E000000120D2E000000A7
:10316000140E2E00080010172E00000014182E0058
:103170000100101A2E000000141B2E000000131C6A
:103180002E000000121D2E000000141E2E00010053
:1031900013202E00000012212E00000015222E0008
:1031A000000011232E00000015242E000000112520
:1031B0002E00000015262E00000011272E00000012
:1031C00015282E00000011292E000000142A2E00C0
:1031D0000400052F2E00000014302E000900103AC4
:1031E0002E000100143C2E00030010402E000000B1
:1031F00014412E00000015422E00000014432E0042
:103200000C0019502E00010014522E00020015551A
:103210002E00000011562E00000015572E00000051
:1032200011582E00000015592E000000115A2E00D2
:103230000000155B2E000000115C2E000000105DE8
:103240002E00000019802E001900199B2E00580036
:1032500019002F00D50019F02F000B001C003000C2
:1032600000001401300002001904300000000505C0
:10327000300000000606300000000D07300000009E
:10328000150830000000110930000000150A300058
:103290000000110B30000000150C30000000110D73
:1032A00030000000150E30000000110F300000004B
:1032B000151030000000111130000000191230000C
:1032C0000100151430000000111530000000151623
:1032D0003000000011173000000015183000000009
:1032E000111930000000151A30000000111B3000C9
:1032F0000000101C30000000151D30000000111EE1
:10330000300001001920300000000D2130000800BD
:103310000B2A30000300092E30000100103030006D
:1033200000000531300004001936300001000D386E
:1033300030000200053B30000000063C3000000079
:10334000143D30000000193E3000010006413000FD
:1033500055000B9930000100179B30000100059DBE
:1033600030000100069F3000000010A03000000077
:1033700006A13000590014FB3000000005FC3000AD
:10338000020006FF30000000060531002A00063169
:1033900031005D001990310001000E9231000300F0
:1033A00019963100090006A031001F0019C0310034
:1033B000230006F031000F00190032001E000E201D
:1033C00032000900192A32001D000E4832000700A1
:1033D0001950320000000E5132000E001960320008
:1033E0001F000E8032000900198A320026000EB13B
:1033F00032000E0019C032003F0106003400BF1930
:1034000019C04D003F0006004E0014520515A000E3
:1034100000000616A00076041990A400360006D01D
:10342000A400270005F8A400050014FEA400010074
:103430000600A5000B01050CA6000000140DA60057
:1034400002000610A6000F000C20A6000900062AA4
:10345000A60001000340A6002D00066EA600000095
:103460000B6FA60000000A70A60002001473A600ED
:1034700000000B74A6000900147EA6000000057F62
:10348000A60000000380A6001B00059CA60001000A
:103490000B9EA600010006A0A60045000DE6A600B2
:1034A00009000BF0A600010014F2A60005001700A9
:1034B000A70016000517A70008001720A7000100A5
:1034C0000322A7000D000430A70001000332A7006B
:1034D0003D000570A70000000471A70007000379F4
:1034E000A7000E000588A70000001789A7000100AB
:1034F000038BA7000200048EA7000000068FA70020
:1035000000000390A70004000495A70000000396A4
:10351000A700180004AFA700000003B0A7001A001E
:1035200003D0A700010004D3A700000004D5A70022
:10353000000003D6A700030005F2A700020003F570
:10354000A700010006F7A700000005F8A70001008A
:1035500004FAA700000006FBA70006000B02A80063
:1035600000000603A80002000B06A80000000607E2
:10357000A80003000B0BA8000000060CA800160012
:103580000923A80001000B25A80001000927A800B5
:1035900000001928A80003000B2CA80000000E3022
:1035A000A80005001936A80001001638A800000080
:1035B0001939A80000000640A80033001474A800C0
:1035C00003000980A80001000682A800310009B4A8
:1035D000A8000F000BC4A800010014CEA800010031
:1035E0000CD0A80009000BE0A800110006F2A8000A
:1035F000050014F8A800020006FBA800000014FC57
:10360000A800000006FDA80001000BFFA8000000B4
:103610000C00A9000900060AA9001B000B26A9003E
:103620000700142EA90001000630A90016000B4760
:10363000A9000A000952A9000100145FA9000000B6
:103640000660A9001C000B80A90002000983A900E4
:1036500000000684A9002E000BB3A900000009B4E5
:10366000A90001000BB6A900030009BAA9000100D6
:103670000BBCA900010009BEA900020014C1A900E9
:103680000C0005CFA90000000CD0A900090014DE31
:10369000A900010006E0A90004000BE5A900000054
:1036A00005E6A900000006E7A90008000CF0A90043
:1036B000090006FAA90004000600AA0028000B2948
:1036C000AA000500092FAA0001000B31AA00010081
:1036D0000933AA0001000B35AA0001000640AA0028
:1036E00002000B43AA0000000644AA0007000B4C8E
:1036F000AA000000094DAA0000000C50AA00090011
:10370000145CAA0003000660AA000F000570AA005E
:1037100000000671AA0005001977AA000200067AC7
:10372000AA000000097BAA0000000B7CAA00000090
:10373000097DAA000000067EAA0031000BB0AA0095
:10374000000006B1AA0000000BB2AA00020006B5F4
:10375000AA0001000BB7AA00010006B9AA000400E4
:103760000BBEAA00010006C0AA0000000BC1AA00FF
:10377000000006C2AA00000006DBAA00010005DD69
:10378000AA00000014DEAA00010006E0AA000A0058
:1037900009EBAA0000000BECAA00010009EEAA0048
:1037A000010014F0AA00010006F2AA00000005F3CF
:1037B000AA00010009F5AA0000000BF6AA0000000B
:1037C0000601AB0005000609AB0005000611AB00C1
:1037D00005000620AB0006000628AB0006000430FA
:1037E000AB0022000353AB0000000454AB00060002
:1037F000175BAB000000055CAB0003000460AB008E
:1038000008000569AB000000176AAB0001000370F7
:10381000AB004F0006C0AB00220009E3AB00010083
:103820000BE5AB00000009E6AB0001000BE8AB00C4
:10383000000009E9AB00010014EBAB00000009EC4B
:10384000AB0000000BEDAB0000000CF0AB0009007A
:103850000600AC00A32B06B0D700160006CBD7009D
:1038600030000200D800FF070600F9006D01067065
:10387000FA0069000400FB0006000413FB000400CA
:10388000061DFB0000000B1EFB000000061FFB00D6
:1038900009001829FB000000062AFB000C0006386E
:1038A000FB000400063EFB0000000640FB00010098
:1038B0000643FB0001000646FB006B0017B2FB004D
:1038C000100006D3FB006A01113EFD000000153F09
:1038D000FD0000001940FD000F000650FD003F00F4
:1038E0000692FD00350019CFFD00000006F0FD0036
:1038F0000B0016FCFD00000019FDFD0002000B008E
:10390000FE000F001410FE0006001517FE00000058
:103910001118FE0000001419FE0000000B20FE002C
:103920000F001430FE0000001031FE0001000F33C4
:10393000FE0001001535FE0000001136FE000000FB
:103940001537FE0000001138FE0000001539FE009A
:103950000000113AFE000000153BFE000000113C83
:10396000FE000000153DFE000000113EFE000000BC
:10397000153FFE0000001140FE0000001541FE0052
:1039800000001142FE0000001543FE00000011443B
:10399000FE0000001445FE0001001547FE00000077
:1039A0001148FE0000001449FE0003000F4DFE0008
:1039B00002001450FE0002001454FE0003001058D0
:1039C000FE0000001559FE000000115AFE00000024
:1039D000155BFE000000115CFE000000155DFE009E
:1039E0000000115EFE000000145FFE00020018627D
:1039F000FE0000001063FE0000001864FE000200DC
:103A00001468FE0000001669FE000000146AFE0043
:103A100001000670FE0004000676FE00860001FF2D
:103A2000FE0000001401FF0002001604FF00000069
:103A30001405FF0002001508FF0000001109FF0037
:103A40000000140AFF000000180BFF000000140C17
:103A5000FF000000100DFF000000140EFF00010029
:103A60000C10FF000900141AFF000100181CFF00D1
:103A70000200141FFF0001000321FF001900153B85
:103A8000FF000000143CFF000000113DFF0000009B
:103A9000173EFF0000000F3FFF0000001740FF002F
:103AA00000000341FF001900155BFF000000185CD7
:103AB000FF000000115DFF000000185EFF00000025
:103AC000155FFF0000001160FF0000001461FF009F
:103AD00000001562FF0000001163FF000000146485
:103AE000FF0001000666FF0009000570FF000000EE
:103AF0000671FF002C00059EFF00010006A0FF00DC
:103B00001E0006C2FF00050006CAFF00050006D21F
:103B1000FF00050006DAFF00020016E0FF000100CA
:103B200018E2FF00000017E3FF00000019E4FF00A7
:103B3000000016E5FF00010019E8FF00000018E989
:103B4000FF00030019EDFF00010001F9FF00020072
:103B500019FCFF000100060000010B00060D00012A
:103B60001900062800011200063C00010100063F72
:103B700000010E00065000010D00068000017A00D1
:103B80001400010102000E0701012C001937010188
:103B900008000D40010134000E7501010300197980
:103BA000010110000E8A01010100198C01010200BF
:103BB000199001010C0019A00101000019D00101A8
:103BC0002C000BFD01010000068002011C0006A074
:103BD000020130000BE0020100000EE102011A00B8
:103BE000060003011F000E2003010300062D030140
:103BF00013000D41030100000642030107000D4AB6
:103C0000030100000650030125000B7603010400A8
:103C1000068003011D00149F0301000006A003019C
:103C2000230006C80301070014D0030100000DD1D2
:103C300003010400030004014F00065004014D007D
:103C40000CA00401090003B00401230003D80401FF
:103C50002300060005012700063005013300146F1C
:103C600005010000037005010A00037C05010E0038
:103C7000038C05010600039405010100039705016B
:103C80000A0003A305010E0003B30501060003BBF0
:103C90000501010006000601360106400701150076
:103CA0000660070107000580070105000587070179
:103CB000290005B2070108000600080105000608F2
:103CC00008010000060A08012B0006370801010060
:103CD000063C08010000063F0801160014570801C1
:103CE00000000E5808010700066008011600197749
:103CF000080101000E7908010600068008011E0077
:103D00000EA70801080006E00801120006F40801E9
:103D100001000EFB080104000600090115000E1643
:103D200009010500141F09010000062009011900FE
:103D3000143F090100000680090137000EBC09018B
:103D4000010006BE090101000EC009010F000ED2DC
:103D500009012D0006000A0100000B010A01020002
:103D60000B050A0101000B0C0A01030006100A01F1
:103D7000030006150A01020006190A011C000B388F
:103D80000A0102000B3F0A0100000E400A01080070
:103D900014500A01080006600A011C000E7D0A0189
:103DA0000100147F0A01000006800A011C000E9D1C
:103DB0000A01020006C00A01070019C80A01000032
:103DC00006C90A011B000BE50A0101000EEB0A01FE
:103DD000040014F00A01060006000B013500143936
:103DE0000B01060006400B0115000E580B010700E1
:103DF00006600B0112000E780B01070006800B0114
:103E0000110014990B0103000EA90B010600060016
:103E10000C01480003800C01320003C00C01320089
:103E20000EFA0C01050006000D0123000B240D0104
:103E300003000C300D0109000E600E011E0006800B
:103E40000E0129000BAB0E01010010AD0E010000A8
:103E500006B00E0101000BFD0E01020006000F016D
:103E60001C000E1D0F01090006270F01000006307F
:103E70000F0115000B460F010A000E510F01030040
:103E800014550F01040006700F0111000B820F0181
:103E9000030014860F01030006B00F0114000EC5C5
:103EA0000F01060006E00F011600090010010000D6
:103EB0000B011001000009021001000006031001AF
:103EC00034000B3810010E001447100106000E528A
:103ED000100113000C66100109000B7010010000A6
:103EE0000671100101000B7310010100067510012D
:103EF00000000B7F10010200098210010000068300
:103F000010012C0009B0100102000BB310010300D6
:103F100009B7100101000BB91001010014BB100119
:103F2000010001BD1001000014BE100103000BC20E
:103F30001001000001CD1001000006D01001180092
:103F40000CF0100109000B00110102000603110121
:103F500023000B2711010400092C110100000B2D77
:103F6000110107000C361101090014401101030072
:103F70000644110100000945110101000647110125
:103F800000000650110122000B731101000014748F
:103F9000110101000676110100000B8011010100E2
:103FA000098211010000068311012F0009B31101DC
:103FB00002000BB61101080009BF1101010006C182
:103FC0001101030014C5110103000BC91101030005
:103FD00014CD1101000009CE110100000BCF110119
:103FE00000000CD01101090006DA1101000014DBF9
:103FF0001101000006DC1101000014DD11010200B6
:104000000EE1110113000600120111000613120146
:104010001800092C120102000B2F120102000932B4
:10402000120101000B3412010000093512010000D9
:104030000B36120101001438120105000B3E12016B
:104040000000063F120101000B4112010000068032
:1040500012010600068812010000068A1201030000
:10406000068F12010E00069F1201090014A9120109
:10407000000006B012012E000BDF1201000009E063
:10408000120102000BE3120107000CF012010900FB
:104090000B001301010009021301010006051301C1
:1040A0000700060F13010100061313011500062A6D
:1040B0001301060006321301010006351301040046
:1040C0000B3B13010100063D13010000093E1301E3
:1040D00001000B40130100000941130103000947CF
:1040E00013010100094B13010200065013010000E7
:1040F000095713010000065D130104000962130152
:1041000001000B66130106000B701301040006008A
:10411000140134000935140102000B3814010700A2
:104120000940140101000B42140102000945140169
:1041300000000B4614010000064714010300144B55
:10414000140104000C5014010900145A1401010058
:10415000145D140100000B5E14010000065F1401E1
:104160000200068014012F0009B0140102000BB3F5
:104170001401050009B9140100000BBA1401000074
:1041800009BB140103000BBF1401010009C1140194
:1041900000000BC21401010006C41401010014C682
:1041A0001401000006C7140100000CD0140109001E
:1041B000068015012E0009AF150102000BB2150192
:1041C000030009B8150103000BBC1501010009BE6D
:1041D000150100000BBF1501010014C115011600E7
:1041E00006D8150103000BDC1501010006001601BD
:1041F0002F000930160102000B3316010700093B9E
:10420000160101000B3D16010000093E16010000D9
:104210000B3F16010100144116010200064416016D
:1042200000000C5016010900146016010C000680F5
:1042300016012A000BAB1601000009AC16010000A4
:104240000BAD1601000009AE160101000BB01601FE
:10425000050009B6160100000BB71601000006B8EC
:104260001601000014B9160100000CC01601090067
:10427000060017011A000B1D170102000920170183
:1042800001000B22170103000926170100000B276C
:10429000170104000C30170109000E3A1701010044
:1042A000143C17010200193F1701000006401701D6
:1042B0000600060018012B00092C180102000B2F24
:1042C000180108000938180100000B391801010015
:1042D000143B1801000003A018013F000CE0180176
:1042E00009000EEA1801080006FF18010700060978
:1042F00019010000060C190107000615190101003B
:1043000006181901170009301901050009371901AC
:1043100001000B3B19010100093D190100000B3E92
:1043200019010000063F19010000094019010000B1
:104330000641190100000942190100000B4319014F
:1043400000001444190102000C501901090006A0D4
:104350001901070006AA1901260009D11901020056
:104360000BD4190103000BDA1901010009DC190152
:1043700003000BE01901000006E11901000014E23E
:104380001901000006E31901000009E41901000009
:1043900006001A0100000B011A010900060B1A01A0
:1043A00027000B331A01050009391A010000063AEB
:1043B0001A0100000B3B1A010300143F1A01070009
:1043C0000B471A01000006501A0100000B511A0198
:1043D000050009571A0101000B591A010200065C79
:1043E0001A012D000B8A1A010C0009971A0100000E
:1043F0000B981A010100149A1A010200069D1A0175
:104400000000149E1A01040006B01A0148001400AE
:104410001B01090006001C010800060A1C012400FB
:10442000092F1C0100000B301C0106000B381C0179
:104430000500093E1C0100000B3F1C010000064066
:104440001C01000014411C0104000C501C01090057
:104450000E5A1C01120014701C01010006721C018E
:104460001D000B921C01150009A91C0100000BAADC
:104470001C01060009B11C0100000BB21C01010067
:1044800009B41C0100000BB51C01010006001D0150
:10449000060006081D010100060B1D0125000B3159
:1044A0001D0105000B3A1D0100000B3C1D01010020
:1044B0000B3F1D01060006461D0100000B471D01B4
:1044C00000000C501D01090006601D010500066773
:1044D0001D010100066A1D011F00098A1D0104005B
:1044E0000B901D01010009931D0101000B951D0199
:1044F000000009961D0100000B971D0100000698A1
:104500001D0100000CA01D01090006E01E011200A3
:104510000BF31E01010009F51E01010014F71E0135
:1045200001000B001F01010006021F01000009032A
:104530001F01000006041F010C0006121F012100CC
:1045400009341F0101000B361F010400093E1F0141
:1045500001000B401F01000009411F0100000B4238
:104560001F01000014431F010C000C501F01090023
:1045700006B01F0100000EC01F01140019D51F0155
:10458000070016DD1F01030019E11F01100014FFD1
:104590001F0100000600200199030D0024016E0098
:1045A00014702401040006802401C30006902F012A
:1045B000600014F12F010100060030012F040130CA
:1045C00034010F000B4034010000064134010500A6
:1045D0000B4734010E000600440146020600680144
:1045E000380206406A011E000C606A010900146E60
:1045F0006A01010006706A014E000CC06A010900E0
:1046000006D06A011D000BF06A01040014F56A016E
:10461000000006006B012F000B306B010600143701
:104620006B010400193C6B01030005406B010300A2
:1046300014446B01000019456B0100000C506B0124
:1046400009000E5B6B01060006636B011400067D1A
:104650006B01120003406E013F000E806E011600D8
:1046600014976E01030006006F014A000B4F6F01A3
:10467000000006506F01000009516F0136000B8FDA
:104680006F01030005936F010C0005E06F0101004D
:1046900014E26F01000005E36F0100000BE46F01FD
:1046A000000009F06F01010006007001F717060015
:1046B0008801D50406008D01080005F0AF01030054
:1046C00005F5AF01060005FDAF0101000600B001D0
:1046D00022010632B10100000650B1010200065568
:1046E000B10100000664B10103000670B1018B0145
:1046F0000600BC016A000670BC010C000680BC010B
:1047000008000690BC010900199CBC0100000B9D2B
:10471000BC010100149FBC01000001A0BC0103000A
:104720000B00CF012D000B30CF0116001950CF0127
:1047300073001900D001F5001900D10126001929D4
:10474000D1013B000965D10101000B67D1010200D5
:10475000196AD1010200096DD10105000173D1016F
:1047600007000B7BD10107001983D10101000B85E4
:10477000D1010600198CD1011D000BAAD101030043
:1047800019AED1013C001900D20141000B42D20107
:1047900002001945D20100000EC0D20113000EE044
:1047A000D20113001900D30156000E60D301180086
:1047B0000800D4011900041AD40119000834D401E6
:1047C0001900044ED40106000456D40111000868F3
:1047D000D40119000482D4011900089CD4010000FE
:1047E000089ED401010008A2D401000008A5D4014C
:1047F000010008A9D401030008AED401070004B6E3
:10480000D401030004BBD401000004BDD4010600A0
:1048100004C5D4010A0008D0D401190004EAD40167
:1048200019000804D50101000807D5010300080D8F
:10483000D50107000816D5010600041ED501190090
:104840000838D5010100083BD50103000840D50117
:1048500004000846D5010000084AD50106000452AC
:10486000D5011900086CD50119000486D50119007D
:1048700008A0D501190004BAD501190008D4D50142
:10488000190004EED50119000808D6011900042208
:10489000D6011900083CD60119000456D6011900AA
:1048A0000870D6011900048AD6011B0008A8D60199
:1048B000180018C1D601000004C2D601180018DB88
:1048C000D601000004DCD601050008E2D60118007C
:1048D00018FBD601000004FCD60118001815D701FA
:1048E00000000416D7010500081CD7011800183570
:1048F000D70100000436D7011800184FD701000077
:104900000450D70105000856D7011800186FD701C9
:1049100000000470D70118001889D7010000048A2C
:10492000D70105000890D701180018A9D701000089
:1049300004AAD701180018C3D701000004C4D70186
:10494000050008CAD701000004CBD70100000CCE37
:10495000D70131001900D801FF010B00DA01360040
:104960001937DA0103000B3BDA013100196DDA0166
:1049700007000B75DA0100001976DA010D000B84CF
:10498000DA0100001985DA0101001487DA01040058
:104990000B9BDA0104000BA1DA010E000400DF0119
:1049A0000900060ADF010000040BDF0113000425E3
:1049B000DF0105000B00E00106000B08E00110001C
:1049C0000B1BE00106000B23E00101000B26E001B8
:1049D00004000530E0013D000B8FE00100000600FF
:1049E000E1012C000B30E10106000537E101060072
:1049F0000C40E1010900064EE1010000194FE10100
:104A000000000690E2011D000BAEE201000006C0AE
:104A1000E2012B000BECE20103000CF0E2010900C3
:104A200016FFE201000006D0E4011A0005EBE401E4
:104A300000000BECE40103000CF0E401090006E0C7
:104A4000E701060006E8E701030006EDE7010100C3
:104A500006F0E7010E000600E801C4000EC7E801F9
:104A600008000BD0E80106000300E90143000B44F5
:104A7000E9010600054BE90100000C50E9010900BD
:104A8000145EE90101000E71EC013A0019ACEC0171
:104A900000000EADEC01020016B0EC0100000EB1FA
:104AA000EC0103000E01ED012C00192EED010000B8
:104AB0000E2FED010E000600EE0103000605EE01CB
:104AC0001A000621EE0101000624EE01000006276F
:104AD000EE0100000629EE0109000634EE01030094
:104AE0000639EE010000063BEE0100000642EE0131
:104AF00000000647EE0100000649EE010000064BEB
:104B0000EE010000064DEE0102000651EE0101002B
:104B10000654EE0100000657EE0100000659EE01B2
:104B20000000065BEE010000065DEE010000065F7E
:104B3000EE0100000661EE0101000664EE010000D6
:104B40000667EE010300066CEE0106000674EE0136
:104B500003000679EE010300067EEE0100000680E8
:104B6000EE010900068BEE01100006A1EE01020025
:104B700006A5EE01040006ABEE01100018F0EE01F0
:104B800001001900F0012B001930F001630019A099
:104B9000F0010E0019B1F0010E0019C1F0010E0074
:104BA00019D1F00124000E00F1010C00190DF101E2
:104BB000A00019E6F1011C001910F2012B001940A8
:104BC000F20108001950F20101001960F20105001C
:104BD0001900F301FA0017FBF30104001900F401B6
:104BE000D70219DCF601100019F0F6010C001900CB
:104BF000F7017600197BF7015E0019E0F7010B0061
:104C000019F0F70100001900F8010B001910F80164
:104C100037001950F80109001960F80127001990B0
:104C2000F8011D0019B0F80101001900F901530144
:104C30001960FA010D001970FA010C001980FA01CF
:104C400008001990FA012D0019BFFA01060019CECB
:104C5000FA010D0019E0FA01080019F0FA01080044
:104C60001900FB0192001994FB0136000CF0FB01C6
:104C7000090006000002DFA60600A7023910064060
:104C8000B702DD000620B802811606B0CE02301D44
:104C90000600F8021D02060000034A130650130323
:104CA0005F100101000E00000120000E5F000B00EC
:104CB000010EEF00303030303030303030303030B6
:104CC00030303030202020202020202020202020A4
:104CD00020202020F8B500BFF8BC08BC9E467047D5
:104CE000F8B500BFF8BC08BC9E4670470000000045
:104CF0005FF800F0516100205FF800F0416F002084
:104D00005FF800F07D6D00205FF800F01571002065
:104D10005FF800F0196200205FF800F0F5700020E5
:104D20005FF800F0ED5800205FF800F04D590020CA
:104D30005FF800F0F16000205FF800F05D570020A0
:104D40005FF800F0697500205FF800F06D620020E8
:104D50005FF800F09D7100205FF800F0E97100201D
:104D60005FF800F0016F00205FF800F06558002048
:104D70005FF800F0597200205FF800F0A52D0020C8
:104D80005FF800F0292E00205FF800F05542002067
:104D90005FF800F0152D00205FF800F0316D002065
:104DA0005FF800F06B5700205FF800F031710020D1
:104DB0005FF800F0C56100205FF800F0AD2E002024
:104DC0005FF800F0295E00205FF800F025700020F9
:104DD0005FF800F0198100205FF800F0452E0020F8
:104DE0005FF800F0592D00205FF800F06F420020BE
:104DF0005FF800F0D56200205FF800F051780020E5
:104E00005FF800F0095E00205FF800F07D8100206F
:104E10005FF800F0E56400205FF800F0E96B002027
:104E20005FF800F0595700205FF800F0B5610020EE
:104E30005FF800F0052C00205FF800F00D680020FE
:104E40005FF800F0195800205FF800F06947002073
:104E50005FF800F06B5700205FF800F099610020C8
:104E60005FF800F0677300205FF800F0812D0020EC
:104E70005FF800F0755E00205FF800F02D2E002036
:104E80005FF800F0412D00205FF800F00165002080
:104E90005FF800F0D57400205FF800F0974600201E
:104EA0005FF800F09D7200205FF800F06557002069
:104EB0005FF800F0F16D00205FF800F0852E002013
:104EC0005FF800F0692C00205FF800F0716E0020A0
:104ED0005FF800F095700020B7730512A4730512F7
:104EE00089590212BFAC0512A7AC0512F5060312D0
:104EF000E2AC0512CDAC051285030312B1AD05126B
:104F00009EAD05120D0C03127EAE051271AE051298
:104F10007119031285B105126AB10512BD4303125E
:104F20009FB1051296B105128D4C031257B70512A9
:104F300047B70512495D03127DB7051268B7051220
:104F4000595C0312A1B7051295B70512C951031296
:104F50002DB9051216B9051289620312A6B90512F8
:104F600098B905129B660312DDB90512C2B9051284
:104F700045670312FEB90512F1B905123167031234
:104F80001EBA05120BBA05121569031243BA0512AF
:104F90002DBA0512BD67031224BD051206BD051208
:104FA000298503120FBF0512FABE0512B1A1031223
:104FB0002EBF05121DBF051239AC03123EBF0512EC
:104FC00033BF051299A703125EBF051242BF051237
:104FD00091A8031279BF051261BF051261AA0312DD
:104FE000A0BF051292BF051219B10312B6BF051278
:104FF000A3BF0512F5B00312EEBF0512CDBF051217
:1050000005B5031204C00512F1BF0512C9B10312A0
:105010001FC1051205C105128DBF03123AC1051249
:1050200024C1051231C0031262C105124CC1051220
:1050300031C0031283C105126EC10512B9C003123B
:10504000A9C1051294C10512B9C00312CFC105123E
:10505000B4C1051245C10312FDC10512E2C105121A
:1050600045C1031227C205120AC20512D5C1031297
:1050700058C205123BC20512D5C103127EC20512E9
:1050800066C2051279C20312A9C2051291C20512A5
:1050900079C20312CBC20512B6C2051229C303128C
:1050A000F1C20512DCC2051229C3031211C3051295
:1050B000FCC205129DC3031237C3051222C3051299
:1050C0009DC303125BC3051242C305123DC4031204
:1050D00083C305126AC305123DC4031298C30512A7
:1050E0008CC30512E1C40312B6C30512AAC305128C
:1050F000E1C40312E7C30512C2C3051245BF031280
:105100001AC40512F5C3051245BF031232C40512B5
:1051100022C40512F1BE0312A8C4051290C40512E0
:10512000A9C70312D6C40512B3C405121DC80312C1
:10513000F5C40512E4C4051299C703121BC5051274
:10514000F9C405128DC703124BC5051226C50512F9
:10515000A7CD031271C5051256C5051201CC031265
:1051600098C505127CC505129DCD0312B5C5051263
:10517000A1C50512EDCE0312CAC50512C0C50512A0
:10518000A9CE0312EFC50512D3C5051245CD0312F2
:105190001AC60512FDC50512F9CC03123BC605124D
:1051A00025C605127DCE031278C6051247C6051224
:1051B0001DCC0312A6C6051282C6051249CE0312E3
:1051C000CBC60512AFC60512D9CD0312E8C605122B
:1051D000D4C6051211CE031209C70512F2C6051274
:1051E00035CC031227C7051212C70512B1CD031221
:1051F00052C7051230C7051205CC031217D8051285
:10520000F9D70512B95104123BD805121FD805125F
:105210006D5204125AD8051244D80512655304126F
:1052200098D805128BD80512C9550412D9D8051281
:10523000A2D80512195904120DD90512E9D8051280
:10524000855804123BD9051216D905120D580412BF
:1052500058D9051244D90512F5580412FFC0051299
:10526000E6C0051209000000A0BE0020CF6A0312AC
:10527000D36A0312B1210312552D031275330312A1
:1052800031340312692F0020793A03123563031277
:10529000D76A031275A20312D12103122937031210
:1052A000413A0312093D0312015803122156031219
:1052B00081F40312094E0412413B031225620312CA
:1052C000AD02031259B90312DB6A03120000000099
:1052D0006C33FC7FB0B0B080C833FC7F01000000AD
:1052E0001453061200870020500E00000402021220
:1052F000002C0020F0560000D052061200FC0720BF
:0453000000000000A9
:10530400509500202C360000F08200201000000090
:105314000100010001000000006CDC02FF3C3A3C8B
:105324003C3A3B3B3B3E3A3A3A39383938383737DE
:105334003736363535343433333332323231323230
:105344003030302F30302F2F2F2F2F2F2F2F303062
:105354003030303030303131313232323333343432
:105364003535363737383839393A3A3A0200000099
:10537400FFFF00000000000000000000FFFF00002D
:105384000000000000000000FFFF0000000000001B
:1053940000000000FFFF000000000000000000000B
:1053A400FFFF00000000000000000000FFFF0000FD
:1053B4000000000000000000FFFF000000000000EB
:1053C40000000000FFFF00000000000000000000DB
:1053D400FFFF00000000000000000000FFFF0000CD
:1053E4000000000000000000FFFF000000000000BB
:1053F40000000000FFFF00000000000000000000AB
:10540400FFFF00000000000000000000FFFF00009C
:105414000000000000000000FFFF0000000000008A
:1054240000000000FFFF000000000000000000007A
:10543400FFFF00000000000000000000FFFF00006C
:105444000000000000000000FFFF0000000000005A
:1054540000000000FFFF000000000000000000004A
:10546400FFFF00000000000000000000FFFF00003C
:105474000000000000000000FFFF0000000000002A
:1054840000000000FFFF000000000000000000001A
:10549400FFFF00000000000000000000FFFF00000C
:1054A4000000000000000000FFFF000000000000FA
:1054B40000000000FFFF00000000000000000000EA
:1054C400FFFF00000000000000000000FFFF0000DC
:1054D4000000000000000000FFFF000000000000CA
:1054E40000000000FFFF00000000000000000000BA
:1054F4008010085000000000380000000500000083
:1055040005440512004008503B0000000000000064
:105514000000000000000000000000000000000087
:105524000000000000000000000000000000000077
:105534000000000000000000000000000000000067
:105544000000000000000000000000000000000057
:105554000000000000000000000000000000000047
:105564000000000000000000000000000000000037
:105574000000000000000000000000000000000027
:1055840000000000000000000000000000100C50AB
:105594000000000000000000000000000000000007
:1055A40000000000000000000000000000000000F7
:1055B40000000000000000000000000000000000E7
:1055C4002E000000834405120000000000000000CB
:1055D40000000000000000000000000000000000C7
:1055E40000000000000000000000000000000000B7
:1055F40000000000000000000000000000000000A7
:105604000000000000000000000000000000000096
:105614000000000000000000000000000000000086
:105624000000000000000000000000000000000076
:105634000000000000000000000000000000000066
:1056440000200950000000000000000000000000DD
:105654000000000000000000000000000000000046
:105664000000000000000000000000000000000036
:105674000000000000000000000000000000000026
:1056840000000000480100008A440512412303126F
:105694000000000000000000000000000000000006
:1056A40000000000000000000000000000000000F6
:1056B40000000000000000000000000000000000E6
:1056C40000000000000000000000000000000000D6
:1056D40000000000000000000000000000000000C6
:1056E400000000000000095000000000000000005D
:1056F40000000000000000000000000000000000A6
:105704000000000000000000000000000000000095
:105714000000000000000000000100000000000084
:1057240000000000000000000000000052450512C7
:105734000000000000000000000000000000000065
:105744000000000000000000000000000000000055
:105754000000000000000000000000000000000045
:105764000000000000000000000000000000000035
:105774000000000000000000000000000000000025
:105784000000000000000000000000000000000015
:10579400000000000000000000000B5000000000AA
:1057A40000000000000000000000000000000000F5
:1057B40000000000000000000000000000000000E5
:1057C40000000000000000000000000000010000D4
:1057D40000000000000000000000000000000000C5
:1057E4005745051200000000000000000000000002
:1057F400000000000000000030100850000000000D
:10580400340000001C0000000508000000366E0192
:1058140000500950764605123C01000000000000CB
:10582400000000000000000088130000801A060039
:105834000000000088130000801A06000000000029
:1058440088130000801A0600FD46051200C00950A6
:105854003D010000000000000000000002470512A6
:1058640000D009504C0100000000000000000000BE
:105874000747051200F009504E0200000000000026
:1058840000000000010000000080854400804D44B9
:1058940001010F00000020000000000000000000D3
:1058A40000000000000000000000200000000000D4
:1058B40000000000000000000000000000002000C4
:1058C40000000000000000000000000000000000D4
:1058D40000002000000000000000000000000000A4
:1058E4000000000000002000000000000000000094
:1058F4000000000000000000000020000000000084
:105904000000000000000000000000000000200073
:105914000000000000000000000000000000000083
:105924000000200000000000000000000000000053
:105934000000000000002000000000000000000043
:105944000000000000000000000020000000000033
:105954000000000000000000000000000000200023
:105964000000000000000000000000000000000033
:105974000000200000000000000000000000000003
:1059840000000000000020000000000000000000F3
:1059940000000000000000000000200000000000E3
:1059A40000000000000000000000000000002000D3
:1059B40000000000000000000000000000000000E3
:1059C40000002000000000000000000000000000B3
:1059D40000000000000020000000000000000000A3
:1059E4000000000000000000000020000000000093
:1059F4000000000000000000000000000000200083
:105A04000000000000000000000000000000000092
:105A14000000200000000000000000000000000062
:105A2400000000000A0AC9DEE0E2E4E6E8EAECEF7E
:105A3400F2F5F6F8FAFCFEDCDEE0E2E4E6E8EAEC95
:105A4400EFF2F5F6F8FAFCFE30000000000000006A
:105A5400D10700002C000000000000002A0700000D
:105A6400FF00000001000000588E0020588E002026
:105A74008400000002000000688E0020688E002070
:105A84002000000003000000788E0020788E0020A3
:105A94002400000004000000888E0020888E00206E
:105AA4002000000005000000988E0020988E002041
:105AB4003000000006000000A88E0020A88E002000
:105AC4003400000008000000B88E0020B88E0020CA
:105AD4003800000009000000C88E0020C88E002095
:105AE400500000000A000000D88E0020D88E00204C
:105AF40030000000012F0000000000000000000042
:105B04000000000000000000000000000000000091
:105B14000000000000000000000000000000000081
:105B24000000000000000000000000000000000071
:105B34000000000000000000000000000000000061
:105B44000000000000000000000000000000000051
:105B54000000000000000000000000000000000041
:105B64000000000000000000000000000000000031
:105B74000000000000000000000000000000000021
:105B84000000000000000000000000000000000011
:105B94000000000000000000000000000000000001
:105BA40000000000000000000000000000000000F1
:105BB40000000000000000000000000000000000E1
:105BC40000000000000000000000000000000000D1
:105BD40000000000000000000000000000000000C1
:105BE40000000000000000000000000000000000B1
:105BF40000000000000000000100000000000000A0
:105C04000000000002440512000000009F0004127E
:105C14000000000000000000000000004D6C0512B0
:105C2400000000009F0004120000000000000000BB
:105C340000000000D26C051224D5051200000000FB
:105C4400000000000000000000000000DB6C0512F2
:105C5400D8D205120000000000000000000000007F
:105C640000000000E06C0512F0D3051200000000F3
:105C7400000000000000000000000000E46C0512B9
:105C84007CD40512000000000000000000000000A9
:105C940000000000EB6C051264D305127542041277
:105CA400000000000000000000000000F36C05127A
:105CB40098D405120000000000000000000000005D
:105CC40000000000C46C0512000000000000000089
:105CD400000000000000000000000000FB6C051242
:105CE40000000000000000000000000000000000B0
:105CF40000000000086D0512000000004943041272
:105D0400000000000000000000000000156D0512F6
:105D14000000000019430412CAC80020000000005B
:105D240000000000256D051200000000E542041289
:105D3400C8C800200000000000000000326D0512F9
:105D440000000000AD420412DAC800200000000088
:105D540000000000486D0512000000004D420412CE
:105D6400F4C800200000000000000000556D05127A
:105D7400000000000000000000000000000000001F
:105D840000000000D26C051224D5051200000000AA
:105D9400000000000000000000000000DB6C0512A1
:105DA400D8D205120000000000000000000000002E
:105DB40000000000E06C0512F0D3051200000000A2
:105DC4000000000000000000000000007F6D0512CC
:105DD40000000000000000000000000000000000BF
:105DE40000000000886D05120000000000000000A3
:105DF400000000000000000000000000926D051289
:105E0400000000000000000000000000000000008E
:105E1400000000009C6D051200000000000000005E
:105E240000000000C8C80020214204127943041273
:105E34002F42041200000000030000000CCA0020DE
:105E44009CDD05129CDD05124300000000000000EB
:105E5400000000000000000000000000000000003E
:105E640000000000000000004300000000000000EB
:105E7400000000000000000000000000000000001E
:105E840000000000000000004300000000000000CB
:105E940000000000000000000000000000000000FE
:105EA40000000000000000004300000000000000AB
:105EB40000000000000000000000000000000000DE
:105EC400000000000000000043000000000000008B
:105ED40000000000000000000000000000000000BE
:105EE400000000000000000043000000000000006B
:105EF400000000000000000000000000000000009E
:105F0400000000000000000043000000000000004A
:105F1400000000000000000000000000000000007D
:105F24000000000000000000E9AC0412BDAC041243
:105F34000000000064DC051200DE051278DF0512A3
:105F440078DF051278DF051278DF051278DF051295
:105F540078DF051278DF051278DF051278DF051285
:105F6400FFFFFFFFFFFFFFFFFFFFFFFFFFFF00003B
:105F740001004153434949000000000000000000B3
:105F8400000000000000000000000000000000000D
:105F94000000415343494900000000000000000094
:105FA40000000000000000000000000000000000ED
:105FB40000000000A8930020000000000CCA00208C
:105FC40074CA0020DCCA00200000000000000000A9
:105FD40000000000000000000000000000000000BD
:105FE40000000000000000000000000000000000AD
:105FF400000000000000000000000000000000009D
:10600400000000000000000000000000000000008C
:10601400000000000000000000000000000000007C
:10602400000000000000000000000000000000006C
:10603400000000000000000000000000000000005C
:10604400000000000000000000000000000000004C
:1060540001000000000000000E33CDAB34126DE6E9
:10606400ECDE05000B000000000000000000000052
:10607400000000000000000000000000000000001C
:10608400000000000000000000000000000000000C
:1060940000000000000000000000000000000000FC
:1060A40000000000000000000000000000000000EC
:1060B40000000000000000000000000000000000DC
:1060C40000000000000000000000000000000000CC
:1060D40000000000000000000000000000000000BC
:1060E40000000000000000000000000000000000AC
:1060F400000000000000000078CB00200000000039
:1061040001000000000000004A0000000000000040
:10611400000000000000000000000000000000007B
:10612400000000000000000000000000000000006B
:106134004A00000000000000000000000000000011
:10614400000000000000000000000000000000004B
:106154000000000000000000655902123D590212BF
:0400000512036B9BDC
:00000001FF
